,NCESDist,year,School District Type,Total!!Population 16 years and over,Employment/Population Ratio!!Population 16 years and over,Unemployment rate!!Population 16 years and over,Total!!Population 20 to 64 years,Employment/Population Ratio!!Population 20 to 64 years,Unemployment rate!!Population 20 to 64 years
0,604740,2018,Unified,109560.0,58.1,3.9,79537.0,69.6,3.6
1,634710,2018,Unified,63248.0,62.3,3.8,49083.0,75.9,3.3
2,604290,2018,Unified,50539.0,56.1,3.4,34450.0,74.2,3.6
3,610620,2018,Unified,71904.0,50.2,5.8,52289.0,61.1,4.7
4,611110,2018,Unified,166990.0,46.8,10.7,104703.0,67.2,10.4
5,634620,2018,Unified,284791.0,59.7,5.3,206526.0,74.7,4.9
6,634680,2018,Unified,61382.0,66.1,3.0,47952.0,79.0,2.8
7,607500,2018,Unified,,,,,,
8,613920,2018,Unified,146479.0,62.8,5.9,119270.0,72.5,4.8
9,623080,2018,Unified,66172.0,53.2,4.3,45286.0,69.4,3.7
10,624500,2018,Unified,63392.0,61.6,3.6,51171.0,71.7,3.6
11,625470,2018,Unified,132736.0,59.9,6.0,100330.0,73.2,5.7
12,604440,2018,Unified,63419.0,64.8,7.6,51956.0,75.6,7.3
13,627690,2018,Unified,100148.0,59.9,4.3,73945.0,75.1,3.9
14,630660,2018,Unified,129581.0,63.3,3.8,95286.0,78.0,3.5
15,631320,2018,Unified,132176.0,59.2,6.1,100595.0,72.1,5.0
16,633840,2018,Unified,272427.0,58.3,7.0,204546.0,72.9,6.4
17,614400,2018,Unified,190200.0,65.3,3.3,150561.0,77.5,2.8
18,643470,2018,Unified,55889.0,53.8,9.2,40732.0,66.3,9.4
19,636840,2018,Unified,105635.0,64.1,4.0,77267.0,78.9,3.5
20,600028,2018,Unified,124395.0,58.6,4.6,97665.0,70.5,4.0
21,615180,2018,Unified,,,,,,
22,626910,2018,Unified,67612.0,65.9,2.6,52633.0,78.9,2.4
23,627240,2018,Unified,164771.0,65.1,3.1,122875.0,78.7,2.4
24,639420,2018,Unified,118365.0,61.3,3.1,86119.0,77.5,3.1
25,601414,2018,Unified,75486.0,61.9,5.2,54225.0,76.6,4.6
26,602430,2018,Unified,91610.0,64.0,4.0,74470.0,74.2,3.6
27,600020,2018,Unified,64058.0,65.6,2.8,47245.0,79.9,2.3
28,609030,2018,Unified,168706.0,61.1,5.1,126100.0,74.8,4.9
29,623160,2018,Unified,50502.0,57.5,7.2,41034.0,66.1,6.4
30,635430,2018,Unified,144845.0,66.9,4.3,114579.0,78.6,4.3
31,600027,2018,Unified,101381.0,58.7,6.1,75681.0,72.9,5.8
32,600036,2018,Unified,66986.0,67.8,5.6,56659.0,77.7,5.4
33,634590,2018,Unified,229612.0,65.6,4.2,178013.0,79.0,3.6
34,600014,2018,Unified,77198.0,51.6,8.5,58684.0,64.6,6.8
35,615240,2018,Unified,189197.0,57.3,6.0,140891.0,72.2,5.1
36,600013,2018,Unified,51542.0,59.9,5.6,38279.0,73.4,5.0
37,601770,2018,Unified,63939.0,66.7,2.9,47499.0,82.6,2.9
38,602850,2018,Unified,87452.0,59.4,6.8,65814.0,70.8,6.9
39,606450,2018,Unified,87301.0,60.4,3.5,67592.0,73.0,3.7
40,635700,2018,Unified,92599.0,63.9,4.7,67507.0,78.0,5.0
41,608460,2018,Unified,156659.0,59.5,4.1,126588.0,70.2,3.8
42,619260,2018,Unified,85953.0,56.2,9.9,65723.0,68.1,7.5
43,633860,2018,Unified,188568.0,62.5,4.0,130056.0,81.2,3.8
44,614880,2018,Unified,226392.0,61.1,4.2,173119.0,74.7,4.0
45,616325,2018,Unified,96372.0,61.5,5.1,71112.0,76.6,4.9
46,607970,2018,Unified,65222.0,60.1,9.8,50116.0,72.0,9.7
47,640590,2018,Unified,66026.0,61.4,2.4,48455.0,74.3,2.5
48,600153,2018,Unified,100944.0,58.9,4.3,73196.0,77.0,4.3
49,609620,2018,Unified,116063.0,52.6,7.8,91468.0,63.1,7.3
50,616920,2018,Unified,111506.0,48.3,7.0,73732.0,65.8,6.9
51,634170,2018,Unified,200460.0,54.2,9.1,159582.0,64.2,8.6
52,634800,2018,Unified,84998.0,46.9,7.0,54576.0,63.4,3.7
53,613890,2018,Unified,103618.0,57.8,4.3,79400.0,69.7,4.1
54,628650,2018,Unified,184296.0,62.1,3.8,140898.0,74.5,3.1
55,634320,2018,Unified,923766.0,62.2,5.0,726308.0,74.1,4.7
56,637530,2018,Unified,,,,,,
57,623610,2018,Unified,113642.0,53.4,6.2,86106.0,65.3,5.7
58,625800,2018,Unified,134418.0,58.3,8.4,107574.0,68.7,8.0
59,612330,2018,Unified,259856.0,58.3,5.8,197971.0,71.6,5.3
60,614550,2018,Unified,291392.0,52.3,9.7,221989.0,63.2,8.7
61,628250,2018,Unified,110503.0,60.2,6.6,84480.0,71.5,5.9
62,631530,2018,Unified,159226.0,60.5,4.3,119595.0,74.4,3.9
63,641160,2018,Unified,111243.0,56.3,6.8,82582.0,70.1,6.3
64,600029,2018,Unified,86160.0,63.5,5.2,66028.0,77.2,4.5
65,601332,2018,Unified,134818.0,56.9,5.1,105042.0,67.2,4.7
66,603690,2018,Unified,61264.0,60.9,7.0,47919.0,73.3,6.4
67,607440,2018,Unified,292100.0,62.6,3.4,210036.0,77.6,3.0
68,621000,2018,Unified,54167.0,57.0,2.6,37755.0,68.9,2.8
69,626640,2018,Unified,96837.0,61.8,6.0,68794.0,78.0,5.5
70,640740,2018,Unified,103200.0,60.0,7.7,76606.0,74.6,6.5
71,632370,2018,Unified,96628.0,55.7,10.9,74008.0,67.7,10.2
72,635310,2018,Unified,204650.0,65.2,4.7,166525.0,75.5,4.6
73,608370,2018,Unified,95973.0,62.0,6.7,68646.0,77.0,5.7
74,618390,2018,Unified,87998.0,64.6,6.5,68602.0,76.4,5.7
75,691135,2018,Unified,,,,,,
76,600016,2018,Unified,60060.0,63.1,3.6,45026.0,76.7,3.4
77,603600,2018,Unified,56620.0,61.6,4.2,44974.0,71.9,3.6
78,622710,2018,Unified,3877095.0,62.6,6.0,3033591.0,74.3,5.7
79,626370,2018,Unified,226568.0,64.5,4.5,169750.0,78.5,4.6
80,632070,2018,Unified,106110.0,60.1,5.8,78670.0,73.4,5.4
81,600017,2018,Unified,62742.0,46.9,8.8,44667.0,60.7,8.4
82,601620,2018,Unified,91963.0,55.0,6.5,64965.0,71.4,6.3
83,609070,2018,Unified,66283.0,56.6,14.8,49802.0,71.9,14.4
84,609640,2018,Unified,109794.0,61.0,3.5,78929.0,76.0,2.9
85,609850,2018,Unified,218108.0,61.9,3.2,171166.0,74.1,2.9
86,611460,2018,Unified,95139.0,63.1,4.8,73035.0,76.9,4.0
87,623340,2018,Unified,64764.0,55.8,13.5,49160.0,67.0,13.1
88,625530,2018,Unified,76673.0,60.6,4.6,57714.0,72.1,4.5
89,634410,2018,Unified,776750.0,69.1,3.7,610916.0,82.4,3.3
90,641190,2018,Unified,127715.0,63.4,3.9,98075.0,76.6,3.3
91,600158,2018,Unified,57391.0,56.4,8.8,41930.0,70.9,8.1
92,629550,2018,Unified,149537.0,48.4,6.4,99166.0,65.1,5.9
93,634880,2018,Unified,105597.0,63.4,3.5,77559.0,76.4,3.2
94,640980,2018,Unified,101485.0,60.6,2.3,72947.0,75.4,2.4
95,684500,2018,Unified,202295.0,59.0,4.1,157006.0,69.7,3.5
96,600047,2018,Unified,64166.0,66.6,2.9,49764.0,78.4,2.5
97,635130,2018,Unified,115651.0,62.8,3.5,84122.0,77.7,3.7
98,640150,2018,Unified,108282.0,66.5,4.8,83813.0,78.4,4.4
99,609390,2018,Unified,87167.0,58.3,7.4,65149.0,72.7,6.5
100,616740,2018,Unified,145307.0,61.1,4.3,112847.0,73.6,4.1
101,622110,2018,Unified,79290.0,67.3,4.2,61515.0,78.8,4.1
102,629850,2018,Unified,59163.0,63.6,7.0,48197.0,74.3,5.5
103,613360,2018,Unified,111862.0,63.3,3.7,85113.0,75.1,3.5
104,625860,2018,Unified,55846.0,39.4,9.9,38683.0,49.4,11.2
105,627720,2018,Unified,52713.0,63.1,2.4,35795.0,79.8,2.6
106,628050,2018,Unified,355658.0,66.3,5.3,280797.0,78.4,5.1
107,629490,2018,Unified,88470.0,59.5,10.6,65635.0,71.4,10.1
108,629610,2018,Unified,72010.0,56.4,3.9,49874.0,71.5,3.6
109,633750,2018,Unified,92520.0,61.1,5.5,68136.0,76.0,5.7
110,600032,2018,Unified,,,,,,
111,610050,2018,Unified,62056.0,62.1,4.8,46466.0,76.6,4.4
112,622500,2018,Unified,420140.0,63.5,5.0,336450.0,74.7,4.5
113,629940,2018,Unified,167020.0,62.3,3.3,124157.0,76.1,3.3
114,632550,2018,Unified,207033.0,65.7,4.8,159587.0,77.9,4.2
115,622230,2018,Unified,135023.0,54.9,7.2,98005.0,69.9,6.6
116,625830,2018,Unified,52738.0,63.8,3.4,39327.0,78.1,3.5
117,633150,2018,Unified,215142.0,59.4,5.5,163204.0,72.9,4.6
118,638010,2018,Unified,151285.0,55.8,7.3,117028.0,67.6,7.4
119,643080,2018,Unified,53395.0,60.7,4.7,38741.0,77.1,4.1
120,620880,2018,Elementary,81690.0,48.4,9.2,62238.0,58.9,8.7
121,627180,2018,Elementary,59108.0,60.9,5.0,44752.0,73.3,5.0
122,642150,2018,Elementary,69721.0,56.5,5.7,51164.0,72.7,5.4
123,628470,2018,Elementary,143249.0,63.3,6.1,113697.0,74.4,5.5
124,639870,2018,Elementary,44492.0,61.1,6.2,35152.0,69.8,6.6
125,642450,2018,Elementary,51933.0,62.1,3.6,40434.0,75.7,3.3
126,613500,2018,Elementary,54425.0,38.5,8.5,38799.0,48.1,8.1
127,620250,2018,Elementary,113134.0,61.5,4.0,86313.0,74.9,3.8
128,614370,2018,Elementary,70871.0,63.3,5.4,54795.0,75.2,4.4
129,618870,2018,Elementary,81646.0,67.5,4.5,62647.0,81.7,4.4
130,602310,2018,Elementary,94329.0,64.4,4.8,72389.0,77.4,4.7
131,605910,2018,Elementary,,,,,,
132,606810,2018,Elementary,131438.0,58.2,5.3,99951.0,71.2,5.0
133,641040,2018,Elementary,73301.0,47.6,8.8,55510.0,59.8,6.9
134,618030,2018,Elementary,70911.0,61.2,3.2,51451.0,77.8,2.8
135,624540,2018,Elementary,76751.0,49.7,9.1,54284.0,64.5,8.7
136,633930,2018,Elementary,60096.0,59.3,5.5,46128.0,70.9,6.0
137,615510,2018,Elementary,68792.0,52.7,7.0,45873.0,68.8,5.4
138,626280,2018,Elementary,,,,,,
139,611850,2018,Elementary,66888.0,62.2,4.4,50632.0,76.6,4.1
140,605580,2018,Elementary,74528.0,64.0,5.7,58123.0,74.2,6.2
141,617850,2018,Elementary,50895.0,61.5,7.1,42008.0,69.9,7.3
142,635590,2018,Elementary,58345.0,56.4,7.7,39320.0,69.7,5.5
143,623430,2018,Elementary,53245.0,61.2,5.2,40929.0,72.5,5.1
144,635970,2018,Elementary,81398.0,67.2,5.1,64879.0,77.6,4.8
145,629580,2018,Elementary,96833.0,55.1,7.5,73295.0,68.2,6.6
146,638220,2018,Elementary,48889.0,64.4,6.1,38224.0,73.3,6.6
147,614730,2018,Elementary,96656.0,62.7,5.7,74444.0,75.5,5.0
148,604800,2018,Elementary,70474.0,66.5,4.9,55776.0,77.9,4.7
149,607200,2018,Elementary,76267.0,67.0,3.0,59668.0,80.4,2.9
150,634920,2018,Elementary,113011.0,66.3,4.6,85139.0,81.4,4.5
151,602610,2018,Elementary,164380.0,66.4,4.1,131348.0,77.6,3.7
152,624600,2018,Elementary,69163.0,49.3,13.2,48913.0,62.0,10.9
153,632130,2018,Elementary,86791.0,69.1,3.6,67143.0,79.6,3.5
154,625130,2018,Elementary,91217.0,54.1,10.6,72230.0,64.2,10.6
155,638670,2018,Elementary,55046.0,54.8,5.7,39417.0,69.7,5.4
156,642120,2018,Elementary,59420.0,52.5,3.6,45222.0,64.2,3.5
157,606390,2018,Elementary,102582.0,59.0,6.6,78493.0,71.4,6.0
158,629220,2018,Elementary,95863.0,61.7,4.7,73861.0,74.4,4.1
159,633600,2018,Elementary,79674.0,60.8,4.4,58505.0,76.8,3.7
160,610290,2018,Elementary,109484.0,60.7,2.6,82652.0,75.5,2.5
161,637380,2018,Elementary,63817.0,51.5,9.6,49014.0,63.1,8.4
162,612750,2018,Elementary,58937.0,59.7,4.3,40434.0,78.3,4.4
163,612880,2018,Elementary,137294.0,60.0,3.8,103118.0,72.8,3.4
164,628140,2018,Elementary,79657.0,65.9,3.8,60041.0,80.4,4.0
165,608610,2018,Elementary,244339.0,60.3,8.6,190808.0,72.7,8.0
166,630990,2018,Elementary,67250.0,60.6,4.7,45077.0,78.0,4.9
167,612090,2018,Elementary,66604.0,55.9,7.0,49651.0,70.2,6.8
168,638460,2018,Elementary,75440.0,75.2,3.3,64869.0,84.5,3.1
169,616680,2018,Elementary,59129.0,71.5,3.0,49167.0,82.6,2.9
170,612960,2018,Elementary,77827.0,64.0,4.3,61950.0,75.4,4.4
171,613140,2018,Elementary,81658.0,58.7,4.9,58146.0,75.0,4.8
172,635810,2018,Elementary,,,,,,
173,603630,2018,Elementary,140021.0,55.0,10.4,110388.0,63.9,10.5
174,627810,2018,Elementary,88969.0,67.9,3.7,71962.0,79.4,3.9
175,635830,2018,Secondary,171523.0,63.4,4.5,123554.0,77.6,3.9
176,601650,2018,Secondary,100398.0,56.8,3.0,66183.0,74.0,3.1
177,606019,2018,Secondary,88360.0,53.2,5.9,57518.0,70.1,4.5
178,634980,2018,Secondary,197804.0,67.1,4.5,150180.0,81.6,4.2
179,633980,2018,Secondary,136318.0,60.4,5.1,104807.0,71.3,5.3
180,636600,2018,Secondary,80061.0,49.6,8.5,57090.0,62.5,8.3
181,618060,2018,Secondary,266958.0,60.8,3.9,194212.0,77.4,3.7
182,633630,2018,Secondary,153707.0,61.5,3.5,111513.0,78.6,2.9
183,642510,2018,Secondary,212478.0,62.6,5.4,166464.0,72.7,5.4
184,610860,2018,Secondary,53770.0,44.8,10.9,43248.0,52.8,10.9
185,618930,2018,Secondary,129185.0,68.2,4.0,98429.0,82.5,3.9
186,635110,2018,Secondary,62501.0,61.2,2.5,44553.0,77.2,2.5
187,638640,2018,Secondary,393289.0,55.5,8.2,304721.0,67.6,7.5
188,614430,2018,Secondary,184924.0,66.6,2.9,147521.0,79.5,2.8
189,602820,2018,Secondary,283465.0,50.9,6.9,213664.0,63.0,6.4
190,612910,2018,Secondary,140370.0,59.9,3.8,105233.0,72.8,3.4
191,621600,2018,Secondary,100223.0,60.7,4.7,70749.0,76.3,4.8
192,607230,2018,Secondary,183048.0,67.8,2.7,143076.0,80.4,2.8
193,614760,2018,Secondary,203955.0,64.5,5.1,156844.0,77.9,4.7
194,616230,2018,Secondary,384331.0,59.2,5.2,292878.0,71.9,5.0
195,635670,2018,Secondary,115026.0,62.9,5.2,87728.0,74.4,5.6
196,638790,2018,Secondary,95733.0,63.9,2.5,62202.0,80.9,2.4
197,699011,2018,Secondary,58345.0,56.4,7.7,39320.0,69.7,5.5
198,611820,2018,Secondary,442275.0,64.6,4.6,342995.0,77.4,4.4
199,612070,2018,Secondary,119878.0,55.5,4.2,80322.0,72.7,4.6
200,625150,2018,Secondary,212514.0,56.3,8.1,162581.0,68.2,8.1
201,634380,2018,Secondary,137213.0,58.9,5.5,97495.0,74.1,5.6
202,612120,2018,Secondary,137294.0,57.1,7.9,103518.0,70.5,7.2
203,602630,2018,Secondary,319829.0,64.7,4.3,249958.0,76.9,4.0
204,608160,2018,Secondary,342018.0,63.3,5.0,269580.0,74.8,4.6
205,613530,2018,Secondary,56224.0,38.9,8.5,40090.0,48.7,8.2
206,626880,2018,Secondary,70398.0,49.6,3.8,41843.0,69.7,3.2
207,624660,2018,Secondary,133085.0,52.3,11.4,97474.0,65.2,9.4
208,619540,2018,Secondary,476721.0,55.4,9.2,369499.0,66.3,8.8
209,630250,2018,Secondary,61778.0,64.4,2.0,44789.0,78.7,2.1
210,629270,2018,Secondary,264127.0,62.4,5.0,202149.0,75.1,4.8
211,642480,2018,Secondary,180579.0,59.1,4.5,138665.0,72.9,4.3
212,606034,2018,Secondary,114272.0,54.4,7.7,82880.0,68.5,7.0
213,607920,2018,Secondary,118235.0,69.9,4.4,98628.0,79.7,4.1
214,616500,2018,Secondary,53567.0,59.7,5.3,41283.0,72.1,5.1
215,636390,2018,Secondary,210381.0,66.3,3.8,159619.0,78.2,4.0
216,636972,2018,Secondary,116166.0,45.9,8.5,90657.0,56.1,6.9
217,626310,2018,Secondary,93496.0,67.2,2.7,74250.0,79.7,2.3
218,630750,2018,Secondary,74234.0,49.0,3.5,46503.0,68.7,3.3
219,639930,2018,Secondary,59999.0,57.8,8.5,47576.0,66.3,8.5
220,632070,2019,Unified,103753.0,56.9,6.0,73833.0,73.7,5.2
221,632550,2019,Unified,205097.0,64.0,3.0,155464.0,77.7,2.7
222,633150,2019,Unified,215389.0,59.6,4.8,163980.0,71.6,4.4
223,633750,2019,Unified,87017.0,60.3,6.8,63374.0,73.7,6.5
224,633840,2019,Unified,274468.0,60.0,6.2,205929.0,75.1,5.5
225,633860,2019,Unified,183097.0,63.5,2.9,126824.0,81.4,2.8
226,634170,2019,Unified,202719.0,57.5,5.8,159290.0,66.5,5.4
227,634320,2019,Unified,926963.0,62.8,4.8,724749.0,74.7,4.5
228,634410,2019,Unified,774619.0,69.6,3.7,607791.0,83.1,3.4
229,615180,2019,Unified,,,,,,
230,615240,2019,Unified,183572.0,61.0,5.2,134936.0,77.1,4.9
231,616325,2019,Unified,94530.0,59.8,5.9,70102.0,73.6,5.4
232,616740,2019,Unified,150212.0,66.0,3.6,117632.0,77.6,3.2
233,616920,2019,Unified,116053.0,43.6,9.1,78776.0,60.3,7.7
234,618390,2019,Unified,89861.0,63.6,5.0,69805.0,75.9,4.8
235,619260,2019,Unified,79747.0,57.7,8.6,60349.0,71.3,6.4
236,606450,2019,Unified,86657.0,61.9,6.3,64444.0,76.3,6.0
237,607440,2019,Unified,290024.0,61.7,4.3,208516.0,76.4,4.0
238,607500,2019,Unified,64520.0,58.7,7.9,45672.0,76.8,7.4
239,600047,2019,Unified,66559.0,62.0,6.4,53630.0,71.4,5.9
240,628650,2019,Unified,181747.0,62.8,3.2,135170.0,76.3,3.0
241,621000,2019,Unified,53269.0,59.4,6.1,36680.0,75.0,4.9
242,622110,2019,Unified,72276.0,65.5,2.8,52393.0,81.2,2.3
243,622230,2019,Unified,134109.0,57.5,5.5,95779.0,74.1,4.5
244,622500,2019,Unified,418514.0,63.9,5.0,327615.0,76.5,4.7
245,622710,2019,Unified,3871485.0,63.3,5.3,3023252.0,75.4,4.9
246,600014,2019,Unified,80008.0,51.9,6.8,62171.0,63.2,5.8
247,600016,2019,Unified,64914.0,64.2,3.9,47629.0,78.7,4.1
248,603690,2019,Unified,58703.0,60.7,6.4,45706.0,73.9,5.8
249,629490,2019,Unified,88116.0,61.4,5.4,62620.0,76.0,5.5
250,629550,2019,Unified,147306.0,49.7,6.2,95442.0,68.0,5.6
251,629610,2019,Unified,70348.0,57.9,1.9,48055.0,72.8,1.5
252,629850,2019,Unified,59830.0,60.3,5.0,47665.0,70.3,4.4
253,629940,2019,Unified,175063.0,63.8,3.6,133400.0,77.1,3.2
254,630660,2019,Unified,131686.0,64.9,3.4,98726.0,79.8,3.2
255,631320,2019,Unified,135758.0,60.2,4.8,100226.0,74.8,3.7
256,631530,2019,Unified,158642.0,64.0,6.1,120511.0,77.1,5.8
257,604290,2019,Unified,51789.0,50.6,8.6,33951.0,67.5,9.3
258,604440,2019,Unified,64737.0,62.1,4.5,48964.0,77.6,3.3
259,613360,2019,Unified,110494.0,64.8,3.3,83173.0,78.3,3.1
260,600013,2019,Unified,51882.0,58.6,4.4,36253.0,75.1,4.1
261,624500,2019,Unified,70877.0,67.0,4.5,55926.0,79.8,4.8
262,625470,2019,Unified,128252.0,58.7,5.7,95554.0,72.8,5.5
263,625530,2019,Unified,77250.0,59.1,4.1,55086.0,72.9,3.8
264,625800,2019,Unified,138856.0,58.9,5.2,111338.0,69.9,4.5
265,625830,2019,Unified,53160.0,62.8,4.2,39264.0,77.9,3.4
266,625860,2019,Unified,54718.0,40.8,11.0,40476.0,49.0,9.4
267,626370,2019,Unified,216354.0,65.3,3.2,162186.0,80.1,3.1
268,626640,2019,Unified,96795.0,60.5,3.2,68118.0,78.0,3.0
269,626910,2019,Unified,64728.0,63.3,2.4,48501.0,78.6,2.5
270,609620,2019,Unified,116144.0,56.8,8.8,89464.0,68.9,8.4
271,609640,2019,Unified,106560.0,62.0,3.2,73071.0,78.3,3.3
272,609850,2019,Unified,228325.0,63.1,3.9,183412.0,74.0,3.7
273,610050,2019,Unified,57184.0,62.6,3.3,42055.0,79.2,3.1
274,613890,2019,Unified,106178.0,64.2,3.1,83258.0,75.5,3.0
275,613920,2019,Unified,136335.0,60.1,5.8,107115.0,70.4,5.7
276,614400,2019,Unified,192852.0,65.5,2.7,152334.0,78.3,2.7
277,607970,2019,Unified,66152.0,59.3,9.2,50531.0,72.8,6.4
278,608370,2019,Unified,104602.0,59.3,6.4,74184.0,73.2,5.8
279,608460,2019,Unified,166654.0,61.2,2.4,131368.0,71.9,2.3
280,609030,2019,Unified,169620.0,61.6,5.2,124425.0,76.1,5.1
281,609070,2019,Unified,,,,,,
282,609390,2019,Unified,91151.0,57.9,4.0,71931.0,69.7,2.8
283,636840,2019,Unified,107429.0,64.4,3.3,80426.0,78.1,3.1
284,637530,2019,Unified,75398.0,68.0,2.7,56546.0,82.9,2.6
285,638010,2019,Unified,155674.0,53.8,9.2,119564.0,65.1,8.2
286,639420,2019,Unified,116254.0,64.7,2.5,87823.0,78.5,2.4
287,610620,2019,Unified,72844.0,49.9,6.3,52716.0,61.7,5.8
288,611110,2019,Unified,160947.0,49.6,4.7,96234.0,72.7,5.0
289,611460,2019,Unified,94466.0,63.3,4.0,72103.0,75.6,3.7
290,612330,2019,Unified,271136.0,58.7,6.2,205736.0,72.2,5.5
291,600017,2019,Unified,62429.0,46.4,10.6,43467.0,62.1,9.6
292,640150,2019,Unified,107732.0,66.0,3.4,83740.0,77.5,3.6
293,640590,2019,Unified,64631.0,60.6,3.5,48773.0,74.0,3.4
294,640740,2019,Unified,103302.0,60.0,5.9,77539.0,72.7,5.9
295,640980,2019,Unified,98619.0,61.2,4.0,71348.0,75.3,3.7
296,641160,2019,Unified,120475.0,58.2,3.5,93639.0,69.3,2.9
297,641190,2019,Unified,129796.0,63.5,4.1,100208.0,76.1,4.0
298,600020,2019,Unified,65445.0,63.0,2.6,47727.0,77.4,2.6
299,600027,2019,Unified,104154.0,57.4,4.6,81163.0,70.2,4.2
300,600028,2019,Unified,125632.0,59.7,4.1,95920.0,71.6,3.3
301,600029,2019,Unified,92851.0,58.6,5.6,68946.0,71.3,5.6
302,600032,2019,Unified,,,,,,
303,600036,2019,Unified,68055.0,69.3,3.9,53500.0,81.9,3.4
304,623080,2019,Unified,,,,,,
305,623160,2019,Unified,50077.0,57.4,8.9,39942.0,68.5,8.1
306,623340,2019,Unified,65057.0,57.9,7.8,49502.0,70.5,6.4
307,623610,2019,Unified,111689.0,52.7,4.3,85009.0,64.6,3.8
308,600153,2019,Unified,97286.0,59.9,4.1,71304.0,75.1,3.9
309,601620,2019,Unified,85646.0,59.7,4.2,62074.0,74.8,4.2
310,601770,2019,Unified,63509.0,64.5,2.9,47218.0,80.0,3.2
311,643080,2019,Unified,53090.0,59.2,4.8,39571.0,73.1,5.1
312,643470,2019,Unified,59902.0,56.1,5.3,43599.0,70.7,3.8
313,684500,2019,Unified,209759.0,62.4,3.9,163907.0,73.4,3.7
314,691135,2019,Unified,67443.0,56.2,7.3,55166.0,66.4,6.7
315,604740,2019,Unified,109524.0,57.9,6.0,77229.0,72.7,5.3
316,614550,2019,Unified,282604.0,53.4,8.6,215290.0,64.8,8.5
317,614880,2019,Unified,217318.0,59.3,4.1,159306.0,74.1,4.1
318,602430,2019,Unified,95444.0,62.8,3.5,74961.0,76.0,3.2
319,602850,2019,Unified,94744.0,57.3,9.3,71272.0,70.5,8.5
320,603600,2019,Unified,55367.0,62.4,4.6,43669.0,73.2,4.1
321,634680,2019,Unified,59672.0,67.6,4.4,46598.0,80.4,4.7
322,634590,2019,Unified,216256.0,65.7,2.6,165428.0,78.9,2.3
323,634620,2019,Unified,283660.0,58.7,5.8,202712.0,73.6,5.9
324,634710,2019,Unified,66278.0,63.8,6.1,51621.0,75.7,6.1
325,634800,2019,Unified,86220.0,52.4,5.4,57749.0,66.6,4.1
326,601414,2019,Unified,,,,,,
327,632370,2019,Unified,96402.0,58.8,8.8,74922.0,70.3,8.3
328,634880,2019,Unified,101057.0,63.2,2.4,74122.0,77.1,1.9
329,635130,2019,Unified,124160.0,63.0,3.1,89764.0,76.6,2.8
330,635310,2019,Unified,206347.0,64.8,4.6,163823.0,76.8,4.2
331,635430,2019,Unified,145555.0,71.7,3.0,120329.0,81.7,3.1
332,635700,2019,Unified,91219.0,61.9,3.8,64081.0,78.1,3.4
333,627240,2019,Unified,159703.0,67.0,4.3,121002.0,80.8,4.0
334,627690,2019,Unified,101467.0,59.4,6.3,74688.0,73.8,5.9
335,627720,2019,Unified,53039.0,58.9,3.8,32806.0,76.6,3.3
336,628050,2019,Unified,353106.0,65.3,4.3,277604.0,78.2,3.9
337,628250,2019,Unified,107834.0,58.7,5.7,82799.0,69.2,5.3
338,601332,2019,Unified,138033.0,60.2,5.8,108420.0,70.4,5.9
339,600158,2019,Unified,,,,,,
340,633930,2019,Elementary,56443.0,61.6,5.2,44142.0,73.1,5.2
341,634920,2019,Elementary,114601.0,67.6,3.1,85308.0,82.5,3.1
342,628140,2019,Elementary,86182.0,62.0,6.4,62230.0,77.4,5.2
343,626280,2019,Elementary,,,,,,
344,627180,2019,Elementary,57044.0,59.6,3.6,42078.0,74.6,3.4
345,627810,2019,Elementary,95966.0,68.6,2.8,75083.0,81.5,3.0
346,642150,2019,Elementary,69118.0,59.6,5.4,52779.0,74.1,5.0
347,603630,2019,Elementary,138160.0,52.8,8.5,105814.0,65.1,7.9
348,606390,2019,Elementary,99085.0,58.7,6.1,76830.0,70.9,5.3
349,612090,2019,Elementary,72475.0,58.1,4.9,53243.0,73.1,4.6
350,637380,2019,Elementary,60660.0,53.0,10.7,44266.0,65.7,10.2
351,630990,2019,Elementary,68327.0,58.1,3.1,46771.0,76.8,3.3
352,628470,2019,Elementary,141394.0,62.2,5.1,114053.0,72.8,4.8
353,620880,2019,Elementary,88149.0,51.3,5.3,65729.0,65.1,4.8
354,639870,2019,Elementary,42017.0,58.7,7.3,33021.0,70.7,6.6
355,638460,2019,Elementary,76781.0,72.9,2.2,65242.0,80.7,2.2
356,602310,2019,Elementary,97365.0,64.0,5.7,74881.0,77.0,6.0
357,602610,2019,Elementary,163233.0,67.7,3.9,133126.0,77.8,3.7
358,608610,2019,Elementary,253212.0,58.2,10.2,194207.0,70.4,9.1
359,641040,2019,Elementary,75372.0,52.8,12.5,60965.0,63.6,10.4
360,642120,2019,Elementary,57794.0,49.7,5.2,42988.0,62.0,5.1
361,618030,2019,Elementary,67832.0,63.4,3.8,48012.0,79.3,3.9
362,618870,2019,Elementary,78013.0,67.5,3.6,59214.0,84.3,3.5
363,635970,2019,Elementary,82879.0,64.3,2.9,62913.0,77.4,3.0
364,638670,2019,Elementary,,,,,,
365,642450,2019,Elementary,51834.0,59.2,4.4,36923.0,74.9,3.5
366,616680,2019,Elementary,,,,,,
367,624600,2019,Elementary,68335.0,53.7,11.4,53401.0,64.7,10.3
368,632130,2019,Elementary,80657.0,68.0,2.6,62456.0,81.3,2.7
369,625130,2019,Elementary,87944.0,53.6,10.3,67681.0,65.1,9.8
370,604800,2019,Elementary,72819.0,67.3,5.7,57164.0,80.0,5.5
371,605580,2019,Elementary,72870.0,62.9,5.2,55300.0,74.8,5.0
372,611850,2019,Elementary,57575.0,61.6,3.1,44605.0,75.2,3.1
373,620250,2019,Elementary,117638.0,60.6,7.3,88220.0,74.6,7.0
374,635590,2019,Elementary,58894.0,60.6,5.5,42991.0,72.3,4.1
375,635810,2019,Elementary,60349.0,66.7,5.1,47823.0,78.1,4.4
376,612880,2019,Elementary,132709.0,59.0,3.6,97900.0,72.3,3.7
377,612750,2019,Elementary,58080.0,60.4,4.0,39768.0,78.9,4.1
378,612960,2019,Elementary,72988.0,66.0,2.7,57546.0,74.5,2.8
379,613140,2019,Elementary,76122.0,62.0,3.8,55694.0,78.0,3.9
380,623430,2019,Elementary,50449.0,62.1,4.7,40263.0,72.4,4.6
381,614370,2019,Elementary,70381.0,63.6,4.7,53006.0,77.7,4.5
382,614730,2019,Elementary,95960.0,63.0,4.9,72728.0,75.9,4.7
383,615510,2019,Elementary,73097.0,53.4,7.6,48325.0,68.0,5.0
384,624540,2019,Elementary,76415.0,53.4,7.8,53426.0,71.6,5.6
385,629220,2019,Elementary,99469.0,61.4,5.0,74660.0,74.6,4.7
386,629580,2019,Elementary,96878.0,56.7,8.3,78286.0,66.3,8.3
387,606810,2019,Elementary,140589.0,58.8,6.4,104676.0,72.9,5.3
388,607200,2019,Elementary,76846.0,67.9,2.5,61827.0,80.5,2.4
389,610290,2019,Elementary,111391.0,60.2,2.2,81455.0,76.6,2.3
390,605910,2019,Elementary,,,,,,
391,633600,2019,Elementary,82014.0,63.8,3.1,59313.0,81.5,2.7
392,619540,2019,Secondary,468218.0,55.0,7.4,359791.0,66.9,6.7
393,606034,2019,Secondary,109418.0,54.8,7.4,78462.0,72.0,5.4
394,602820,2019,Secondary,292413.0,52.0,6.4,223546.0,63.7,6.2
395,606019,2019,Secondary,93354.0,53.4,7.4,60383.0,68.7,5.4
396,601650,2019,Secondary,95161.0,56.4,4.2,60424.0,76.3,3.9
397,602630,2019,Secondary,324683.0,64.9,4.0,255737.0,76.6,3.9
398,607230,2019,Secondary,182855.0,66.5,3.0,144318.0,78.8,3.1
399,607920,2019,Secondary,114726.0,68.0,3.9,93421.0,78.5,3.3
400,608160,2019,Secondary,338709.0,64.3,4.2,266457.0,75.7,4.0
401,699011,2019,Secondary,58894.0,60.6,5.5,42991.0,72.3,4.1
402,630250,2019,Secondary,64227.0,61.7,3.3,43518.0,79.6,2.3
403,630750,2019,Secondary,79908.0,59.1,1.8,54681.0,75.7,1.6
404,633630,2019,Secondary,146915.0,62.5,3.2,106923.0,79.1,2.7
405,633980,2019,Secondary,129762.0,61.2,4.0,101943.0,72.3,4.0
406,634380,2019,Secondary,139036.0,62.0,3.2,97916.0,77.8,2.9
407,634980,2019,Secondary,202771.0,67.2,2.9,149177.0,82.0,3.0
408,635110,2019,Secondary,62898.0,61.7,5.2,43316.0,79.0,5.1
409,635670,2019,Secondary,110574.0,60.8,4.6,81579.0,74.5,4.2
410,635830,2019,Secondary,168781.0,64.6,2.7,123579.0,79.2,2.1
411,636390,2019,Secondary,205952.0,67.1,2.8,157158.0,80.6,2.7
412,636600,2019,Secondary,82127.0,55.0,4.5,56769.0,72.0,4.2
413,636972,2019,Secondary,120240.0,47.0,12.5,96295.0,56.6,10.9
414,638640,2019,Secondary,397443.0,55.8,9.6,303270.0,67.5,8.6
415,638790,2019,Secondary,95653.0,62.0,3.4,64005.0,80.0,3.3
416,639930,2019,Secondary,55901.0,57.7,6.1,42686.0,70.7,5.4
417,642480,2019,Secondary,171938.0,60.3,3.5,129309.0,74.2,3.0
418,642510,2019,Secondary,208779.0,61.2,3.6,159685.0,73.5,3.4
419,610860,2019,Secondary,,,,,,
420,611820,2019,Secondary,445625.0,65.7,4.5,342632.0,79.2,4.5
421,612070,2019,Secondary,118439.0,54.5,4.1,78822.0,73.4,4.3
422,612120,2019,Secondary,142085.0,58.3,4.4,104678.0,74.0,4.3
423,612910,2019,Secondary,135094.0,59.0,3.8,99648.0,72.4,3.8
424,614430,2019,Secondary,188172.0,65.4,2.2,146697.0,78.4,2.2
425,614760,2019,Secondary,208709.0,64.1,4.8,157979.0,78.0,4.2
426,616230,2019,Secondary,391914.0,58.5,6.6,291009.0,72.7,5.8
427,616500,2019,Secondary,56856.0,52.5,8.5,43781.0,65.0,8.5
428,618060,2019,Secondary,268457.0,62.0,4.8,194895.0,77.6,4.3
429,618930,2019,Secondary,122050.0,66.0,3.1,90756.0,83.0,3.0
430,621600,2019,Secondary,99440.0,63.0,2.9,72255.0,76.9,2.7
431,624660,2019,Secondary,137172.0,57.4,9.6,106224.0,68.9,8.5
432,625150,2019,Secondary,211497.0,55.7,7.3,158512.0,69.3,6.8
433,626310,2019,Secondary,96912.0,67.0,2.9,75135.0,79.8,2.7
434,626880,2019,Secondary,74329.0,51.5,2.1,46552.0,71.1,2.4
435,629270,2019,Secondary,263863.0,61.3,4.7,197839.0,74.9,4.5
436,600014,2015,Unified,74447.0,50.4,14.7,58032.0,61.2,13.8
437,600016,2015,Unified,63117.0,58.9,3.7,47536.0,72.4,3.3
438,600017,2015,Unified,60729.0,45.6,11.9,41043.0,61.5,10.7
439,600020,2015,Unified,61495.0,63.4,3.9,46442.0,76.7,3.5
440,600027,2015,Unified,100489.0,53.9,9.6,77187.0,66.2,8.1
441,600028,2015,Unified,119914.0,58.6,8.5,92804.0,70.5,7.6
442,600029,2015,Unified,86904.0,53.6,11.2,65559.0,66.3,11.1
443,600032,2015,Unified,56565.0,70.4,5.5,46691.0,80.3,5.5
444,600036,2015,Unified,60666.0,70.5,4.3,52973.0,77.4,4.1
445,600047,2015,Unified,60336.0,64.2,8.0,47430.0,76.1,7.2
446,600153,2015,Unified,103718.0,56.8,5.0,78914.0,71.6,5.1
447,600158,2015,Unified,56695.0,55.2,7.7,41132.0,69.8,7.6
448,601332,2015,Unified,138686.0,51.9,9.2,108480.0,62.0,8.5
449,601414,2015,Unified,73919.0,66.9,4.2,54677.0,82.0,3.9
450,601620,2015,Unified,83008.0,54.1,7.4,61243.0,68.4,7.3
451,601770,2015,Unified,64837.0,62.2,4.3,51113.0,74.9,4.2
452,602430,2015,Unified,85102.0,61.1,7.6,68016.0,71.7,5.8
453,602850,2015,Unified,87714.0,57.3,7.5,69094.0,66.7,7.6
454,603600,2015,Unified,57942.0,56.9,9.2,46028.0,66.7,8.1
455,603690,2015,Unified,59558.0,56.3,4.6,45306.0,68.1,4.8
456,604440,2015,Unified,65930.0,54.1,5.6,49513.0,68.2,4.4
457,604740,2015,Unified,107090.0,59.2,7.0,77909.0,71.3,6.6
458,606450,2015,Unified,84504.0,62.0,6.4,64964.0,74.5,6.7
459,607440,2015,Unified,294657.0,62.9,4.4,218508.0,75.8,4.3
460,607500,2015,Unified,62401.0,59.2,5.7,44351.0,74.6,5.5
461,607970,2015,Unified,57253.0,57.6,9.8,46212.0,68.3,9.1
462,608370,2015,Unified,94506.0,56.6,10.2,70609.0,69.5,9.6
463,608460,2015,Unified,154311.0,54.9,7.5,125563.0,63.6,7.1
464,609030,2015,Unified,160516.0,60.9,6.1,120630.0,74.5,5.4
465,609070,2015,Unified,73890.0,53.6,13.2,57114.0,65.7,13.1
466,609390,2015,Unified,84193.0,58.2,6.1,66111.0,70.3,5.6
467,609620,2015,Unified,121773.0,54.8,10.8,95759.0,65.4,9.9
468,609640,2015,Unified,112051.0,61.0,7.1,78597.0,77.9,5.6
469,609850,2015,Unified,212270.0,61.2,7.3,168976.0,72.6,6.1
470,610050,2015,Unified,61965.0,61.1,6.2,46541.0,76.0,5.5
471,610620,2015,Unified,67810.0,52.6,5.2,49649.0,64.7,4.9
472,611110,2015,Unified,156969.0,52.0,7.4,96812.0,74.3,6.6
473,611460,2015,Unified,101456.0,60.3,5.3,79868.0,72.6,4.7
474,612330,2015,Unified,260823.0,58.0,8.5,206221.0,69.7,7.9
475,613360,2015,Unified,106568.0,58.5,9.8,83686.0,69.4,9.7
476,613890,2015,Unified,100101.0,60.3,7.9,80184.0,70.0,7.3
477,613920,2015,Unified,139892.0,58.2,10.9,115150.0,67.2,10.5
478,614400,2015,Unified,186798.0,62.4,3.8,149118.0,74.4,3.7
479,614550,2015,Unified,295616.0,52.0,11.8,227125.0,62.3,11.3
480,614880,2015,Unified,229103.0,59.0,5.9,174641.0,72.2,5.8
481,615240,2015,Unified,187147.0,57.6,8.0,144333.0,69.9,7.8
482,616325,2015,Unified,98681.0,55.7,7.2,73194.0,69.8,6.9
483,616740,2015,Unified,142549.0,62.7,5.2,114919.0,74.1,5.0
484,616920,2015,Unified,104700.0,41.2,16.1,71046.0,55.5,15.0
485,618390,2015,Unified,91019.0,57.9,12.0,69215.0,70.9,11.5
486,619260,2015,Unified,77747.0,54.3,12.7,59608.0,66.3,11.1
487,621000,2015,Unified,52022.0,58.7,5.1,37302.0,71.2,5.1
488,622110,2015,Unified,73297.0,69.0,2.1,58733.0,80.8,2.1
489,622230,2015,Unified,130111.0,55.8,8.6,95711.0,69.8,7.1
490,622500,2015,Unified,415182.0,59.7,5.9,327984.0,71.3,5.6
491,622710,2015,Unified,3812660.0,60.6,7.4,3020582.0,71.8,7.0
492,623080,2015,Unified,,,,,,
493,623160,2015,Unified,51561.0,59.2,9.3,41838.0,69.0,8.1
494,623340,2015,Unified,63141.0,61.3,5.6,48482.0,72.7,5.4
495,623610,2015,Unified,97902.0,51.6,12.4,76769.0,62.6,11.7
496,624500,2015,Unified,62154.0,59.5,5.1,49162.0,70.6,5.3
497,625470,2015,Unified,134547.0,56.6,8.3,104354.0,69.6,7.6
498,625530,2015,Unified,73556.0,54.4,5.4,54411.0,67.1,4.9
499,625800,2015,Unified,132958.0,57.1,10.1,105380.0,68.0,8.7
500,625830,2015,Unified,51775.0,60.1,4.7,38892.0,73.7,3.9
501,625860,2015,Unified,54244.0,37.4,11.1,40565.0,46.0,10.7
502,626370,2015,Unified,218842.0,62.2,6.8,169485.0,74.6,6.4
503,626640,2015,Unified,96454.0,62.2,4.7,71294.0,76.6,4.5
504,626910,2015,Unified,66681.0,59.5,4.5,50857.0,72.8,4.5
505,627240,2015,Unified,168049.0,63.9,5.0,127204.0,77.2,4.9
506,627690,2015,Unified,101074.0,55.9,6.4,75781.0,69.4,5.5
507,628050,2015,Unified,342395.0,63.5,7.0,275859.0,74.0,6.5
508,628250,2015,Unified,110376.0,58.0,7.2,85641.0,69.0,7.2
509,628650,2015,Unified,178990.0,61.4,6.6,137376.0,73.1,6.1
510,629490,2015,Unified,88015.0,57.1,7.0,67267.0,68.0,6.8
511,629550,2015,Unified,140854.0,47.1,9.2,94372.0,62.3,8.4
512,629610,2015,Unified,70824.0,56.4,3.1,49475.0,73.3,2.5
513,629850,2015,Unified,60044.0,61.4,5.6,47621.0,73.3,4.6
514,629940,2015,Unified,176499.0,63.2,6.3,133429.0,76.6,5.9
515,630660,2015,Unified,136253.0,64.5,5.0,104677.0,78.1,4.8
516,631320,2015,Unified,133502.0,55.2,10.1,102256.0,67.2,8.8
517,631530,2015,Unified,149201.0,61.8,4.4,111825.0,77.0,3.9
518,632070,2015,Unified,100468.0,55.2,6.7,74977.0,68.3,6.5
519,632370,2015,Unified,94560.0,55.9,10.3,73722.0,66.6,9.9
520,632550,2015,Unified,207525.0,61.0,6.3,158424.0,74.0,5.8
521,633150,2015,Unified,204819.0,58.0,7.8,160505.0,70.4,7.0
522,633750,2015,Unified,94816.0,57.5,6.8,71157.0,70.6,6.4
523,633840,2015,Unified,262547.0,55.6,8.3,198406.0,69.3,7.5
524,633860,2015,Unified,178359.0,63.3,4.1,129800.0,78.6,3.9
525,634170,2015,Unified,203973.0,52.1,11.4,162972.0,61.3,9.8
526,634320,2015,Unified,897205.0,60.9,6.8,719053.0,70.9,6.3
527,634410,2015,Unified,760939.0,66.5,5.1,608133.0,78.5,4.9
528,634590,2015,Unified,220652.0,64.9,5.4,174675.0,76.5,5.0
529,634620,2015,Unified,272754.0,54.5,9.7,195378.0,69.1,9.0
530,634680,2015,Unified,57490.0,64.2,6.1,43090.0,78.1,5.7
531,634710,2015,Unified,69197.0,62.5,6.0,54170.0,75.0,5.8
532,634800,2015,Unified,85272.0,50.9,5.6,57878.0,63.5,5.2
533,634880,2015,Unified,97577.0,64.2,3.3,75164.0,76.8,2.8
534,635130,2015,Unified,111402.0,61.2,3.7,82611.0,75.6,3.8
535,635310,2015,Unified,199088.0,62.0,5.8,164665.0,71.6,5.6
536,635430,2015,Unified,136269.0,66.9,4.1,110953.0,78.6,3.8
537,635700,2015,Unified,96285.0,64.1,6.5,73144.0,76.6,5.8
538,636840,2015,Unified,104267.0,64.8,5.4,81106.0,76.2,4.9
539,637530,2015,Unified,68667.0,64.9,4.6,51951.0,80.4,4.0
540,638010,2015,Unified,155924.0,47.9,14.7,120345.0,57.5,14.0
541,639420,2015,Unified,122352.0,60.0,5.3,90060.0,75.5,4.4
542,640150,2015,Unified,105199.0,66.4,4.4,84306.0,76.8,4.0
543,640590,2015,Unified,64864.0,58.6,7.2,48138.0,72.1,6.4
544,640740,2015,Unified,102119.0,53.7,10.3,77495.0,64.9,9.7
545,640980,2015,Unified,100946.0,57.8,6.8,76518.0,70.9,6.5
546,641160,2015,Unified,109781.0,51.9,6.2,85042.0,62.6,6.2
547,641190,2015,Unified,117691.0,61.3,6.7,87665.0,75.2,6.2
548,643080,2015,Unified,50191.0,58.9,8.7,38568.0,70.8,8.3
549,643470,2015,Unified,56119.0,48.3,13.5,41474.0,60.2,13.4
550,684500,2015,Unified,188288.0,56.7,5.1,146481.0,67.2,4.9
551,691135,2015,Unified,68697.0,55.6,10.7,53982.0,65.5,10.2
552,602310,2015,Elementary,94280.0,60.5,8.4,72625.0,74.2,7.6
553,602610,2015,Elementary,161041.0,65.7,6.6,130994.0,76.8,6.1
554,603630,2015,Elementary,146865.0,54.3,13.7,113489.0,64.9,13.2
555,604800,2015,Elementary,64015.0,60.1,6.7,50104.0,71.7,6.4
556,605580,2015,Elementary,74714.0,64.4,6.5,58556.0,75.3,6.6
557,606390,2015,Elementary,94502.0,61.2,8.9,74443.0,70.5,8.8
558,606810,2015,Elementary,136933.0,55.6,9.9,106100.0,67.5,9.0
559,607200,2015,Elementary,79062.0,67.8,3.7,63092.0,79.8,3.7
560,608610,2015,Elementary,233241.0,57.8,7.4,181265.0,70.7,7.0
561,610290,2015,Elementary,113387.0,60.2,5.5,87271.0,74.7,5.4
562,611850,2015,Elementary,61301.0,59.7,6.3,47618.0,72.5,6.5
563,612090,2015,Elementary,65451.0,51.2,5.6,49049.0,65.4,5.5
564,612750,2015,Elementary,60436.0,58.6,4.6,42460.0,75.3,4.2
565,612880,2015,Elementary,133637.0,60.1,7.8,103307.0,72.4,7.3
566,612960,2015,Elementary,65697.0,62.2,6.6,54492.0,71.9,5.8
567,613140,2015,Elementary,85921.0,59.3,5.6,63444.0,75.0,5.0
568,614370,2015,Elementary,76489.0,62.9,7.9,61393.0,74.0,7.1
569,614730,2015,Elementary,98656.0,58.2,8.2,73662.0,72.0,6.8
570,615510,2015,Elementary,71929.0,53.8,6.1,49726.0,65.1,4.9
571,616680,2015,Elementary,59646.0,61.2,8.0,48316.0,72.6,7.4
572,618030,2015,Elementary,73183.0,64.2,5.8,54652.0,76.9,5.3
573,618870,2015,Elementary,82337.0,64.3,7.8,66222.0,74.7,8.0
574,620250,2015,Elementary,114460.0,57.8,9.2,87755.0,70.8,8.6
575,620880,2015,Elementary,83943.0,48.0,6.6,66688.0,56.8,6.3
576,623430,2015,Elementary,50077.0,62.9,3.4,39482.0,76.1,3.2
577,624540,2015,Elementary,63752.0,50.9,8.3,45689.0,66.7,8.4
578,624600,2015,Elementary,65989.0,43.1,16.9,49845.0,54.3,13.5
579,625130,2015,Elementary,88555.0,47.4,17.4,68180.0,57.8,16.4
580,626280,2015,Elementary,56070.0,73.9,3.4,47644.0,82.3,3.2
581,627180,2015,Elementary,54760.0,59.3,6.5,40767.0,71.9,5.7
582,627810,2015,Elementary,84558.0,63.0,5.8,67959.0,73.5,6.0
583,628140,2015,Elementary,78757.0,62.5,4.4,58620.0,77.2,4.0
584,628470,2015,Elementary,129456.0,61.1,6.8,104639.0,71.7,6.3
585,629220,2015,Elementary,92169.0,58.7,7.9,71365.0,70.6,7.8
586,629580,2015,Elementary,97970.0,50.0,11.8,77561.0,60.7,10.4
587,630990,2015,Elementary,63502.0,54.6,5.7,43376.0,71.5,5.1
588,632130,2015,Elementary,78634.0,64.3,4.1,61606.0,76.1,4.2
589,633600,2015,Elementary,73836.0,58.5,5.9,55690.0,73.2,5.9
590,633930,2015,Elementary,61449.0,56.4,8.2,47089.0,69.0,7.1
591,634920,2015,Elementary,110570.0,66.6,3.9,84836.0,80.4,3.8
592,635590,2015,Elementary,59554.0,52.6,7.0,42245.0,65.0,4.9
593,635810,2015,Elementary,64062.0,63.3,7.5,49729.0,74.2,6.2
594,635970,2015,Elementary,85220.0,66.9,5.2,67333.0,79.3,4.5
595,637380,2015,Elementary,68743.0,53.8,11.3,53468.0,63.7,11.1
596,638220,2015,Elementary,51930.0,66.6,7.0,41064.0,79.9,6.9
597,642120,2015,Elementary,59551.0,51.0,8.4,46517.0,61.0,7.2
598,638460,2015,Elementary,73639.0,69.3,4.9,60969.0,79.7,4.9
599,638670,2015,Elementary,57252.0,58.4,7.8,43733.0,69.7,7.7
600,641040,2015,Elementary,73021.0,44.4,19.6,54985.0,55.4,17.0
601,642150,2015,Elementary,68232.0,58.4,5.6,50347.0,73.9,5.3
602,642450,2015,Elementary,56985.0,60.6,5.1,43769.0,74.4,4.8
603,601650,2015,Secondary,94601.0,55.6,5.7,60947.0,74.3,5.9
604,602630,2015,Secondary,318548.0,62.2,6.1,249796.0,75.1,5.7
605,602820,2015,Secondary,282958.0,48.7,9.4,221396.0,58.9,8.5
606,606019,2015,Secondary,93495.0,54.5,5.6,62669.0,67.0,4.8
607,607230,2015,Secondary,181836.0,66.1,4.5,143439.0,78.1,4.4
608,607920,2015,Secondary,128810.0,62.5,6.6,104873.0,72.7,6.0
609,608160,2015,Secondary,312044.0,62.4,7.0,251964.0,73.2,6.5
610,610860,2015,Secondary,51275.0,47.9,14.7,40024.0,58.2,14.6
611,611820,2015,Secondary,438275.0,61.4,6.9,343685.0,73.6,6.4
612,612070,2015,Secondary,120392.0,52.9,8.5,84541.0,68.0,8.0
613,612120,2015,Secondary,144380.0,53.3,5.3,109561.0,67.3,5.2
614,612910,2015,Secondary,136058.0,60.0,7.7,105037.0,72.4,7.2
615,613530,2015,Secondary,69577.0,40.5,4.7,50780.0,48.2,4.5
616,614430,2015,Secondary,187026.0,63.8,5.2,148240.0,76.8,5.2
617,614760,2015,Secondary,203427.0,58.0,8.8,154974.0,71.1,7.7
618,616230,2015,Secondary,383983.0,57.7,8.4,293754.0,70.6,7.6
619,616500,2015,Secondary,52819.0,53.8,9.4,39334.0,66.0,9.2
620,618060,2015,Secondary,266490.0,61.5,5.1,197930.0,75.8,4.8
621,618930,2015,Secondary,131453.0,63.5,6.7,102078.0,75.4,7.0
622,619540,2015,Secondary,467419.0,55.7,11.0,365741.0,66.3,10.5
623,621600,2015,Secondary,90355.0,57.0,7.4,66745.0,71.7,7.4
624,624660,2015,Secondary,130199.0,46.9,13.5,97556.0,58.4,11.1
625,625150,2015,Secondary,208975.0,51.8,12.7,158011.0,63.2,12.2
626,626310,2015,Secondary,88266.0,69.8,3.1,71793.0,80.6,3.0
627,626880,2015,Secondary,73806.0,45.6,9.0,47150.0,62.5,8.0
628,629270,2015,Secondary,251602.0,58.2,7.3,191199.0,70.8,6.9
629,630210,2015,Secondary,133788.0,51.1,10.4,100712.0,63.5,10.1
630,630250,2015,Secondary,63518.0,61.1,5.8,45540.0,74.4,5.5
631,630750,2015,Secondary,72851.0,51.9,7.6,50043.0,68.2,6.8
632,633630,2015,Secondary,144527.0,57.8,5.9,106930.0,73.7,5.5
633,633980,2015,Secondary,129558.0,59.2,6.5,101723.0,70.3,5.7
634,634380,2015,Secondary,146514.0,59.5,4.7,106652.0,73.8,3.8
635,634980,2015,Secondary,193896.0,65.7,4.6,147750.0,79.9,4.0
636,635110,2015,Secondary,61727.0,60.5,2.9,46043.0,73.1,3.2
637,635600,2015,Secondary,86454.0,56.0,6.3,62885.0,68.2,4.9
638,635670,2015,Secondary,110534.0,63.1,6.8,84856.0,75.1,6.7
639,635830,2015,Secondary,172562.0,61.2,6.0,129357.0,74.1,5.1
640,636390,2015,Secondary,203149.0,64.1,4.4,154994.0,76.7,4.4
641,636600,2015,Secondary,81278.0,52.2,4.6,56065.0,66.2,4.6
642,636972,2015,Secondary,119933.0,42.8,17.4,90013.0,54.2,15.0
643,638640,2015,Secondary,387982.0,55.6,8.4,303427.0,66.9,8.0
644,638790,2015,Secondary,96348.0,62.3,3.2,65205.0,79.3,3.1
645,639930,2015,Secondary,57630.0,52.4,6.1,43497.0,65.7,5.1
646,642480,2015,Secondary,186085.0,58.3,6.2,145658.0,70.6,5.9
647,642510,2015,Secondary,218386.0,62.9,6.3,171082.0,74.6,5.6
648,600014,2016,Unified,82334.0,48.6,8.7,62228.0,60.4,7.7
649,600016,2016,Unified,63598.0,63.1,3.5,47083.0,76.1,3.4
650,600017,2016,Unified,63453.0,45.9,13.1,46795.0,58.1,13.1
651,600020,2016,Unified,62993.0,61.5,4.0,48061.0,73.9,3.5
652,600027,2016,Unified,100634.0,58.9,8.2,80312.0,69.9,7.1
653,600028,2016,Unified,120506.0,58.7,7.8,92970.0,70.6,7.1
654,600029,2016,Unified,84976.0,57.9,8.6,66062.0,70.8,8.0
655,600032,2016,Unified,,,,,,
656,600036,2016,Unified,,,,,,
657,600047,2016,Unified,62240.0,61.6,5.3,47597.0,75.4,4.6
658,600153,2016,Unified,98402.0,56.3,4.9,70965.0,73.3,4.5
659,600158,2016,Unified,60453.0,55.6,8.2,44492.0,71.4,7.7
660,601332,2016,Unified,135133.0,53.5,8.2,105473.0,64.6,7.8
661,601414,2016,Unified,73578.0,63.2,4.0,53547.0,76.4,3.4
662,601620,2016,Unified,84152.0,54.4,6.3,62412.0,68.3,6.5
663,601770,2016,Unified,63244.0,63.1,3.5,49705.0,74.1,3.6
664,602430,2016,Unified,87885.0,60.7,6.6,70711.0,71.0,6.2
665,602850,2016,Unified,91087.0,59.1,6.4,70484.0,71.5,6.0
666,603600,2016,Unified,56367.0,61.5,6.9,45050.0,72.0,5.6
667,603690,2016,Unified,58339.0,61.9,4.9,46358.0,74.1,4.3
668,604440,2016,Unified,63126.0,56.2,7.0,49141.0,67.9,6.5
669,604740,2016,Unified,106709.0,60.4,4.6,76616.0,73.7,3.8
670,606450,2016,Unified,87626.0,58.4,7.3,63485.0,74.4,6.3
671,607440,2016,Unified,283529.0,64.1,4.4,212178.0,77.1,4.0
672,607500,2016,Unified,59274.0,61.9,5.1,44452.0,76.1,4.6
673,607970,2016,Unified,61319.0,60.2,9.3,49564.0,70.4,9.1
674,608370,2016,Unified,92286.0,57.5,8.6,69494.0,70.9,7.8
675,608460,2016,Unified,155255.0,53.5,6.1,121643.0,63.8,5.4
676,609030,2016,Unified,159107.0,61.7,6.0,119885.0,74.5,6.0
677,609070,2016,Unified,68438.0,55.5,10.8,52056.0,69.5,10.0
678,609390,2016,Unified,91392.0,58.5,8.3,70531.0,70.7,8.0
679,609620,2016,Unified,120722.0,53.9,10.1,92366.0,65.2,9.1
680,609640,2016,Unified,114727.0,60.7,4.8,81673.0,74.6,4.7
681,609850,2016,Unified,221646.0,60.8,6.0,176423.0,71.7,5.5
682,610050,2016,Unified,65755.0,63.3,4.9,49766.0,79.1,4.5
683,610620,2016,Unified,70047.0,49.2,6.0,49947.0,61.7,5.2
684,611110,2016,Unified,156428.0,48.5,7.2,97205.0,68.7,6.6
685,611460,2016,Unified,95735.0,64.3,5.7,74507.0,77.2,5.4
686,612330,2016,Unified,259386.0,57.7,6.9,196546.0,71.2,6.7
687,613360,2016,Unified,110540.0,59.7,6.3,83710.0,72.3,6.0
688,613890,2016,Unified,101611.0,60.4,3.7,77591.0,73.2,3.2
689,613920,2016,Unified,140553.0,61.4,7.7,114260.0,71.3,7.0
690,614400,2016,Unified,181200.0,64.3,3.2,144556.0,76.2,3.2
691,614550,2016,Unified,291647.0,51.0,10.8,223516.0,61.3,10.8
692,614880,2016,Unified,223189.0,59.8,5.5,171000.0,72.0,5.5
693,615180,2016,Unified,48827.0,66.9,5.6,37807.0,78.4,4.9
694,615240,2016,Unified,184853.0,57.8,9.2,136224.0,72.7,8.7
695,616325,2016,Unified,94737.0,58.2,5.4,71864.0,72.1,5.0
696,616740,2016,Unified,147294.0,63.0,3.9,115459.0,75.3,4.0
697,616920,2016,Unified,108666.0,41.3,13.6,71798.0,55.9,12.5
698,618390,2016,Unified,94086.0,59.6,8.8,73446.0,71.6,7.1
699,619260,2016,Unified,80149.0,57.6,8.6,64172.0,68.7,8.1
700,621000,2016,Unified,53372.0,63.0,2.7,36980.0,78.8,2.1
701,622110,2016,Unified,77959.0,68.4,3.5,61438.0,81.6,3.1
702,622230,2016,Unified,130833.0,56.2,7.9,96014.0,69.7,7.3
703,622500,2016,Unified,409425.0,62.1,6.6,325094.0,73.6,6.2
704,622710,2016,Unified,3840920.0,61.0,6.9,3024387.0,72.5,6.4
705,623080,2016,Unified,,,,,,
706,623160,2016,Unified,51397.0,59.2,7.9,41345.0,71.8,6.2
707,623340,2016,Unified,65575.0,52.6,12.6,50732.0,64.3,11.6
708,623610,2016,Unified,100477.0,54.4,10.1,79178.0,65.3,9.7
709,624500,2016,Unified,60932.0,63.6,3.0,49388.0,76.0,3.1
710,625470,2016,Unified,131472.0,55.6,8.0,98281.0,70.1,7.3
711,625530,2016,Unified,70994.0,56.4,3.9,52900.0,68.8,3.3
712,625800,2016,Unified,132313.0,58.4,10.0,108544.0,67.6,9.2
713,625830,2016,Unified,52103.0,64.3,3.7,38197.0,78.0,3.8
714,625860,2016,Unified,55966.0,40.9,11.1,42344.0,49.9,9.9
715,626370,2016,Unified,217519.0,62.2,5.5,165185.0,75.8,5.1
716,626640,2016,Unified,98493.0,63.6,4.7,70514.0,79.3,4.7
717,626910,2016,Unified,67141.0,62.1,4.8,53327.0,74.4,4.9
718,627240,2016,Unified,164625.0,65.9,3.1,126187.0,78.2,2.9
719,627690,2016,Unified,100237.0,55.8,6.7,75490.0,68.9,5.9
720,628050,2016,Unified,346209.0,64.4,6.3,276396.0,76.1,5.9
721,628250,2016,Unified,112434.0,56.5,5.2,86482.0,68.3,4.9
722,628650,2016,Unified,180915.0,63.6,4.9,137228.0,75.0,4.7
723,629490,2016,Unified,96071.0,62.0,6.6,73179.0,74.1,5.8
724,629550,2016,Unified,141103.0,49.1,8.5,91385.0,66.9,8.6
725,629610,2016,Unified,71982.0,54.8,4.4,48024.0,71.3,4.0
726,629850,2016,Unified,58794.0,59.9,6.9,46193.0,72.3,5.5
727,629940,2016,Unified,176299.0,61.1,4.7,133896.0,74.3,4.5
728,630660,2016,Unified,127616.0,63.4,4.7,94078.0,77.4,4.7
729,631320,2016,Unified,131721.0,61.2,8.3,104562.0,71.6,7.3
730,631530,2016,Unified,156916.0,62.2,5.2,119512.0,76.0,5.0
731,632070,2016,Unified,103943.0,54.1,6.5,77200.0,65.6,6.4
732,632370,2016,Unified,91027.0,56.3,10.9,70429.0,67.9,10.0
733,632550,2016,Unified,204805.0,60.6,7.4,158794.0,73.2,7.1
734,633150,2016,Unified,209298.0,55.6,8.8,159425.0,67.0,7.9
735,633750,2016,Unified,90610.0,58.0,4.8,68953.0,71.1,4.9
736,633840,2016,Unified,274142.0,57.1,8.0,209849.0,69.6,7.9
737,633860,2016,Unified,185227.0,64.8,3.6,134615.0,80.7,3.2
738,634170,2016,Unified,188168.0,51.3,11.4,149504.0,60.3,10.4
739,634320,2016,Unified,913140.0,60.8,5.8,722804.0,71.7,5.4
740,634410,2016,Unified,763084.0,67.0,4.5,609870.0,79.4,4.4
741,634590,2016,Unified,220286.0,64.5,5.0,174843.0,75.4,4.9
742,634620,2016,Unified,275367.0,57.2,6.6,202595.0,70.9,6.8
743,634680,2016,Unified,60763.0,61.1,3.7,45826.0,73.9,3.9
744,634710,2016,Unified,66364.0,57.4,3.8,51296.0,71.1,3.4
745,634800,2016,Unified,86620.0,52.7,5.0,59503.0,67.4,3.4
746,634880,2016,Unified,98683.0,62.7,6.3,75310.0,75.7,6.2
747,635130,2016,Unified,114947.0,62.9,3.1,84259.0,77.6,3.2
748,635310,2016,Unified,203467.0,63.8,5.8,165953.0,74.2,5.2
749,635430,2016,Unified,136476.0,66.3,4.6,111351.0,76.1,4.4
750,635700,2016,Unified,96195.0,63.4,5.8,71723.0,76.8,6.0
751,636840,2016,Unified,104813.0,67.0,3.8,79196.0,81.9,3.5
752,637530,2016,Unified,,,,,,
753,638010,2016,Unified,160180.0,51.5,12.1,123391.0,62.6,11.5
754,639420,2016,Unified,119717.0,61.7,4.9,91008.0,75.2,4.8
755,640150,2016,Unified,108180.0,66.5,4.9,84467.0,78.5,3.9
756,640590,2016,Unified,65562.0,61.3,3.6,48504.0,76.0,3.7
757,640740,2016,Unified,101111.0,57.3,10.6,76769.0,69.2,10.4
758,640980,2016,Unified,100434.0,60.0,4.9,75026.0,73.6,5.0
759,641160,2016,Unified,105964.0,54.8,5.1,79810.0,65.8,4.4
760,641190,2016,Unified,120959.0,60.3,3.5,93169.0,72.3,2.8
761,643080,2016,Unified,50254.0,58.8,6.3,39693.0,69.8,5.6
762,643470,2016,Unified,57114.0,53.6,8.6,42073.0,67.2,8.5
763,684500,2016,Unified,190354.0,59.4,5.8,146391.0,70.5,5.4
764,691135,2016,Unified,61066.0,54.0,5.9,46370.0,66.1,5.1
765,602310,2016,Elementary,94609.0,61.2,6.8,72877.0,74.1,6.6
766,602610,2016,Elementary,161824.0,63.9,5.5,131073.0,74.4,5.2
767,603630,2016,Elementary,135056.0,51.2,13.1,104300.0,60.8,12.6
768,604800,2016,Elementary,68849.0,62.2,6.8,53950.0,74.4,6.6
769,605580,2016,Elementary,78600.0,64.2,3.9,61660.0,76.7,3.6
770,606390,2016,Elementary,93404.0,60.2,7.0,73507.0,71.7,7.2
771,606810,2016,Elementary,135574.0,55.8,8.8,103385.0,67.0,8.8
772,607200,2016,Elementary,84547.0,65.5,3.8,67719.0,78.0,3.9
773,608610,2016,Elementary,241767.0,57.2,9.6,185621.0,69.9,8.5
774,610290,2016,Elementary,113102.0,60.0,3.7,85730.0,73.4,3.7
775,611850,2016,Elementary,56885.0,58.8,6.6,44785.0,70.0,6.1
776,612090,2016,Elementary,70873.0,54.5,5.4,52959.0,68.7,5.3
777,612750,2016,Elementary,59827.0,64.0,3.0,43325.0,77.3,2.8
778,612880,2016,Elementary,132981.0,63.9,6.0,104710.0,74.7,5.8
779,612960,2016,Elementary,75447.0,61.3,4.9,61290.0,70.0,4.7
780,613140,2016,Elementary,80886.0,60.9,5.0,58157.0,77.2,4.5
781,613500,2016,Elementary,55142.0,40.5,2.1,39488.0,49.1,2.2
782,614370,2016,Elementary,76071.0,61.9,7.1,60335.0,72.2,7.1
783,614730,2016,Elementary,97765.0,60.9,6.7,74442.0,73.4,6.3
784,615510,2016,Elementary,68733.0,57.1,9.5,47060.0,72.0,6.0
785,616680,2016,Elementary,57771.0,65.8,5.7,48383.0,75.8,5.7
786,618030,2016,Elementary,71164.0,63.1,2.4,51979.0,79.2,2.2
787,618870,2016,Elementary,78390.0,65.6,6.0,60117.0,78.3,6.4
788,620250,2016,Elementary,110199.0,58.6,8.0,85135.0,71.7,8.2
789,620880,2016,Elementary,92528.0,48.1,6.2,72556.0,56.5,6.2
790,623430,2016,Elementary,47539.0,59.4,6.1,38437.0,70.4,6.4
791,624540,2016,Elementary,69912.0,51.3,7.5,47524.0,68.2,5.1
792,624600,2016,Elementary,66490.0,50.2,14.9,50611.0,61.6,12.7
793,625130,2016,Elementary,86082.0,51.1,12.2,66370.0,62.5,12.1
794,626280,2016,Elementary,55667.0,68.3,3.7,45838.0,79.3,3.6
795,627180,2016,Elementary,60408.0,60.4,7.8,43952.0,74.1,7.8
796,627810,2016,Elementary,86808.0,68.7,5.1,70407.0,79.4,5.0
797,629580,2016,Elementary,95250.0,51.1,9.3,74986.0,61.4,8.5
798,628140,2016,Elementary,82822.0,63.5,5.3,62155.0,77.4,5.3
799,628470,2016,Elementary,133468.0,58.0,10.1,108055.0,67.4,9.3
800,629220,2016,Elementary,96238.0,62.6,6.5,74235.0,76.1,6.0
801,630990,2016,Elementary,65078.0,60.3,3.7,44229.0,78.1,3.0
802,632130,2016,Elementary,85170.0,68.8,2.4,69133.0,79.0,2.0
803,633600,2016,Elementary,75263.0,58.1,5.1,55151.0,73.3,4.6
804,633930,2016,Elementary,57700.0,62.1,4.5,45468.0,72.9,4.4
805,634920,2016,Elementary,112664.0,67.7,2.2,85951.0,82.1,2.0
806,635590,2016,Elementary,59126.0,56.8,8.7,41080.0,71.5,6.0
807,635810,2016,Elementary,61410.0,63.3,6.3,47525.0,72.8,7.0
808,635970,2016,Elementary,85551.0,66.8,5.5,68880.0,77.1,5.1
809,637380,2016,Elementary,68587.0,52.4,13.9,52245.0,64.5,13.1
810,638220,2016,Elementary,49169.0,64.1,6.2,38665.0,76.0,5.8
811,638460,2016,Elementary,76665.0,69.5,3.9,63552.0,80.0,3.8
812,638670,2016,Elementary,60926.0,58.1,8.3,45997.0,72.3,7.7
813,641040,2016,Elementary,73616.0,47.2,16.2,56454.0,57.8,15.6
814,642120,2016,Elementary,53786.0,51.7,6.8,42318.0,62.3,5.9
815,642150,2016,Elementary,67232.0,57.1,5.5,50362.0,71.5,5.7
816,642450,2016,Elementary,53140.0,60.3,5.5,40146.0,74.1,5.5
817,601650,2016,Secondary,100100.0,59.5,3.4,65530.0,78.9,2.0
818,602630,2016,Secondary,319085.0,61.4,5.3,248541.0,74.0,5.0
819,602820,2016,Secondary,287277.0,49.5,7.9,224249.0,59.5,7.4
820,606019,2016,Secondary,87007.0,56.3,8.9,57115.0,72.6,5.9
821,606034,2016,Secondary,69912.0,51.3,7.5,47524.0,68.2,5.1
822,607230,2016,Secondary,180987.0,65.6,3.1,144432.0,77.8,3.1
823,607920,2016,Secondary,119432.0,65.0,5.6,97565.0,75.7,5.7
824,608160,2016,Secondary,325335.0,60.4,8.0,260795.0,70.3,7.3
825,610860,2016,Secondary,51366.0,41.0,16.1,41758.0,47.6,16.0
826,611820,2016,Secondary,440448.0,63.6,6.2,344261.0,75.8,6.0
827,612070,2016,Secondary,115181.0,52.1,5.3,79678.0,67.9,5.2
828,612120,2016,Secondary,136261.0,55.4,6.6,102987.0,69.0,6.3
829,612910,2016,Secondary,135411.0,63.6,5.9,106438.0,74.5,5.7
830,613530,2016,Secondary,57342.0,40.9,2.2,40993.0,49.9,2.2
831,614430,2016,Secondary,189767.0,63.8,3.8,149282.0,76.2,3.7
832,614760,2016,Secondary,207526.0,60.3,7.0,158861.0,72.7,6.4
833,616230,2016,Secondary,384432.0,58.0,7.4,293732.0,70.1,7.4
834,616500,2016,Secondary,54727.0,56.4,6.9,41566.0,67.9,7.1
835,618060,2016,Secondary,269197.0,60.7,4.7,198561.0,76.0,4.4
836,618930,2016,Secondary,126478.0,66.6,5.0,96716.0,80.0,5.2
837,619540,2016,Secondary,462944.0,55.1,10.4,361985.0,65.7,9.9
838,621600,2016,Secondary,93297.0,58.2,7.0,69858.0,71.6,5.7
839,624660,2016,Secondary,130438.0,50.7,14.3,98805.0,62.3,12.7
840,625150,2016,Secondary,207535.0,55.3,9.9,159023.0,67.4,9.6
841,626310,2016,Secondary,91555.0,64.4,3.8,71612.0,77.8,3.7
842,626880,2016,Secondary,70796.0,45.4,5.8,43872.0,62.4,6.0
843,629270,2016,Secondary,256886.0,61.6,5.2,194096.0,75.3,4.7
844,630250,2016,Secondary,63936.0,59.4,3.9,44602.0,75.0,3.6
845,630750,2016,Secondary,79028.0,54.6,5.0,54876.0,70.8,5.1
846,633630,2016,Secondary,145536.0,58.8,5.0,104631.0,75.2,4.1
847,633980,2016,Secondary,134139.0,62.3,3.5,105340.0,73.4,3.4
848,634380,2016,Secondary,140164.0,62.5,3.4,100848.0,76.8,3.3
849,635670,2016,Secondary,116290.0,63.6,4.6,89563.0,76.5,4.4
850,634980,2016,Secondary,198179.0,66.7,2.7,150643.0,81.4,2.5
851,635110,2016,Secondary,60249.0,56.6,5.8,43290.0,69.0,6.4
852,635600,2016,Secondary,82371.0,57.0,6.7,58377.0,70.2,4.8
853,635830,2016,Secondary,177246.0,62.7,5.6,130747.0,75.4,5.5
854,636390,2016,Secondary,205226.0,67.2,3.2,158417.0,79.7,3.1
855,636600,2016,Secondary,85090.0,50.4,6.0,58273.0,64.8,5.5
856,636972,2016,Secondary,119572.0,46.4,13.4,93484.0,56.0,12.6
857,638640,2016,Secondary,391423.0,54.8,10.0,302625.0,66.6,9.0
858,638790,2016,Secondary,97603.0,62.5,4.3,65278.0,76.4,4.2
859,639930,2016,Secondary,61209.0,54.5,7.4,46971.0,65.0,7.2
860,642480,2016,Secondary,175273.0,58.5,5.3,134590.0,71.3,5.0
861,642510,2016,Secondary,217047.0,62.6,6.2,169739.0,73.8,5.9
862,609070,2017,Unified,67426.0,52.9,16.7,52971.0,64.6,15.7
863,609390,2017,Unified,89037.0,57.7,5.5,71964.0,67.8,5.4
864,609620,2017,Unified,114688.0,53.9,8.1,92881.0,63.2,7.6
865,609640,2017,Unified,111769.0,61.8,3.1,77249.0,78.5,2.3
866,609850,2017,Unified,221791.0,61.9,5.0,173109.0,74.2,4.6
867,610050,2017,Unified,66030.0,59.9,7.3,49623.0,74.2,6.5
868,610620,2017,Unified,70765.0,50.8,9.1,50296.0,62.3,9.6
869,611110,2017,Unified,162618.0,48.9,7.2,102451.0,66.8,7.2
870,611460,2017,Unified,97028.0,61.1,6.4,75937.0,73.5,6.0
871,612330,2017,Unified,265529.0,57.5,6.7,201790.0,70.2,6.4
872,613360,2017,Unified,109247.0,60.0,5.7,83333.0,72.2,4.1
873,613890,2017,Unified,103934.0,60.3,5.6,81256.0,71.9,5.3
874,613920,2017,Unified,138080.0,60.4,8.3,112668.0,70.3,6.8
875,614400,2017,Unified,184698.0,63.9,4.2,147085.0,76.0,4.2
876,614550,2017,Unified,299841.0,52.7,10.5,231004.0,63.6,9.4
877,614880,2017,Unified,228393.0,60.6,4.0,173822.0,74.9,3.8
878,615180,2017,Unified,51275.0,63.7,4.7,38284.0,77.1,4.5
879,615240,2017,Unified,191511.0,56.5,5.2,142162.0,69.9,5.3
880,616325,2017,Unified,100908.0,60.6,6.5,76812.0,73.7,6.0
881,616740,2017,Unified,147486.0,67.0,3.4,117373.0,80.2,3.2
882,616920,2017,Unified,117234.0,45.8,11.2,79339.0,61.1,11.2
883,618390,2017,Unified,90464.0,58.6,7.5,67518.0,71.9,7.0
884,619260,2017,Unified,78248.0,59.1,7.1,61139.0,69.9,5.6
885,621000,2017,Unified,55670.0,62.0,4.6,39949.0,72.8,5.1
886,622110,2017,Unified,78126.0,67.8,2.2,60636.0,80.5,2.2
887,622230,2017,Unified,129047.0,56.9,7.4,96755.0,69.4,6.4
888,622500,2017,Unified,415722.0,61.5,6.2,328709.0,72.7,5.6
889,622710,2017,Unified,3872722.0,62.1,6.4,3045809.0,73.7,6.1
890,623080,2017,Unified,,,,,,
891,623160,2017,Unified,50480.0,54.3,9.2,41624.0,63.5,8.9
892,623340,2017,Unified,67627.0,52.9,9.5,52309.0,65.4,8.6
893,623610,2017,Unified,107162.0,53.0,6.7,81186.0,65.3,6.2
894,624090,2017,Unified,,,,,,
895,624500,2017,Unified,60373.0,67.8,2.6,48533.0,79.0,2.6
896,625470,2017,Unified,127892.0,58.6,5.7,95991.0,73.1,5.3
897,625530,2017,Unified,78949.0,59.0,5.8,59221.0,70.9,5.2
898,625800,2017,Unified,136119.0,58.6,9.0,108539.0,68.5,8.1
899,625830,2017,Unified,51030.0,66.5,4.0,40336.0,76.7,3.8
900,625860,2017,Unified,57258.0,39.9,14.3,42469.0,49.5,13.7
901,626370,2017,Unified,214482.0,62.6,4.4,163197.0,76.1,4.2
902,626640,2017,Unified,99594.0,63.6,4.3,72191.0,79.1,4.4
903,626910,2017,Unified,67366.0,65.9,3.0,53173.0,79.4,2.6
904,627240,2017,Unified,164935.0,65.8,3.1,124231.0,79.4,2.7
905,627690,2017,Unified,101954.0,60.6,5.8,75937.0,75.4,5.6
906,627720,2017,Unified,,,,,,
907,628050,2017,Unified,349738.0,64.3,6.8,277854.0,75.5,6.7
908,628250,2017,Unified,115947.0,56.7,6.7,86172.0,67.4,7.1
909,628650,2017,Unified,181879.0,63.4,2.8,140268.0,75.4,2.7
910,629490,2017,Unified,86879.0,60.6,6.9,64422.0,73.7,7.3
911,600014,2017,Unified,80751.0,49.3,11.8,60671.0,62.7,8.9
912,600016,2017,Unified,61561.0,59.1,8.6,45840.0,73.0,8.0
913,600017,2017,Unified,62197.0,46.8,10.8,44084.0,63.2,9.3
914,600020,2017,Unified,68050.0,68.0,2.4,52046.0,81.0,2.5
915,600027,2017,Unified,103567.0,58.7,8.1,82855.0,68.6,7.9
916,600028,2017,Unified,124880.0,60.4,5.0,95470.0,72.1,4.8
917,600029,2017,Unified,86824.0,55.3,8.1,61835.0,71.6,7.7
918,600032,2017,Unified,55809.0,67.4,3.0,45247.0,79.4,2.8
919,600036,2017,Unified,62148.0,67.0,6.5,52288.0,75.8,5.9
920,600047,2017,Unified,63296.0,63.0,3.1,49441.0,76.3,2.8
921,600153,2017,Unified,104160.0,56.1,4.2,74765.0,73.3,4.0
922,600158,2017,Unified,60091.0,59.1,8.4,44912.0,71.5,7.6
923,601332,2017,Unified,134619.0,55.4,7.8,106655.0,66.1,7.9
924,601414,2017,Unified,75781.0,68.9,4.3,55067.0,83.3,3.7
925,601620,2017,Unified,90383.0,58.7,6.3,66148.0,73.9,5.8
926,601770,2017,Unified,62878.0,64.4,3.3,47597.0,77.5,3.3
927,602430,2017,Unified,90383.0,61.4,7.2,71042.0,74.4,6.0
928,602850,2017,Unified,88802.0,58.3,9.3,68925.0,70.6,8.3
929,603600,2017,Unified,58055.0,60.8,5.4,44380.0,73.2,5.2
930,603690,2017,Unified,61282.0,62.8,5.5,47925.0,75.7,5.5
931,604440,2017,Unified,66270.0,63.0,5.8,51232.0,77.3,4.6
932,604740,2017,Unified,107304.0,58.7,5.5,77688.0,70.1,5.6
933,606450,2017,Unified,86929.0,66.3,6.3,68227.0,79.2,6.5
934,607440,2017,Unified,291376.0,62.9,4.1,213455.0,77.6,4.0
935,607500,2017,Unified,63300.0,58.2,4.3,44438.0,75.6,3.1
936,607970,2017,Unified,54456.0,60.4,9.8,41489.0,73.1,7.8
937,608370,2017,Unified,95641.0,59.8,6.1,69700.0,73.3,5.8
938,608460,2017,Unified,155436.0,53.1,4.9,122762.0,62.7,4.6
939,609030,2017,Unified,164423.0,58.7,4.5,121113.0,73.1,3.5
940,629550,2017,Unified,142411.0,47.5,7.7,92873.0,63.2,8.0
941,629610,2017,Unified,69606.0,58.8,4.1,48707.0,74.1,4.0
942,629850,2017,Unified,59748.0,59.4,5.6,48201.0,70.7,4.9
943,629940,2017,Unified,178257.0,62.5,4.2,135407.0,76.4,4.2
944,630660,2017,Unified,137438.0,65.2,3.9,105041.0,78.4,3.2
945,631320,2017,Unified,135423.0,58.3,5.9,103628.0,71.2,5.0
946,631530,2017,Unified,167116.0,64.1,4.9,126145.0,78.5,4.2
947,632070,2017,Unified,103940.0,56.1,4.8,77803.0,69.7,4.6
948,632370,2017,Unified,89999.0,58.4,10.6,72637.0,68.7,9.4
949,632550,2017,Unified,210831.0,61.5,5.4,162690.0,74.8,4.9
950,633150,2017,Unified,211177.0,58.8,6.6,162503.0,71.1,6.0
951,633750,2017,Unified,91495.0,56.4,5.7,66919.0,73.1,5.0
952,633840,2017,Unified,272637.0,58.1,8.0,211091.0,70.6,7.7
953,633860,2017,Unified,177509.0,63.2,4.5,130357.0,76.8,4.2
954,634170,2017,Unified,210805.0,50.2,11.6,167368.0,60.2,10.8
955,634320,2017,Unified,918353.0,61.7,6.0,728186.0,73.2,5.5
956,634410,2017,Unified,777887.0,68.7,3.8,615581.0,81.2,3.5
957,634590,2017,Unified,222431.0,65.1,5.0,173964.0,76.7,5.0
958,634620,2017,Unified,275336.0,57.6,4.9,199270.0,72.6,4.1
959,634680,2017,Unified,61057.0,55.7,6.9,44783.0,70.4,7.0
960,634710,2017,Unified,67956.0,61.7,5.7,52018.0,74.8,5.5
961,634800,2017,Unified,82604.0,49.9,3.9,54848.0,64.9,3.2
962,634880,2017,Unified,101844.0,63.2,3.1,76358.0,76.7,2.6
963,635130,2017,Unified,117364.0,62.0,2.9,83977.0,77.1,2.9
964,635310,2017,Unified,202369.0,67.2,4.3,167187.0,76.5,3.9
965,635430,2017,Unified,142806.0,66.3,3.0,113366.0,78.0,3.0
966,635700,2017,Unified,94060.0,60.6,6.1,66652.0,75.1,5.5
967,636840,2017,Unified,105106.0,61.7,5.2,77927.0,76.9,4.6
968,637530,2017,Unified,,,,,,
969,638010,2017,Unified,156327.0,52.8,7.1,119729.0,64.8,6.4
970,639420,2017,Unified,120535.0,59.0,5.0,88316.0,74.9,5.2
971,640150,2017,Unified,111766.0,65.6,2.6,85832.0,78.7,2.1
972,640590,2017,Unified,68475.0,58.5,4.1,50726.0,71.6,3.8
973,640740,2017,Unified,100578.0,57.7,9.5,75673.0,70.4,8.7
974,640980,2017,Unified,98358.0,60.3,6.3,72716.0,74.7,6.3
975,641160,2017,Unified,113444.0,60.7,5.8,88294.0,71.6,5.5
976,641190,2017,Unified,124276.0,63.3,4.8,95392.0,75.5,4.3
977,643080,2017,Unified,49504.0,62.5,3.6,38569.0,75.9,3.1
978,643470,2017,Unified,59048.0,49.7,7.6,43620.0,62.3,6.6
979,684500,2017,Unified,193438.0,60.3,4.3,155000.0,70.2,4.1
980,691135,2017,Unified,72651.0,55.7,10.8,57404.0,67.8,10.5
981,602310,2017,Elementary,91208.0,63.0,4.3,68829.0,76.7,4.1
982,602610,2017,Elementary,159220.0,62.6,6.1,128711.0,72.6,5.3
983,603630,2017,Elementary,138323.0,50.9,12.2,105055.0,61.7,10.3
984,604800,2017,Elementary,66868.0,61.7,5.2,50046.0,76.9,5.0
985,605580,2017,Elementary,78914.0,63.3,4.6,62794.0,73.7,4.6
986,605910,2017,Elementary,,,,,,
987,606390,2017,Elementary,103262.0,58.4,6.5,79741.0,71.3,6.3
988,606810,2017,Elementary,133016.0,61.1,5.8,102113.0,73.0,5.5
989,607200,2017,Elementary,78809.0,69.0,2.4,63162.0,80.4,2.1
990,608610,2017,Elementary,245086.0,56.1,9.9,186727.0,70.3,7.9
991,610290,2017,Elementary,118184.0,62.1,3.7,89246.0,76.8,3.8
992,611850,2017,Elementary,54905.0,60.5,2.9,40168.0,76.6,2.9
993,612090,2017,Elementary,66372.0,58.2,4.2,50133.0,72.6,3.9
994,612750,2017,Elementary,60354.0,61.6,4.8,42390.0,77.1,4.4
995,612880,2017,Elementary,132222.0,63.4,3.7,101630.0,76.8,3.5
996,612960,2017,Elementary,,,,,,
997,613140,2017,Elementary,80846.0,61.6,6.4,61040.0,75.4,6.7
998,613500,2017,Elementary,52559.0,38.2,6.3,37164.0,47.2,6.3
999,614370,2017,Elementary,75516.0,63.6,3.1,57833.0,77.2,3.0
1000,614730,2017,Elementary,99770.0,60.3,6.7,75184.0,73.3,6.2
1001,615510,2017,Elementary,71578.0,57.4,8.7,49158.0,69.6,8.0
1002,616680,2017,Elementary,58978.0,64.9,5.5,48342.0,75.8,5.1
1003,618030,2017,Elementary,66978.0,61.1,3.5,47513.0,77.1,3.3
1004,618870,2017,Elementary,79874.0,66.5,4.0,62535.0,80.0,3.0
1005,620250,2017,Elementary,113079.0,60.5,7.2,88240.0,71.9,6.9
1006,620880,2017,Elementary,83152.0,52.5,5.3,66332.0,61.6,4.9
1007,623430,2017,Elementary,52191.0,65.2,4.8,40800.0,77.9,3.9
1008,624540,2017,Elementary,77263.0,54.0,6.5,57799.0,67.0,6.5
1009,624600,2017,Elementary,63823.0,47.0,11.8,48371.0,58.9,10.1
1010,625130,2017,Elementary,90769.0,54.3,8.9,69204.0,65.8,7.6
1011,626280,2017,Elementary,60789.0,72.9,3.0,50216.0,82.5,3.1
1012,627180,2017,Elementary,52613.0,63.3,4.1,38714.0,77.4,4.1
1013,627810,2017,Elementary,93620.0,67.9,5.1,76789.0,78.6,4.4
1014,628140,2017,Elementary,86181.0,65.9,4.2,63981.0,80.4,3.9
1015,628470,2017,Elementary,140699.0,58.8,7.4,110245.0,70.2,6.8
1016,629220,2017,Elementary,100118.0,62.4,5.6,77388.0,75.0,5.1
1017,629580,2017,Elementary,97533.0,52.0,8.2,76230.0,63.0,8.2
1018,630990,2017,Elementary,64893.0,59.3,5.9,45488.0,75.4,5.3
1019,632130,2017,Elementary,85891.0,69.9,1.9,67599.0,81.6,1.6
1020,633600,2017,Elementary,76749.0,59.1,3.5,54878.0,75.3,3.3
1021,633930,2017,Elementary,63857.0,61.8,4.6,49905.0,73.7,4.4
1022,634920,2017,Elementary,111373.0,67.2,3.5,83867.0,81.5,3.1
1023,635590,2017,Elementary,60106.0,58.5,9.2,42942.0,69.1,8.5
1024,635810,2017,Elementary,,,,,,
1025,635970,2017,Elementary,81336.0,66.3,4.9,64711.0,77.1,3.8
1026,637380,2017,Elementary,62341.0,57.1,6.5,48207.0,69.0,5.4
1027,638220,2017,Elementary,52545.0,62.3,5.8,41518.0,73.2,6.0
1028,638460,2017,Elementary,75985.0,69.9,4.1,63458.0,79.7,4.1
1029,638670,2017,Elementary,59747.0,57.9,7.1,44055.0,73.6,6.5
1030,639870,2017,Elementary,43944.0,59.4,4.9,35095.0,72.1,4.2
1031,641040,2017,Elementary,73642.0,47.4,16.4,55064.0,60.5,14.6
1032,642120,2017,Elementary,60018.0,51.6,4.3,46370.0,61.9,4.0
1033,642150,2017,Elementary,67476.0,57.9,6.0,49850.0,72.8,6.3
1034,642450,2017,Elementary,54807.0,57.8,3.5,41780.0,71.1,3.1
1035,601650,2017,Secondary,97561.0,58.3,2.7,63029.0,77.7,2.8
1036,602630,2017,Secondary,318227.0,60.9,5.3,246046.0,73.5,4.6
1037,602820,2017,Secondary,289577.0,51.1,6.5,226691.0,61.3,6.3
1038,606019,2017,Secondary,92779.0,57.7,7.4,61782.0,72.1,6.7
1039,606034,2017,Secondary,77263.0,54.0,6.5,57799.0,67.0,6.5
1040,607230,2017,Secondary,184603.0,67.7,3.2,145847.0,79.5,3.1
1041,607920,2017,Secondary,118543.0,65.3,5.6,97457.0,75.4,5.1
1042,608160,2017,Secondary,330347.0,62.6,5.9,262183.0,73.7,5.2
1043,610860,2017,Secondary,53777.0,48.2,14.1,43607.0,55.6,13.8
1044,611820,2017,Secondary,442231.0,64.1,4.7,343077.0,77.1,4.4
1045,612070,2017,Secondary,120006.0,51.6,3.5,82781.0,67.0,3.0
1046,612120,2017,Secondary,142668.0,58.6,4.8,109896.0,71.6,4.4
1047,612910,2017,Secondary,134458.0,63.5,3.6,103064.0,76.9,3.5
1048,613530,2017,Secondary,55054.0,39.0,6.0,38635.0,48.3,6.0
1049,614430,2017,Secondary,194169.0,65.2,3.8,152704.0,78.0,3.9
1050,614760,2017,Secondary,209471.0,62.1,5.9,160835.0,74.9,5.2
1051,616230,2017,Secondary,382890.0,60.8,6.2,293720.0,72.6,5.9
1052,616500,2017,Secondary,54702.0,56.9,6.3,41835.0,70.4,5.8
1053,618060,2017,Secondary,265794.0,61.2,4.3,191345.0,76.9,4.1
1054,618930,2017,Secondary,129603.0,66.8,3.9,99083.0,81.1,3.2
1055,619540,2017,Secondary,470576.0,53.9,9.4,363674.0,65.2,8.2
1056,621600,2017,Secondary,100287.0,61.5,5.5,75894.0,74.9,5.1
1057,624660,2017,Secondary,131635.0,50.3,11.9,100062.0,62.6,10.2
1058,625150,2017,Secondary,216048.0,55.8,7.9,161653.0,68.8,7.3
1059,626310,2017,Secondary,95137.0,68.2,3.1,74359.0,80.7,3.2
1060,626880,2017,Secondary,72890.0,52.2,3.9,44622.0,71.1,3.1
1061,629270,2017,Secondary,263216.0,61.4,6.1,202639.0,74.0,5.5
1062,630250,2017,Secondary,62266.0,61.2,4.5,45180.0,77.0,4.3
1063,630750,2017,Secondary,79894.0,52.7,4.9,53397.0,70.7,3.8
1064,633630,2017,Secondary,143587.0,60.3,4.2,105059.0,75.5,3.4
1065,633980,2017,Secondary,128304.0,60.6,4.6,99927.0,72.5,4.6
1066,634380,2017,Secondary,138888.0,62.6,3.8,101765.0,77.9,3.4
1067,634980,2017,Secondary,196584.0,65.2,4.1,145990.0,80.3,4.0
1068,635110,2017,Secondary,62219.0,59.0,3.0,42630.0,74.7,2.6
1069,635600,2017,Secondary,87243.0,57.6,8.7,61931.0,69.5,8.3
1070,635670,2017,Secondary,113804.0,62.1,5.1,88217.0,73.6,4.8
1071,635830,2017,Secondary,173354.0,60.7,4.2,124465.0,74.6,4.1
1072,636390,2017,Secondary,211668.0,67.5,3.4,163709.0,79.3,3.2
1073,636600,2017,Secondary,83709.0,54.2,3.5,58414.0,68.2,3.0
1074,636972,2017,Secondary,117728.0,47.1,13.2,90104.0,58.7,11.7
1075,638640,2017,Secondary,390043.0,54.6,9.0,301252.0,67.1,7.5
1076,638790,2017,Secondary,93797.0,59.0,5.0,62959.0,74.3,5.4
1077,639930,2017,Secondary,57010.0,57.6,5.9,45072.0,69.7,5.0
1078,642480,2017,Secondary,177140.0,58.6,3.5,133678.0,72.9,3.2
1079,642510,2017,Secondary,208964.0,62.6,5.0,163856.0,73.5,4.6
