,Unnamed: 0,Unnamed: 0.1,Total!!Estimate!!Population 16 years and over,Total!!Estimate!!Population 20 to 64 years,Employment/Population Ratio!!Estimate!!Population 16 years and over,Employment/Population Ratio!!Estimate!!Population 20 to 64 years,Unemployment rate!!Estimate!!Population 16 years and over,Unemployment rate!!Estimate!!Population 20 to 64 years,NCESDist,year,School District Type,Estimate!!Total!!Population 16 years and over,Estimate!!Employment/Population Ratio!!Population 16 years and over,Estimate!!Unemployment rate!!Population 16 years and over,Estimate!!Total!!Population 20 to 64 years,Estimate!!Employment/Population Ratio!!Population 20 to 64 years,Estimate!!Unemployment rate!!Population 20 to 64 years
0,0,1,74447.0,58032.0,50.4,61.2,14.7,13.8,600014,2015,Unified,,,,,,
1,1,2,63117.0,47536.0,58.9,72.4,3.7,3.3,600016,2015,Unified,,,,,,
2,2,3,60729.0,41043.0,45.6,61.5,11.9,10.7,600017,2015,Unified,,,,,,
3,3,4,61495.0,46442.0,63.4,76.7,3.9,3.5,600020,2015,Unified,,,,,,
4,4,5,100489.0,77187.0,53.9,66.2,9.6,8.1,600027,2015,Unified,,,,,,
5,5,6,119914.0,92804.0,58.6,70.5,8.5,7.6,600028,2015,Unified,,,,,,
6,6,7,86904.0,65559.0,53.6,66.3,11.2,11.1,600029,2015,Unified,,,,,,
7,7,8,56565.0,46691.0,70.4,80.3,5.5,5.5,600032,2015,Unified,,,,,,
8,8,9,60666.0,52973.0,70.5,77.4,4.3,4.1,600036,2015,Unified,,,,,,
9,9,10,60336.0,47430.0,64.2,76.1,8.0,7.2,600047,2015,Unified,,,,,,
10,10,11,103718.0,78914.0,56.8,71.6,5.0,5.1,600153,2015,Unified,,,,,,
11,11,12,56695.0,41132.0,55.2,69.8,7.7,7.6,600158,2015,Unified,,,,,,
12,12,13,138686.0,108480.0,51.9,62.0,9.2,8.5,601332,2015,Unified,,,,,,
13,13,14,73919.0,54677.0,66.9,82.0,4.2,3.9,601414,2015,Unified,,,,,,
14,14,15,83008.0,61243.0,54.1,68.4,7.4,7.3,601620,2015,Unified,,,,,,
15,15,16,64837.0,51113.0,62.2,74.9,4.3,4.2,601770,2015,Unified,,,,,,
16,16,17,85102.0,68016.0,61.1,71.7,7.6,5.8,602430,2015,Unified,,,,,,
17,17,18,87714.0,69094.0,57.3,66.7,7.5,7.6,602850,2015,Unified,,,,,,
18,18,19,57942.0,46028.0,56.9,66.7,9.2,8.1,603600,2015,Unified,,,,,,
19,19,20,59558.0,45306.0,56.3,68.1,4.6,4.8,603690,2015,Unified,,,,,,
20,20,21,65930.0,49513.0,54.1,68.2,5.6,4.4,604440,2015,Unified,,,,,,
21,21,22,107090.0,77909.0,59.2,71.3,7.0,6.6,604740,2015,Unified,,,,,,
22,22,23,84504.0,64964.0,62.0,74.5,6.4,6.7,606450,2015,Unified,,,,,,
23,23,24,294657.0,218508.0,62.9,75.8,4.4,4.3,607440,2015,Unified,,,,,,
24,24,25,62401.0,44351.0,59.2,74.6,5.7,5.5,607500,2015,Unified,,,,,,
25,25,26,57253.0,46212.0,57.6,68.3,9.8,9.1,607970,2015,Unified,,,,,,
26,26,27,94506.0,70609.0,56.6,69.5,10.2,9.6,608370,2015,Unified,,,,,,
27,27,28,154311.0,125563.0,54.9,63.6,7.5,7.1,608460,2015,Unified,,,,,,
28,28,29,160516.0,120630.0,60.9,74.5,6.1,5.4,609030,2015,Unified,,,,,,
29,29,30,73890.0,57114.0,53.6,65.7,13.2,13.1,609070,2015,Unified,,,,,,
30,30,31,84193.0,66111.0,58.2,70.3,6.1,5.6,609390,2015,Unified,,,,,,
31,31,32,121773.0,95759.0,54.8,65.4,10.8,9.9,609620,2015,Unified,,,,,,
32,32,33,112051.0,78597.0,61.0,77.9,7.1,5.6,609640,2015,Unified,,,,,,
33,33,34,212270.0,168976.0,61.2,72.6,7.3,6.1,609850,2015,Unified,,,,,,
34,34,35,61965.0,46541.0,61.1,76.0,6.2,5.5,610050,2015,Unified,,,,,,
35,35,36,67810.0,49649.0,52.6,64.7,5.2,4.9,610620,2015,Unified,,,,,,
36,36,37,156969.0,96812.0,52.0,74.3,7.4,6.6,611110,2015,Unified,,,,,,
37,37,38,101456.0,79868.0,60.3,72.6,5.3,4.7,611460,2015,Unified,,,,,,
38,38,39,260823.0,206221.0,58.0,69.7,8.5,7.9,612330,2015,Unified,,,,,,
39,39,40,106568.0,83686.0,58.5,69.4,9.8,9.7,613360,2015,Unified,,,,,,
40,40,41,100101.0,80184.0,60.3,70.0,7.9,7.3,613890,2015,Unified,,,,,,
41,41,42,139892.0,115150.0,58.2,67.2,10.9,10.5,613920,2015,Unified,,,,,,
42,42,43,186798.0,149118.0,62.4,74.4,3.8,3.7,614400,2015,Unified,,,,,,
43,43,44,295616.0,227125.0,52.0,62.3,11.8,11.3,614550,2015,Unified,,,,,,
44,44,45,229103.0,174641.0,59.0,72.2,5.9,5.8,614880,2015,Unified,,,,,,
45,45,46,187147.0,144333.0,57.6,69.9,8.0,7.8,615240,2015,Unified,,,,,,
46,46,47,98681.0,73194.0,55.7,69.8,7.2,6.9,616325,2015,Unified,,,,,,
47,47,48,142549.0,114919.0,62.7,74.1,5.2,5.0,616740,2015,Unified,,,,,,
48,48,49,104700.0,71046.0,41.2,55.5,16.1,15.0,616920,2015,Unified,,,,,,
49,49,50,91019.0,69215.0,57.9,70.9,12.0,11.5,618390,2015,Unified,,,,,,
50,50,51,77747.0,59608.0,54.3,66.3,12.7,11.1,619260,2015,Unified,,,,,,
51,51,52,52022.0,37302.0,58.7,71.2,5.1,5.1,621000,2015,Unified,,,,,,
52,52,53,73297.0,58733.0,69.0,80.8,2.1,2.1,622110,2015,Unified,,,,,,
53,53,54,130111.0,95711.0,55.8,69.8,8.6,7.1,622230,2015,Unified,,,,,,
54,54,55,415182.0,327984.0,59.7,71.3,5.9,5.6,622500,2015,Unified,,,,,,
55,55,56,3812660.0,3020582.0,60.6,71.8,7.4,7.0,622710,2015,Unified,,,,,,
56,56,57,-999999999.0,-999999999.0,-999999999.0,-999999999.0,-999999999.0,-999999999.0,623080,2015,Unified,,,,,,
57,57,58,51561.0,41838.0,59.2,69.0,9.3,8.1,623160,2015,Unified,,,,,,
58,58,59,63141.0,48482.0,61.3,72.7,5.6,5.4,623340,2015,Unified,,,,,,
59,59,60,97902.0,76769.0,51.6,62.6,12.4,11.7,623610,2015,Unified,,,,,,
60,60,61,62154.0,49162.0,59.5,70.6,5.1,5.3,624500,2015,Unified,,,,,,
61,61,62,134547.0,104354.0,56.6,69.6,8.3,7.6,625470,2015,Unified,,,,,,
62,62,63,73556.0,54411.0,54.4,67.1,5.4,4.9,625530,2015,Unified,,,,,,
63,63,64,132958.0,105380.0,57.1,68.0,10.1,8.7,625800,2015,Unified,,,,,,
64,64,65,51775.0,38892.0,60.1,73.7,4.7,3.9,625830,2015,Unified,,,,,,
65,65,66,54244.0,40565.0,37.4,46.0,11.1,10.7,625860,2015,Unified,,,,,,
66,66,67,218842.0,169485.0,62.2,74.6,6.8,6.4,626370,2015,Unified,,,,,,
67,67,68,96454.0,71294.0,62.2,76.6,4.7,4.5,626640,2015,Unified,,,,,,
68,68,69,66681.0,50857.0,59.5,72.8,4.5,4.5,626910,2015,Unified,,,,,,
69,69,70,168049.0,127204.0,63.9,77.2,5.0,4.9,627240,2015,Unified,,,,,,
70,70,71,101074.0,75781.0,55.9,69.4,6.4,5.5,627690,2015,Unified,,,,,,
71,71,72,342395.0,275859.0,63.5,74.0,7.0,6.5,628050,2015,Unified,,,,,,
72,72,73,110376.0,85641.0,58.0,69.0,7.2,7.2,628250,2015,Unified,,,,,,
73,73,74,178990.0,137376.0,61.4,73.1,6.6,6.1,628650,2015,Unified,,,,,,
74,74,75,88015.0,67267.0,57.1,68.0,7.0,6.8,629490,2015,Unified,,,,,,
75,75,76,140854.0,94372.0,47.1,62.3,9.2,8.4,629550,2015,Unified,,,,,,
76,76,77,70824.0,49475.0,56.4,73.3,3.1,2.5,629610,2015,Unified,,,,,,
77,77,78,60044.0,47621.0,61.4,73.3,5.6,4.6,629850,2015,Unified,,,,,,
78,78,79,176499.0,133429.0,63.2,76.6,6.3,5.9,629940,2015,Unified,,,,,,
79,79,80,136253.0,104677.0,64.5,78.1,5.0,4.8,630660,2015,Unified,,,,,,
80,80,81,133502.0,102256.0,55.2,67.2,10.1,8.8,631320,2015,Unified,,,,,,
81,81,82,149201.0,111825.0,61.8,77.0,4.4,3.9,631530,2015,Unified,,,,,,
82,82,83,100468.0,74977.0,55.2,68.3,6.7,6.5,632070,2015,Unified,,,,,,
83,83,84,94560.0,73722.0,55.9,66.6,10.3,9.9,632370,2015,Unified,,,,,,
84,84,85,207525.0,158424.0,61.0,74.0,6.3,5.8,632550,2015,Unified,,,,,,
85,85,86,204819.0,160505.0,58.0,70.4,7.8,7.0,633150,2015,Unified,,,,,,
86,86,87,94816.0,71157.0,57.5,70.6,6.8,6.4,633750,2015,Unified,,,,,,
87,87,88,262547.0,198406.0,55.6,69.3,8.3,7.5,633840,2015,Unified,,,,,,
88,88,89,178359.0,129800.0,63.3,78.6,4.1,3.9,633860,2015,Unified,,,,,,
89,89,90,203973.0,162972.0,52.1,61.3,11.4,9.8,634170,2015,Unified,,,,,,
90,90,91,897205.0,719053.0,60.9,70.9,6.8,6.3,634320,2015,Unified,,,,,,
91,91,92,760939.0,608133.0,66.5,78.5,5.1,4.9,634410,2015,Unified,,,,,,
92,92,93,220652.0,174675.0,64.9,76.5,5.4,5.0,634590,2015,Unified,,,,,,
93,93,94,272754.0,195378.0,54.5,69.1,9.7,9.0,634620,2015,Unified,,,,,,
94,94,95,57490.0,43090.0,64.2,78.1,6.1,5.7,634680,2015,Unified,,,,,,
95,95,96,69197.0,54170.0,62.5,75.0,6.0,5.8,634710,2015,Unified,,,,,,
96,96,97,85272.0,57878.0,50.9,63.5,5.6,5.2,634800,2015,Unified,,,,,,
97,97,98,97577.0,75164.0,64.2,76.8,3.3,2.8,634880,2015,Unified,,,,,,
98,98,99,111402.0,82611.0,61.2,75.6,3.7,3.8,635130,2015,Unified,,,,,,
99,99,100,199088.0,164665.0,62.0,71.6,5.8,5.6,635310,2015,Unified,,,,,,
100,100,101,136269.0,110953.0,66.9,78.6,4.1,3.8,635430,2015,Unified,,,,,,
101,101,102,96285.0,73144.0,64.1,76.6,6.5,5.8,635700,2015,Unified,,,,,,
102,102,103,104267.0,81106.0,64.8,76.2,5.4,4.9,636840,2015,Unified,,,,,,
103,103,104,68667.0,51951.0,64.9,80.4,4.6,4.0,637530,2015,Unified,,,,,,
104,104,105,155924.0,120345.0,47.9,57.5,14.7,14.0,638010,2015,Unified,,,,,,
105,105,106,122352.0,90060.0,60.0,75.5,5.3,4.4,639420,2015,Unified,,,,,,
106,106,107,105199.0,84306.0,66.4,76.8,4.4,4.0,640150,2015,Unified,,,,,,
107,107,108,64864.0,48138.0,58.6,72.1,7.2,6.4,640590,2015,Unified,,,,,,
108,108,109,102119.0,77495.0,53.7,64.9,10.3,9.7,640740,2015,Unified,,,,,,
109,109,110,100946.0,76518.0,57.8,70.9,6.8,6.5,640980,2015,Unified,,,,,,
110,110,111,109781.0,85042.0,51.9,62.6,6.2,6.2,641160,2015,Unified,,,,,,
111,111,112,117691.0,87665.0,61.3,75.2,6.7,6.2,641190,2015,Unified,,,,,,
112,112,113,50191.0,38568.0,58.9,70.8,8.7,8.3,643080,2015,Unified,,,,,,
113,113,114,56119.0,41474.0,48.3,60.2,13.5,13.4,643470,2015,Unified,,,,,,
114,114,115,188288.0,146481.0,56.7,67.2,5.1,4.9,684500,2015,Unified,,,,,,
115,115,116,68697.0,53982.0,55.6,65.5,10.7,10.2,691135,2015,Unified,,,,,,
116,0,1,94280.0,72625.0,60.5,74.2,8.4,7.6,602310,2015,Elementary,,,,,,
117,1,2,161041.0,130994.0,65.7,76.8,6.6,6.1,602610,2015,Elementary,,,,,,
118,2,3,146865.0,113489.0,54.3,64.9,13.7,13.2,603630,2015,Elementary,,,,,,
119,3,4,64015.0,50104.0,60.1,71.7,6.7,6.4,604800,2015,Elementary,,,,,,
120,4,5,74714.0,58556.0,64.4,75.3,6.5,6.6,605580,2015,Elementary,,,,,,
121,5,6,94502.0,74443.0,61.2,70.5,8.9,8.8,606390,2015,Elementary,,,,,,
122,6,7,136933.0,106100.0,55.6,67.5,9.9,9.0,606810,2015,Elementary,,,,,,
123,7,8,79062.0,63092.0,67.8,79.8,3.7,3.7,607200,2015,Elementary,,,,,,
124,8,9,233241.0,181265.0,57.8,70.7,7.4,7.0,608610,2015,Elementary,,,,,,
125,9,10,113387.0,87271.0,60.2,74.7,5.5,5.4,610290,2015,Elementary,,,,,,
126,10,11,61301.0,47618.0,59.7,72.5,6.3,6.5,611850,2015,Elementary,,,,,,
127,11,12,65451.0,49049.0,51.2,65.4,5.6,5.5,612090,2015,Elementary,,,,,,
128,12,13,60436.0,42460.0,58.6,75.3,4.6,4.2,612750,2015,Elementary,,,,,,
129,13,14,133637.0,103307.0,60.1,72.4,7.8,7.3,612880,2015,Elementary,,,,,,
130,14,15,65697.0,54492.0,62.2,71.9,6.6,5.8,612960,2015,Elementary,,,,,,
131,15,16,85921.0,63444.0,59.3,75.0,5.6,5.0,613140,2015,Elementary,,,,,,
132,16,17,76489.0,61393.0,62.9,74.0,7.9,7.1,614370,2015,Elementary,,,,,,
133,17,18,98656.0,73662.0,58.2,72.0,8.2,6.8,614730,2015,Elementary,,,,,,
134,18,19,71929.0,49726.0,53.8,65.1,6.1,4.9,615510,2015,Elementary,,,,,,
135,19,20,59646.0,48316.0,61.2,72.6,8.0,7.4,616680,2015,Elementary,,,,,,
136,20,21,73183.0,54652.0,64.2,76.9,5.8,5.3,618030,2015,Elementary,,,,,,
137,21,22,82337.0,66222.0,64.3,74.7,7.8,8.0,618870,2015,Elementary,,,,,,
138,22,23,114460.0,87755.0,57.8,70.8,9.2,8.6,620250,2015,Elementary,,,,,,
139,23,24,83943.0,66688.0,48.0,56.8,6.6,6.3,620880,2015,Elementary,,,,,,
140,24,25,50077.0,39482.0,62.9,76.1,3.4,3.2,623430,2015,Elementary,,,,,,
141,25,26,63752.0,45689.0,50.9,66.7,8.3,8.4,624540,2015,Elementary,,,,,,
142,26,27,65989.0,49845.0,43.1,54.3,16.9,13.5,624600,2015,Elementary,,,,,,
143,27,28,88555.0,68180.0,47.4,57.8,17.4,16.4,625130,2015,Elementary,,,,,,
144,28,29,56070.0,47644.0,73.9,82.3,3.4,3.2,626280,2015,Elementary,,,,,,
145,29,30,54760.0,40767.0,59.3,71.9,6.5,5.7,627180,2015,Elementary,,,,,,
146,30,31,84558.0,67959.0,63.0,73.5,5.8,6.0,627810,2015,Elementary,,,,,,
147,31,32,78757.0,58620.0,62.5,77.2,4.4,4.0,628140,2015,Elementary,,,,,,
148,32,33,129456.0,104639.0,61.1,71.7,6.8,6.3,628470,2015,Elementary,,,,,,
149,33,34,92169.0,71365.0,58.7,70.6,7.9,7.8,629220,2015,Elementary,,,,,,
150,34,35,97970.0,77561.0,50.0,60.7,11.8,10.4,629580,2015,Elementary,,,,,,
151,35,36,63502.0,43376.0,54.6,71.5,5.7,5.1,630990,2015,Elementary,,,,,,
152,36,37,78634.0,61606.0,64.3,76.1,4.1,4.2,632130,2015,Elementary,,,,,,
153,37,38,73836.0,55690.0,58.5,73.2,5.9,5.9,633600,2015,Elementary,,,,,,
154,38,39,61449.0,47089.0,56.4,69.0,8.2,7.1,633930,2015,Elementary,,,,,,
155,39,40,110570.0,84836.0,66.6,80.4,3.9,3.8,634920,2015,Elementary,,,,,,
156,40,41,59554.0,42245.0,52.6,65.0,7.0,4.9,635590,2015,Elementary,,,,,,
157,41,42,64062.0,49729.0,63.3,74.2,7.5,6.2,635810,2015,Elementary,,,,,,
158,42,43,85220.0,67333.0,66.9,79.3,5.2,4.5,635970,2015,Elementary,,,,,,
159,43,44,68743.0,53468.0,53.8,63.7,11.3,11.1,637380,2015,Elementary,,,,,,
160,44,45,51930.0,41064.0,66.6,79.9,7.0,6.9,638220,2015,Elementary,,,,,,
161,45,46,59551.0,46517.0,51.0,61.0,8.4,7.2,642120,2015,Elementary,,,,,,
162,46,47,73639.0,60969.0,69.3,79.7,4.9,4.9,638460,2015,Elementary,,,,,,
163,47,48,57252.0,43733.0,58.4,69.7,7.8,7.7,638670,2015,Elementary,,,,,,
164,48,49,73021.0,54985.0,44.4,55.4,19.6,17.0,641040,2015,Elementary,,,,,,
165,49,50,68232.0,50347.0,58.4,73.9,5.6,5.3,642150,2015,Elementary,,,,,,
166,50,51,56985.0,43769.0,60.6,74.4,5.1,4.8,642450,2015,Elementary,,,,,,
167,0,1,94601.0,60947.0,55.6,74.3,5.7,5.9,601650,2015,Secondary,,,,,,
168,1,2,318548.0,249796.0,62.2,75.1,6.1,5.7,602630,2015,Secondary,,,,,,
169,2,3,282958.0,221396.0,48.7,58.9,9.4,8.5,602820,2015,Secondary,,,,,,
170,3,4,93495.0,62669.0,54.5,67.0,5.6,4.8,606019,2015,Secondary,,,,,,
171,4,5,181836.0,143439.0,66.1,78.1,4.5,4.4,607230,2015,Secondary,,,,,,
172,5,6,128810.0,104873.0,62.5,72.7,6.6,6.0,607920,2015,Secondary,,,,,,
173,6,7,312044.0,251964.0,62.4,73.2,7.0,6.5,608160,2015,Secondary,,,,,,
174,7,8,51275.0,40024.0,47.9,58.2,14.7,14.6,610860,2015,Secondary,,,,,,
175,8,9,438275.0,343685.0,61.4,73.6,6.9,6.4,611820,2015,Secondary,,,,,,
176,9,10,120392.0,84541.0,52.9,68.0,8.5,8.0,612070,2015,Secondary,,,,,,
177,10,11,144380.0,109561.0,53.3,67.3,5.3,5.2,612120,2015,Secondary,,,,,,
178,11,12,136058.0,105037.0,60.0,72.4,7.7,7.2,612910,2015,Secondary,,,,,,
179,12,13,69577.0,50780.0,40.5,48.2,4.7,4.5,613530,2015,Secondary,,,,,,
180,13,14,187026.0,148240.0,63.8,76.8,5.2,5.2,614430,2015,Secondary,,,,,,
181,14,15,203427.0,154974.0,58.0,71.1,8.8,7.7,614760,2015,Secondary,,,,,,
182,15,16,383983.0,293754.0,57.7,70.6,8.4,7.6,616230,2015,Secondary,,,,,,
183,16,17,52819.0,39334.0,53.8,66.0,9.4,9.2,616500,2015,Secondary,,,,,,
184,17,18,266490.0,197930.0,61.5,75.8,5.1,4.8,618060,2015,Secondary,,,,,,
185,18,19,131453.0,102078.0,63.5,75.4,6.7,7.0,618930,2015,Secondary,,,,,,
186,19,20,467419.0,365741.0,55.7,66.3,11.0,10.5,619540,2015,Secondary,,,,,,
187,20,21,90355.0,66745.0,57.0,71.7,7.4,7.4,621600,2015,Secondary,,,,,,
188,21,22,130199.0,97556.0,46.9,58.4,13.5,11.1,624660,2015,Secondary,,,,,,
189,22,23,208975.0,158011.0,51.8,63.2,12.7,12.2,625150,2015,Secondary,,,,,,
190,23,24,88266.0,71793.0,69.8,80.6,3.1,3.0,626310,2015,Secondary,,,,,,
191,24,25,73806.0,47150.0,45.6,62.5,9.0,8.0,626880,2015,Secondary,,,,,,
192,25,26,251602.0,191199.0,58.2,70.8,7.3,6.9,629270,2015,Secondary,,,,,,
193,26,27,133788.0,100712.0,51.1,63.5,10.4,10.1,630210,2015,Secondary,,,,,,
194,27,28,63518.0,45540.0,61.1,74.4,5.8,5.5,630250,2015,Secondary,,,,,,
195,28,29,72851.0,50043.0,51.9,68.2,7.6,6.8,630750,2015,Secondary,,,,,,
196,29,30,144527.0,106930.0,57.8,73.7,5.9,5.5,633630,2015,Secondary,,,,,,
197,30,31,129558.0,101723.0,59.2,70.3,6.5,5.7,633980,2015,Secondary,,,,,,
198,31,32,146514.0,106652.0,59.5,73.8,4.7,3.8,634380,2015,Secondary,,,,,,
199,32,33,193896.0,147750.0,65.7,79.9,4.6,4.0,634980,2015,Secondary,,,,,,
200,33,34,61727.0,46043.0,60.5,73.1,2.9,3.2,635110,2015,Secondary,,,,,,
201,34,35,86454.0,62885.0,56.0,68.2,6.3,4.9,635600,2015,Secondary,,,,,,
202,35,36,110534.0,84856.0,63.1,75.1,6.8,6.7,635670,2015,Secondary,,,,,,
203,36,37,172562.0,129357.0,61.2,74.1,6.0,5.1,635830,2015,Secondary,,,,,,
204,37,38,203149.0,154994.0,64.1,76.7,4.4,4.4,636390,2015,Secondary,,,,,,
205,38,39,81278.0,56065.0,52.2,66.2,4.6,4.6,636600,2015,Secondary,,,,,,
206,39,40,119933.0,90013.0,42.8,54.2,17.4,15.0,636972,2015,Secondary,,,,,,
207,40,41,387982.0,303427.0,55.6,66.9,8.4,8.0,638640,2015,Secondary,,,,,,
208,41,42,96348.0,65205.0,62.3,79.3,3.2,3.1,638790,2015,Secondary,,,,,,
209,42,43,57630.0,43497.0,52.4,65.7,6.1,5.1,639930,2015,Secondary,,,,,,
210,43,44,186085.0,145658.0,58.3,70.6,6.2,5.9,642480,2015,Secondary,,,,,,
211,44,45,218386.0,171082.0,62.9,74.6,6.3,5.6,642510,2015,Secondary,,,,,,
0,0,1,82334.0,62228.0,48.6,60.4,8.7,7.7,600014,2016,Unified,,,,,,
1,1,2,63598.0,47083.0,63.1,76.1,3.5,3.4,600016,2016,Unified,,,,,,
2,2,3,63453.0,46795.0,45.9,58.1,13.1,13.1,600017,2016,Unified,,,,,,
3,3,4,62993.0,48061.0,61.5,73.9,4.0,3.5,600020,2016,Unified,,,,,,
4,4,5,100634.0,80312.0,58.9,69.9,8.2,7.1,600027,2016,Unified,,,,,,
5,5,6,120506.0,92970.0,58.7,70.6,7.8,7.1,600028,2016,Unified,,,,,,
6,6,7,84976.0,66062.0,57.9,70.8,8.6,8.0,600029,2016,Unified,,,,,,
7,7,8,-999999999.0,-999999999.0,-999999999.0,-999999999.0,-999999999.0,-999999999.0,600032,2016,Unified,,,,,,
8,8,9,-999999999.0,-999999999.0,-999999999.0,-999999999.0,-999999999.0,-999999999.0,600036,2016,Unified,,,,,,
9,9,10,62240.0,47597.0,61.6,75.4,5.3,4.6,600047,2016,Unified,,,,,,
10,10,11,98402.0,70965.0,56.3,73.3,4.9,4.5,600153,2016,Unified,,,,,,
11,11,12,60453.0,44492.0,55.6,71.4,8.2,7.7,600158,2016,Unified,,,,,,
12,12,13,135133.0,105473.0,53.5,64.6,8.2,7.8,601332,2016,Unified,,,,,,
13,13,14,73578.0,53547.0,63.2,76.4,4.0,3.4,601414,2016,Unified,,,,,,
14,14,15,84152.0,62412.0,54.4,68.3,6.3,6.5,601620,2016,Unified,,,,,,
15,15,16,63244.0,49705.0,63.1,74.1,3.5,3.6,601770,2016,Unified,,,,,,
16,16,17,87885.0,70711.0,60.7,71.0,6.6,6.2,602430,2016,Unified,,,,,,
17,17,18,91087.0,70484.0,59.1,71.5,6.4,6.0,602850,2016,Unified,,,,,,
18,18,19,56367.0,45050.0,61.5,72.0,6.9,5.6,603600,2016,Unified,,,,,,
19,19,20,58339.0,46358.0,61.9,74.1,4.9,4.3,603690,2016,Unified,,,,,,
20,20,21,63126.0,49141.0,56.2,67.9,7.0,6.5,604440,2016,Unified,,,,,,
21,21,22,106709.0,76616.0,60.4,73.7,4.6,3.8,604740,2016,Unified,,,,,,
22,22,23,87626.0,63485.0,58.4,74.4,7.3,6.3,606450,2016,Unified,,,,,,
23,23,24,283529.0,212178.0,64.1,77.1,4.4,4.0,607440,2016,Unified,,,,,,
24,24,25,59274.0,44452.0,61.9,76.1,5.1,4.6,607500,2016,Unified,,,,,,
25,25,26,61319.0,49564.0,60.2,70.4,9.3,9.1,607970,2016,Unified,,,,,,
26,26,27,92286.0,69494.0,57.5,70.9,8.6,7.8,608370,2016,Unified,,,,,,
27,27,28,155255.0,121643.0,53.5,63.8,6.1,5.4,608460,2016,Unified,,,,,,
28,28,29,159107.0,119885.0,61.7,74.5,6.0,6.0,609030,2016,Unified,,,,,,
29,29,30,68438.0,52056.0,55.5,69.5,10.8,10.0,609070,2016,Unified,,,,,,
30,30,31,91392.0,70531.0,58.5,70.7,8.3,8.0,609390,2016,Unified,,,,,,
31,31,32,120722.0,92366.0,53.9,65.2,10.1,9.1,609620,2016,Unified,,,,,,
32,32,33,114727.0,81673.0,60.7,74.6,4.8,4.7,609640,2016,Unified,,,,,,
33,33,34,221646.0,176423.0,60.8,71.7,6.0,5.5,609850,2016,Unified,,,,,,
34,34,35,65755.0,49766.0,63.3,79.1,4.9,4.5,610050,2016,Unified,,,,,,
35,35,36,70047.0,49947.0,49.2,61.7,6.0,5.2,610620,2016,Unified,,,,,,
36,36,37,156428.0,97205.0,48.5,68.7,7.2,6.6,611110,2016,Unified,,,,,,
37,37,38,95735.0,74507.0,64.3,77.2,5.7,5.4,611460,2016,Unified,,,,,,
38,38,39,259386.0,196546.0,57.7,71.2,6.9,6.7,612330,2016,Unified,,,,,,
39,39,40,110540.0,83710.0,59.7,72.3,6.3,6.0,613360,2016,Unified,,,,,,
40,40,41,101611.0,77591.0,60.4,73.2,3.7,3.2,613890,2016,Unified,,,,,,
41,41,42,140553.0,114260.0,61.4,71.3,7.7,7.0,613920,2016,Unified,,,,,,
42,42,43,181200.0,144556.0,64.3,76.2,3.2,3.2,614400,2016,Unified,,,,,,
43,43,44,291647.0,223516.0,51.0,61.3,10.8,10.8,614550,2016,Unified,,,,,,
44,44,45,223189.0,171000.0,59.8,72.0,5.5,5.5,614880,2016,Unified,,,,,,
45,45,46,48827.0,37807.0,66.9,78.4,5.6,4.9,615180,2016,Unified,,,,,,
46,46,47,184853.0,136224.0,57.8,72.7,9.2,8.7,615240,2016,Unified,,,,,,
47,47,48,94737.0,71864.0,58.2,72.1,5.4,5.0,616325,2016,Unified,,,,,,
48,48,49,147294.0,115459.0,63.0,75.3,3.9,4.0,616740,2016,Unified,,,,,,
49,49,50,108666.0,71798.0,41.3,55.9,13.6,12.5,616920,2016,Unified,,,,,,
50,50,51,94086.0,73446.0,59.6,71.6,8.8,7.1,618390,2016,Unified,,,,,,
51,51,52,80149.0,64172.0,57.6,68.7,8.6,8.1,619260,2016,Unified,,,,,,
52,52,53,53372.0,36980.0,63.0,78.8,2.7,2.1,621000,2016,Unified,,,,,,
53,53,54,77959.0,61438.0,68.4,81.6,3.5,3.1,622110,2016,Unified,,,,,,
54,54,55,130833.0,96014.0,56.2,69.7,7.9,7.3,622230,2016,Unified,,,,,,
55,55,56,409425.0,325094.0,62.1,73.6,6.6,6.2,622500,2016,Unified,,,,,,
56,56,57,3840920.0,3024387.0,61.0,72.5,6.9,6.4,622710,2016,Unified,,,,,,
57,57,58,-999999999.0,-999999999.0,-999999999.0,-999999999.0,-999999999.0,-999999999.0,623080,2016,Unified,,,,,,
58,58,59,51397.0,41345.0,59.2,71.8,7.9,6.2,623160,2016,Unified,,,,,,
59,59,60,65575.0,50732.0,52.6,64.3,12.6,11.6,623340,2016,Unified,,,,,,
60,60,61,100477.0,79178.0,54.4,65.3,10.1,9.7,623610,2016,Unified,,,,,,
61,61,62,60932.0,49388.0,63.6,76.0,3.0,3.1,624500,2016,Unified,,,,,,
62,62,63,131472.0,98281.0,55.6,70.1,8.0,7.3,625470,2016,Unified,,,,,,
63,63,64,70994.0,52900.0,56.4,68.8,3.9,3.3,625530,2016,Unified,,,,,,
64,64,65,132313.0,108544.0,58.4,67.6,10.0,9.2,625800,2016,Unified,,,,,,
65,65,66,52103.0,38197.0,64.3,78.0,3.7,3.8,625830,2016,Unified,,,,,,
66,66,67,55966.0,42344.0,40.9,49.9,11.1,9.9,625860,2016,Unified,,,,,,
67,67,68,217519.0,165185.0,62.2,75.8,5.5,5.1,626370,2016,Unified,,,,,,
68,68,69,98493.0,70514.0,63.6,79.3,4.7,4.7,626640,2016,Unified,,,,,,
69,69,70,67141.0,53327.0,62.1,74.4,4.8,4.9,626910,2016,Unified,,,,,,
70,70,71,164625.0,126187.0,65.9,78.2,3.1,2.9,627240,2016,Unified,,,,,,
71,71,72,100237.0,75490.0,55.8,68.9,6.7,5.9,627690,2016,Unified,,,,,,
72,72,73,346209.0,276396.0,64.4,76.1,6.3,5.9,628050,2016,Unified,,,,,,
73,73,74,112434.0,86482.0,56.5,68.3,5.2,4.9,628250,2016,Unified,,,,,,
74,74,75,180915.0,137228.0,63.6,75.0,4.9,4.7,628650,2016,Unified,,,,,,
75,75,76,96071.0,73179.0,62.0,74.1,6.6,5.8,629490,2016,Unified,,,,,,
76,76,77,141103.0,91385.0,49.1,66.9,8.5,8.6,629550,2016,Unified,,,,,,
77,77,78,71982.0,48024.0,54.8,71.3,4.4,4.0,629610,2016,Unified,,,,,,
78,78,79,58794.0,46193.0,59.9,72.3,6.9,5.5,629850,2016,Unified,,,,,,
79,79,80,176299.0,133896.0,61.1,74.3,4.7,4.5,629940,2016,Unified,,,,,,
80,80,81,127616.0,94078.0,63.4,77.4,4.7,4.7,630660,2016,Unified,,,,,,
81,81,82,131721.0,104562.0,61.2,71.6,8.3,7.3,631320,2016,Unified,,,,,,
82,82,83,156916.0,119512.0,62.2,76.0,5.2,5.0,631530,2016,Unified,,,,,,
83,83,84,103943.0,77200.0,54.1,65.6,6.5,6.4,632070,2016,Unified,,,,,,
84,84,85,91027.0,70429.0,56.3,67.9,10.9,10.0,632370,2016,Unified,,,,,,
85,85,86,204805.0,158794.0,60.6,73.2,7.4,7.1,632550,2016,Unified,,,,,,
86,86,87,209298.0,159425.0,55.6,67.0,8.8,7.9,633150,2016,Unified,,,,,,
87,87,88,90610.0,68953.0,58.0,71.1,4.8,4.9,633750,2016,Unified,,,,,,
88,88,89,274142.0,209849.0,57.1,69.6,8.0,7.9,633840,2016,Unified,,,,,,
89,89,90,185227.0,134615.0,64.8,80.7,3.6,3.2,633860,2016,Unified,,,,,,
90,90,91,188168.0,149504.0,51.3,60.3,11.4,10.4,634170,2016,Unified,,,,,,
91,91,92,913140.0,722804.0,60.8,71.7,5.8,5.4,634320,2016,Unified,,,,,,
92,92,93,763084.0,609870.0,67.0,79.4,4.5,4.4,634410,2016,Unified,,,,,,
93,93,94,220286.0,174843.0,64.5,75.4,5.0,4.9,634590,2016,Unified,,,,,,
94,94,95,275367.0,202595.0,57.2,70.9,6.6,6.8,634620,2016,Unified,,,,,,
95,95,96,60763.0,45826.0,61.1,73.9,3.7,3.9,634680,2016,Unified,,,,,,
96,96,97,66364.0,51296.0,57.4,71.1,3.8,3.4,634710,2016,Unified,,,,,,
97,97,98,86620.0,59503.0,52.7,67.4,5.0,3.4,634800,2016,Unified,,,,,,
98,98,99,98683.0,75310.0,62.7,75.7,6.3,6.2,634880,2016,Unified,,,,,,
99,99,100,114947.0,84259.0,62.9,77.6,3.1,3.2,635130,2016,Unified,,,,,,
100,100,101,203467.0,165953.0,63.8,74.2,5.8,5.2,635310,2016,Unified,,,,,,
101,101,102,136476.0,111351.0,66.3,76.1,4.6,4.4,635430,2016,Unified,,,,,,
102,102,103,96195.0,71723.0,63.4,76.8,5.8,6.0,635700,2016,Unified,,,,,,
103,103,104,104813.0,79196.0,67.0,81.9,3.8,3.5,636840,2016,Unified,,,,,,
104,104,105,-999999999.0,-999999999.0,-999999999.0,-999999999.0,-999999999.0,-999999999.0,637530,2016,Unified,,,,,,
105,105,106,160180.0,123391.0,51.5,62.6,12.1,11.5,638010,2016,Unified,,,,,,
106,106,107,119717.0,91008.0,61.7,75.2,4.9,4.8,639420,2016,Unified,,,,,,
107,107,108,108180.0,84467.0,66.5,78.5,4.9,3.9,640150,2016,Unified,,,,,,
108,108,109,65562.0,48504.0,61.3,76.0,3.6,3.7,640590,2016,Unified,,,,,,
109,109,110,101111.0,76769.0,57.3,69.2,10.6,10.4,640740,2016,Unified,,,,,,
110,110,111,100434.0,75026.0,60.0,73.6,4.9,5.0,640980,2016,Unified,,,,,,
111,111,112,105964.0,79810.0,54.8,65.8,5.1,4.4,641160,2016,Unified,,,,,,
112,112,113,120959.0,93169.0,60.3,72.3,3.5,2.8,641190,2016,Unified,,,,,,
113,113,114,50254.0,39693.0,58.8,69.8,6.3,5.6,643080,2016,Unified,,,,,,
114,114,115,57114.0,42073.0,53.6,67.2,8.6,8.5,643470,2016,Unified,,,,,,
115,115,116,190354.0,146391.0,59.4,70.5,5.8,5.4,684500,2016,Unified,,,,,,
116,116,117,61066.0,46370.0,54.0,66.1,5.9,5.1,691135,2016,Unified,,,,,,
117,0,1,94609.0,72877.0,61.2,74.1,6.8,6.6,602310,2016,Elementary,,,,,,
118,1,2,161824.0,131073.0,63.9,74.4,5.5,5.2,602610,2016,Elementary,,,,,,
119,2,3,135056.0,104300.0,51.2,60.8,13.1,12.6,603630,2016,Elementary,,,,,,
120,3,4,68849.0,53950.0,62.2,74.4,6.8,6.6,604800,2016,Elementary,,,,,,
121,4,5,78600.0,61660.0,64.2,76.7,3.9,3.6,605580,2016,Elementary,,,,,,
122,5,6,93404.0,73507.0,60.2,71.7,7.0,7.2,606390,2016,Elementary,,,,,,
123,6,7,135574.0,103385.0,55.8,67.0,8.8,8.8,606810,2016,Elementary,,,,,,
124,7,8,84547.0,67719.0,65.5,78.0,3.8,3.9,607200,2016,Elementary,,,,,,
125,8,9,241767.0,185621.0,57.2,69.9,9.6,8.5,608610,2016,Elementary,,,,,,
126,9,10,113102.0,85730.0,60.0,73.4,3.7,3.7,610290,2016,Elementary,,,,,,
127,10,11,56885.0,44785.0,58.8,70.0,6.6,6.1,611850,2016,Elementary,,,,,,
128,11,12,70873.0,52959.0,54.5,68.7,5.4,5.3,612090,2016,Elementary,,,,,,
129,12,13,59827.0,43325.0,64.0,77.3,3.0,2.8,612750,2016,Elementary,,,,,,
130,13,14,132981.0,104710.0,63.9,74.7,6.0,5.8,612880,2016,Elementary,,,,,,
131,14,15,75447.0,61290.0,61.3,70.0,4.9,4.7,612960,2016,Elementary,,,,,,
132,15,16,80886.0,58157.0,60.9,77.2,5.0,4.5,613140,2016,Elementary,,,,,,
133,16,17,55142.0,39488.0,40.5,49.1,2.1,2.2,613500,2016,Elementary,,,,,,
134,17,18,76071.0,60335.0,61.9,72.2,7.1,7.1,614370,2016,Elementary,,,,,,
135,18,19,97765.0,74442.0,60.9,73.4,6.7,6.3,614730,2016,Elementary,,,,,,
136,19,20,68733.0,47060.0,57.1,72.0,9.5,6.0,615510,2016,Elementary,,,,,,
137,20,21,57771.0,48383.0,65.8,75.8,5.7,5.7,616680,2016,Elementary,,,,,,
138,21,22,71164.0,51979.0,63.1,79.2,2.4,2.2,618030,2016,Elementary,,,,,,
139,22,23,78390.0,60117.0,65.6,78.3,6.0,6.4,618870,2016,Elementary,,,,,,
140,23,24,110199.0,85135.0,58.6,71.7,8.0,8.2,620250,2016,Elementary,,,,,,
141,24,25,92528.0,72556.0,48.1,56.5,6.2,6.2,620880,2016,Elementary,,,,,,
142,25,26,47539.0,38437.0,59.4,70.4,6.1,6.4,623430,2016,Elementary,,,,,,
143,26,27,69912.0,47524.0,51.3,68.2,7.5,5.1,624540,2016,Elementary,,,,,,
144,27,28,66490.0,50611.0,50.2,61.6,14.9,12.7,624600,2016,Elementary,,,,,,
145,28,29,86082.0,66370.0,51.1,62.5,12.2,12.1,625130,2016,Elementary,,,,,,
146,29,30,55667.0,45838.0,68.3,79.3,3.7,3.6,626280,2016,Elementary,,,,,,
147,30,31,60408.0,43952.0,60.4,74.1,7.8,7.8,627180,2016,Elementary,,,,,,
148,31,32,86808.0,70407.0,68.7,79.4,5.1,5.0,627810,2016,Elementary,,,,,,
149,32,33,95250.0,74986.0,51.1,61.4,9.3,8.5,629580,2016,Elementary,,,,,,
150,33,34,82822.0,62155.0,63.5,77.4,5.3,5.3,628140,2016,Elementary,,,,,,
151,34,35,133468.0,108055.0,58.0,67.4,10.1,9.3,628470,2016,Elementary,,,,,,
152,35,36,96238.0,74235.0,62.6,76.1,6.5,6.0,629220,2016,Elementary,,,,,,
153,36,37,65078.0,44229.0,60.3,78.1,3.7,3.0,630990,2016,Elementary,,,,,,
154,37,38,85170.0,69133.0,68.8,79.0,2.4,2.0,632130,2016,Elementary,,,,,,
155,38,39,75263.0,55151.0,58.1,73.3,5.1,4.6,633600,2016,Elementary,,,,,,
156,39,40,57700.0,45468.0,62.1,72.9,4.5,4.4,633930,2016,Elementary,,,,,,
157,40,41,112664.0,85951.0,67.7,82.1,2.2,2.0,634920,2016,Elementary,,,,,,
158,41,42,59126.0,41080.0,56.8,71.5,8.7,6.0,635590,2016,Elementary,,,,,,
159,42,43,61410.0,47525.0,63.3,72.8,6.3,7.0,635810,2016,Elementary,,,,,,
160,43,44,85551.0,68880.0,66.8,77.1,5.5,5.1,635970,2016,Elementary,,,,,,
161,44,45,68587.0,52245.0,52.4,64.5,13.9,13.1,637380,2016,Elementary,,,,,,
162,45,46,49169.0,38665.0,64.1,76.0,6.2,5.8,638220,2016,Elementary,,,,,,
163,46,47,76665.0,63552.0,69.5,80.0,3.9,3.8,638460,2016,Elementary,,,,,,
164,47,48,60926.0,45997.0,58.1,72.3,8.3,7.7,638670,2016,Elementary,,,,,,
165,48,49,73616.0,56454.0,47.2,57.8,16.2,15.6,641040,2016,Elementary,,,,,,
166,49,50,53786.0,42318.0,51.7,62.3,6.8,5.9,642120,2016,Elementary,,,,,,
167,50,51,67232.0,50362.0,57.1,71.5,5.5,5.7,642150,2016,Elementary,,,,,,
168,51,52,53140.0,40146.0,60.3,74.1,5.5,5.5,642450,2016,Elementary,,,,,,
169,0,1,100100.0,65530.0,59.5,78.9,3.4,2.0,601650,2016,Secondary,,,,,,
170,1,2,319085.0,248541.0,61.4,74.0,5.3,5.0,602630,2016,Secondary,,,,,,
171,2,3,287277.0,224249.0,49.5,59.5,7.9,7.4,602820,2016,Secondary,,,,,,
172,3,4,87007.0,57115.0,56.3,72.6,8.9,5.9,606019,2016,Secondary,,,,,,
173,4,5,69912.0,47524.0,51.3,68.2,7.5,5.1,606034,2016,Secondary,,,,,,
174,5,6,180987.0,144432.0,65.6,77.8,3.1,3.1,607230,2016,Secondary,,,,,,
175,6,7,119432.0,97565.0,65.0,75.7,5.6,5.7,607920,2016,Secondary,,,,,,
176,7,8,325335.0,260795.0,60.4,70.3,8.0,7.3,608160,2016,Secondary,,,,,,
177,8,9,51366.0,41758.0,41.0,47.6,16.1,16.0,610860,2016,Secondary,,,,,,
178,9,10,440448.0,344261.0,63.6,75.8,6.2,6.0,611820,2016,Secondary,,,,,,
179,10,11,115181.0,79678.0,52.1,67.9,5.3,5.2,612070,2016,Secondary,,,,,,
180,11,12,136261.0,102987.0,55.4,69.0,6.6,6.3,612120,2016,Secondary,,,,,,
181,12,13,135411.0,106438.0,63.6,74.5,5.9,5.7,612910,2016,Secondary,,,,,,
182,13,14,57342.0,40993.0,40.9,49.9,2.2,2.2,613530,2016,Secondary,,,,,,
183,14,15,189767.0,149282.0,63.8,76.2,3.8,3.7,614430,2016,Secondary,,,,,,
184,15,16,207526.0,158861.0,60.3,72.7,7.0,6.4,614760,2016,Secondary,,,,,,
185,16,17,384432.0,293732.0,58.0,70.1,7.4,7.4,616230,2016,Secondary,,,,,,
186,17,18,54727.0,41566.0,56.4,67.9,6.9,7.1,616500,2016,Secondary,,,,,,
187,18,19,269197.0,198561.0,60.7,76.0,4.7,4.4,618060,2016,Secondary,,,,,,
188,19,20,126478.0,96716.0,66.6,80.0,5.0,5.2,618930,2016,Secondary,,,,,,
189,20,21,462944.0,361985.0,55.1,65.7,10.4,9.9,619540,2016,Secondary,,,,,,
190,21,22,93297.0,69858.0,58.2,71.6,7.0,5.7,621600,2016,Secondary,,,,,,
191,22,23,130438.0,98805.0,50.7,62.3,14.3,12.7,624660,2016,Secondary,,,,,,
192,23,24,207535.0,159023.0,55.3,67.4,9.9,9.6,625150,2016,Secondary,,,,,,
193,24,25,91555.0,71612.0,64.4,77.8,3.8,3.7,626310,2016,Secondary,,,,,,
194,25,26,70796.0,43872.0,45.4,62.4,5.8,6.0,626880,2016,Secondary,,,,,,
195,26,27,256886.0,194096.0,61.6,75.3,5.2,4.7,629270,2016,Secondary,,,,,,
196,27,28,63936.0,44602.0,59.4,75.0,3.9,3.6,630250,2016,Secondary,,,,,,
197,28,29,79028.0,54876.0,54.6,70.8,5.0,5.1,630750,2016,Secondary,,,,,,
198,29,30,145536.0,104631.0,58.8,75.2,5.0,4.1,633630,2016,Secondary,,,,,,
199,30,31,134139.0,105340.0,62.3,73.4,3.5,3.4,633980,2016,Secondary,,,,,,
200,31,32,140164.0,100848.0,62.5,76.8,3.4,3.3,634380,2016,Secondary,,,,,,
201,32,33,116290.0,89563.0,63.6,76.5,4.6,4.4,635670,2016,Secondary,,,,,,
202,33,34,198179.0,150643.0,66.7,81.4,2.7,2.5,634980,2016,Secondary,,,,,,
203,34,35,60249.0,43290.0,56.6,69.0,5.8,6.4,635110,2016,Secondary,,,,,,
204,35,36,82371.0,58377.0,57.0,70.2,6.7,4.8,635600,2016,Secondary,,,,,,
205,36,37,177246.0,130747.0,62.7,75.4,5.6,5.5,635830,2016,Secondary,,,,,,
206,37,38,205226.0,158417.0,67.2,79.7,3.2,3.1,636390,2016,Secondary,,,,,,
207,38,39,85090.0,58273.0,50.4,64.8,6.0,5.5,636600,2016,Secondary,,,,,,
208,39,40,119572.0,93484.0,46.4,56.0,13.4,12.6,636972,2016,Secondary,,,,,,
209,40,41,391423.0,302625.0,54.8,66.6,10.0,9.0,638640,2016,Secondary,,,,,,
210,41,42,97603.0,65278.0,62.5,76.4,4.3,4.2,638790,2016,Secondary,,,,,,
211,42,43,61209.0,46971.0,54.5,65.0,7.4,7.2,639930,2016,Secondary,,,,,,
212,43,44,175273.0,134590.0,58.5,71.3,5.3,5.0,642480,2016,Secondary,,,,,,
213,44,45,217047.0,169739.0,62.6,73.8,6.2,5.9,642510,2016,Secondary,,,,,,
0,0,1,67426.0,52971.0,52.9,64.6,16.7,15.7,609070,2017,Unified,,,,,,
1,1,2,89037.0,71964.0,57.7,67.8,5.5,5.4,609390,2017,Unified,,,,,,
2,2,3,114688.0,92881.0,53.9,63.2,8.1,7.6,609620,2017,Unified,,,,,,
3,3,4,111769.0,77249.0,61.8,78.5,3.1,2.3,609640,2017,Unified,,,,,,
4,4,5,221791.0,173109.0,61.9,74.2,5.0,4.6,609850,2017,Unified,,,,,,
5,5,6,66030.0,49623.0,59.9,74.2,7.3,6.5,610050,2017,Unified,,,,,,
6,6,7,70765.0,50296.0,50.8,62.3,9.1,9.6,610620,2017,Unified,,,,,,
7,7,8,162618.0,102451.0,48.9,66.8,7.2,7.2,611110,2017,Unified,,,,,,
8,8,9,97028.0,75937.0,61.1,73.5,6.4,6.0,611460,2017,Unified,,,,,,
9,9,10,265529.0,201790.0,57.5,70.2,6.7,6.4,612330,2017,Unified,,,,,,
10,10,11,109247.0,83333.0,60.0,72.2,5.7,4.1,613360,2017,Unified,,,,,,
11,11,12,103934.0,81256.0,60.3,71.9,5.6,5.3,613890,2017,Unified,,,,,,
12,12,13,138080.0,112668.0,60.4,70.3,8.3,6.8,613920,2017,Unified,,,,,,
13,13,14,184698.0,147085.0,63.9,76.0,4.2,4.2,614400,2017,Unified,,,,,,
14,14,15,299841.0,231004.0,52.7,63.6,10.5,9.4,614550,2017,Unified,,,,,,
15,15,16,228393.0,173822.0,60.6,74.9,4.0,3.8,614880,2017,Unified,,,,,,
16,16,17,51275.0,38284.0,63.7,77.1,4.7,4.5,615180,2017,Unified,,,,,,
17,17,18,191511.0,142162.0,56.5,69.9,5.2,5.3,615240,2017,Unified,,,,,,
18,18,19,100908.0,76812.0,60.6,73.7,6.5,6.0,616325,2017,Unified,,,,,,
19,19,20,147486.0,117373.0,67.0,80.2,3.4,3.2,616740,2017,Unified,,,,,,
20,20,21,117234.0,79339.0,45.8,61.1,11.2,11.2,616920,2017,Unified,,,,,,
21,21,22,90464.0,67518.0,58.6,71.9,7.5,7.0,618390,2017,Unified,,,,,,
22,22,23,78248.0,61139.0,59.1,69.9,7.1,5.6,619260,2017,Unified,,,,,,
23,23,24,55670.0,39949.0,62.0,72.8,4.6,5.1,621000,2017,Unified,,,,,,
24,24,25,78126.0,60636.0,67.8,80.5,2.2,2.2,622110,2017,Unified,,,,,,
25,25,26,129047.0,96755.0,56.9,69.4,7.4,6.4,622230,2017,Unified,,,,,,
26,26,27,415722.0,328709.0,61.5,72.7,6.2,5.6,622500,2017,Unified,,,,,,
27,27,28,3872722.0,3045809.0,62.1,73.7,6.4,6.1,622710,2017,Unified,,,,,,
28,28,29,-999999999.0,-999999999.0,-999999999.0,-999999999.0,-999999999.0,-999999999.0,623080,2017,Unified,,,,,,
29,29,30,50480.0,41624.0,54.3,63.5,9.2,8.9,623160,2017,Unified,,,,,,
30,30,31,67627.0,52309.0,52.9,65.4,9.5,8.6,623340,2017,Unified,,,,,,
31,31,32,107162.0,81186.0,53.0,65.3,6.7,6.2,623610,2017,Unified,,,,,,
32,32,33,-999999999.0,-999999999.0,-999999999.0,-999999999.0,-999999999.0,-999999999.0,624090,2017,Unified,,,,,,
33,33,34,60373.0,48533.0,67.8,79.0,2.6,2.6,624500,2017,Unified,,,,,,
34,34,35,127892.0,95991.0,58.6,73.1,5.7,5.3,625470,2017,Unified,,,,,,
35,35,36,78949.0,59221.0,59.0,70.9,5.8,5.2,625530,2017,Unified,,,,,,
36,36,37,136119.0,108539.0,58.6,68.5,9.0,8.1,625800,2017,Unified,,,,,,
37,37,38,51030.0,40336.0,66.5,76.7,4.0,3.8,625830,2017,Unified,,,,,,
38,38,39,57258.0,42469.0,39.9,49.5,14.3,13.7,625860,2017,Unified,,,,,,
39,39,40,214482.0,163197.0,62.6,76.1,4.4,4.2,626370,2017,Unified,,,,,,
40,40,41,99594.0,72191.0,63.6,79.1,4.3,4.4,626640,2017,Unified,,,,,,
41,41,42,67366.0,53173.0,65.9,79.4,3.0,2.6,626910,2017,Unified,,,,,,
42,42,43,164935.0,124231.0,65.8,79.4,3.1,2.7,627240,2017,Unified,,,,,,
43,43,44,101954.0,75937.0,60.6,75.4,5.8,5.6,627690,2017,Unified,,,,,,
44,44,45,-999999999.0,-999999999.0,-999999999.0,-999999999.0,-999999999.0,-999999999.0,627720,2017,Unified,,,,,,
45,45,46,349738.0,277854.0,64.3,75.5,6.8,6.7,628050,2017,Unified,,,,,,
46,46,47,115947.0,86172.0,56.7,67.4,6.7,7.1,628250,2017,Unified,,,,,,
47,47,48,181879.0,140268.0,63.4,75.4,2.8,2.7,628650,2017,Unified,,,,,,
48,48,49,86879.0,64422.0,60.6,73.7,6.9,7.3,629490,2017,Unified,,,,,,
49,49,50,80751.0,60671.0,49.3,62.7,11.8,8.9,600014,2017,Unified,,,,,,
50,50,51,61561.0,45840.0,59.1,73.0,8.6,8.0,600016,2017,Unified,,,,,,
51,51,52,62197.0,44084.0,46.8,63.2,10.8,9.3,600017,2017,Unified,,,,,,
52,52,53,68050.0,52046.0,68.0,81.0,2.4,2.5,600020,2017,Unified,,,,,,
53,53,54,103567.0,82855.0,58.7,68.6,8.1,7.9,600027,2017,Unified,,,,,,
54,54,55,124880.0,95470.0,60.4,72.1,5.0,4.8,600028,2017,Unified,,,,,,
55,55,56,86824.0,61835.0,55.3,71.6,8.1,7.7,600029,2017,Unified,,,,,,
56,56,57,55809.0,45247.0,67.4,79.4,3.0,2.8,600032,2017,Unified,,,,,,
57,57,58,62148.0,52288.0,67.0,75.8,6.5,5.9,600036,2017,Unified,,,,,,
58,58,59,63296.0,49441.0,63.0,76.3,3.1,2.8,600047,2017,Unified,,,,,,
59,59,60,104160.0,74765.0,56.1,73.3,4.2,4.0,600153,2017,Unified,,,,,,
60,60,61,60091.0,44912.0,59.1,71.5,8.4,7.6,600158,2017,Unified,,,,,,
61,61,62,134619.0,106655.0,55.4,66.1,7.8,7.9,601332,2017,Unified,,,,,,
62,62,63,75781.0,55067.0,68.9,83.3,4.3,3.7,601414,2017,Unified,,,,,,
63,63,64,90383.0,66148.0,58.7,73.9,6.3,5.8,601620,2017,Unified,,,,,,
64,64,65,62878.0,47597.0,64.4,77.5,3.3,3.3,601770,2017,Unified,,,,,,
65,65,66,90383.0,71042.0,61.4,74.4,7.2,6.0,602430,2017,Unified,,,,,,
66,66,67,88802.0,68925.0,58.3,70.6,9.3,8.3,602850,2017,Unified,,,,,,
67,67,68,58055.0,44380.0,60.8,73.2,5.4,5.2,603600,2017,Unified,,,,,,
68,68,69,61282.0,47925.0,62.8,75.7,5.5,5.5,603690,2017,Unified,,,,,,
69,69,70,66270.0,51232.0,63.0,77.3,5.8,4.6,604440,2017,Unified,,,,,,
70,70,71,107304.0,77688.0,58.7,70.1,5.5,5.6,604740,2017,Unified,,,,,,
71,71,72,86929.0,68227.0,66.3,79.2,6.3,6.5,606450,2017,Unified,,,,,,
72,72,73,291376.0,213455.0,62.9,77.6,4.1,4.0,607440,2017,Unified,,,,,,
73,73,74,63300.0,44438.0,58.2,75.6,4.3,3.1,607500,2017,Unified,,,,,,
74,74,75,54456.0,41489.0,60.4,73.1,9.8,7.8,607970,2017,Unified,,,,,,
75,75,76,95641.0,69700.0,59.8,73.3,6.1,5.8,608370,2017,Unified,,,,,,
76,76,77,155436.0,122762.0,53.1,62.7,4.9,4.6,608460,2017,Unified,,,,,,
77,77,78,164423.0,121113.0,58.7,73.1,4.5,3.5,609030,2017,Unified,,,,,,
78,78,79,142411.0,92873.0,47.5,63.2,7.7,8.0,629550,2017,Unified,,,,,,
79,79,80,69606.0,48707.0,58.8,74.1,4.1,4.0,629610,2017,Unified,,,,,,
80,80,81,59748.0,48201.0,59.4,70.7,5.6,4.9,629850,2017,Unified,,,,,,
81,81,82,178257.0,135407.0,62.5,76.4,4.2,4.2,629940,2017,Unified,,,,,,
82,82,83,137438.0,105041.0,65.2,78.4,3.9,3.2,630660,2017,Unified,,,,,,
83,83,84,135423.0,103628.0,58.3,71.2,5.9,5.0,631320,2017,Unified,,,,,,
84,84,85,167116.0,126145.0,64.1,78.5,4.9,4.2,631530,2017,Unified,,,,,,
85,85,86,103940.0,77803.0,56.1,69.7,4.8,4.6,632070,2017,Unified,,,,,,
86,86,87,89999.0,72637.0,58.4,68.7,10.6,9.4,632370,2017,Unified,,,,,,
87,87,88,210831.0,162690.0,61.5,74.8,5.4,4.9,632550,2017,Unified,,,,,,
88,88,89,211177.0,162503.0,58.8,71.1,6.6,6.0,633150,2017,Unified,,,,,,
89,89,90,91495.0,66919.0,56.4,73.1,5.7,5.0,633750,2017,Unified,,,,,,
90,90,91,272637.0,211091.0,58.1,70.6,8.0,7.7,633840,2017,Unified,,,,,,
91,91,92,177509.0,130357.0,63.2,76.8,4.5,4.2,633860,2017,Unified,,,,,,
92,92,93,210805.0,167368.0,50.2,60.2,11.6,10.8,634170,2017,Unified,,,,,,
93,93,94,918353.0,728186.0,61.7,73.2,6.0,5.5,634320,2017,Unified,,,,,,
94,94,95,777887.0,615581.0,68.7,81.2,3.8,3.5,634410,2017,Unified,,,,,,
95,95,96,222431.0,173964.0,65.1,76.7,5.0,5.0,634590,2017,Unified,,,,,,
96,96,97,275336.0,199270.0,57.6,72.6,4.9,4.1,634620,2017,Unified,,,,,,
97,97,98,61057.0,44783.0,55.7,70.4,6.9,7.0,634680,2017,Unified,,,,,,
98,98,99,67956.0,52018.0,61.7,74.8,5.7,5.5,634710,2017,Unified,,,,,,
99,99,100,82604.0,54848.0,49.9,64.9,3.9,3.2,634800,2017,Unified,,,,,,
100,100,101,101844.0,76358.0,63.2,76.7,3.1,2.6,634880,2017,Unified,,,,,,
101,101,102,117364.0,83977.0,62.0,77.1,2.9,2.9,635130,2017,Unified,,,,,,
102,102,103,202369.0,167187.0,67.2,76.5,4.3,3.9,635310,2017,Unified,,,,,,
103,103,104,142806.0,113366.0,66.3,78.0,3.0,3.0,635430,2017,Unified,,,,,,
104,104,105,94060.0,66652.0,60.6,75.1,6.1,5.5,635700,2017,Unified,,,,,,
105,105,106,105106.0,77927.0,61.7,76.9,5.2,4.6,636840,2017,Unified,,,,,,
106,106,107,-999999999.0,-999999999.0,-999999999.0,-999999999.0,-999999999.0,-999999999.0,637530,2017,Unified,,,,,,
107,107,108,156327.0,119729.0,52.8,64.8,7.1,6.4,638010,2017,Unified,,,,,,
108,108,109,120535.0,88316.0,59.0,74.9,5.0,5.2,639420,2017,Unified,,,,,,
109,109,110,111766.0,85832.0,65.6,78.7,2.6,2.1,640150,2017,Unified,,,,,,
110,110,111,68475.0,50726.0,58.5,71.6,4.1,3.8,640590,2017,Unified,,,,,,
111,111,112,100578.0,75673.0,57.7,70.4,9.5,8.7,640740,2017,Unified,,,,,,
112,112,113,98358.0,72716.0,60.3,74.7,6.3,6.3,640980,2017,Unified,,,,,,
113,113,114,113444.0,88294.0,60.7,71.6,5.8,5.5,641160,2017,Unified,,,,,,
114,114,115,124276.0,95392.0,63.3,75.5,4.8,4.3,641190,2017,Unified,,,,,,
115,115,116,49504.0,38569.0,62.5,75.9,3.6,3.1,643080,2017,Unified,,,,,,
116,116,117,59048.0,43620.0,49.7,62.3,7.6,6.6,643470,2017,Unified,,,,,,
117,117,118,193438.0,155000.0,60.3,70.2,4.3,4.1,684500,2017,Unified,,,,,,
118,118,119,72651.0,57404.0,55.7,67.8,10.8,10.5,691135,2017,Unified,,,,,,
119,0,1,91208.0,68829.0,63.0,76.7,4.3,4.1,602310,2017,Elementary,,,,,,
120,1,2,159220.0,128711.0,62.6,72.6,6.1,5.3,602610,2017,Elementary,,,,,,
121,2,3,138323.0,105055.0,50.9,61.7,12.2,10.3,603630,2017,Elementary,,,,,,
122,3,4,66868.0,50046.0,61.7,76.9,5.2,5.0,604800,2017,Elementary,,,,,,
123,4,5,78914.0,62794.0,63.3,73.7,4.6,4.6,605580,2017,Elementary,,,,,,
124,5,6,-999999999.0,-999999999.0,-999999999.0,-999999999.0,-999999999.0,-999999999.0,605910,2017,Elementary,,,,,,
125,6,7,103262.0,79741.0,58.4,71.3,6.5,6.3,606390,2017,Elementary,,,,,,
126,7,8,133016.0,102113.0,61.1,73.0,5.8,5.5,606810,2017,Elementary,,,,,,
127,8,9,78809.0,63162.0,69.0,80.4,2.4,2.1,607200,2017,Elementary,,,,,,
128,9,10,245086.0,186727.0,56.1,70.3,9.9,7.9,608610,2017,Elementary,,,,,,
129,10,11,118184.0,89246.0,62.1,76.8,3.7,3.8,610290,2017,Elementary,,,,,,
130,11,12,54905.0,40168.0,60.5,76.6,2.9,2.9,611850,2017,Elementary,,,,,,
131,12,13,66372.0,50133.0,58.2,72.6,4.2,3.9,612090,2017,Elementary,,,,,,
132,13,14,60354.0,42390.0,61.6,77.1,4.8,4.4,612750,2017,Elementary,,,,,,
133,14,15,132222.0,101630.0,63.4,76.8,3.7,3.5,612880,2017,Elementary,,,,,,
134,15,16,-999999999.0,-999999999.0,-999999999.0,-999999999.0,-999999999.0,-999999999.0,612960,2017,Elementary,,,,,,
135,16,17,80846.0,61040.0,61.6,75.4,6.4,6.7,613140,2017,Elementary,,,,,,
136,17,18,52559.0,37164.0,38.2,47.2,6.3,6.3,613500,2017,Elementary,,,,,,
137,18,19,75516.0,57833.0,63.6,77.2,3.1,3.0,614370,2017,Elementary,,,,,,
138,19,20,99770.0,75184.0,60.3,73.3,6.7,6.2,614730,2017,Elementary,,,,,,
139,20,21,71578.0,49158.0,57.4,69.6,8.7,8.0,615510,2017,Elementary,,,,,,
140,21,22,58978.0,48342.0,64.9,75.8,5.5,5.1,616680,2017,Elementary,,,,,,
141,22,23,66978.0,47513.0,61.1,77.1,3.5,3.3,618030,2017,Elementary,,,,,,
142,23,24,79874.0,62535.0,66.5,80.0,4.0,3.0,618870,2017,Elementary,,,,,,
143,24,25,113079.0,88240.0,60.5,71.9,7.2,6.9,620250,2017,Elementary,,,,,,
144,25,26,83152.0,66332.0,52.5,61.6,5.3,4.9,620880,2017,Elementary,,,,,,
145,26,27,52191.0,40800.0,65.2,77.9,4.8,3.9,623430,2017,Elementary,,,,,,
146,27,28,77263.0,57799.0,54.0,67.0,6.5,6.5,624540,2017,Elementary,,,,,,
147,28,29,63823.0,48371.0,47.0,58.9,11.8,10.1,624600,2017,Elementary,,,,,,
148,29,30,90769.0,69204.0,54.3,65.8,8.9,7.6,625130,2017,Elementary,,,,,,
149,30,31,60789.0,50216.0,72.9,82.5,3.0,3.1,626280,2017,Elementary,,,,,,
150,31,32,52613.0,38714.0,63.3,77.4,4.1,4.1,627180,2017,Elementary,,,,,,
151,32,33,93620.0,76789.0,67.9,78.6,5.1,4.4,627810,2017,Elementary,,,,,,
152,33,34,86181.0,63981.0,65.9,80.4,4.2,3.9,628140,2017,Elementary,,,,,,
153,34,35,140699.0,110245.0,58.8,70.2,7.4,6.8,628470,2017,Elementary,,,,,,
154,35,36,100118.0,77388.0,62.4,75.0,5.6,5.1,629220,2017,Elementary,,,,,,
155,36,37,97533.0,76230.0,52.0,63.0,8.2,8.2,629580,2017,Elementary,,,,,,
156,37,38,64893.0,45488.0,59.3,75.4,5.9,5.3,630990,2017,Elementary,,,,,,
157,38,39,85891.0,67599.0,69.9,81.6,1.9,1.6,632130,2017,Elementary,,,,,,
158,39,40,76749.0,54878.0,59.1,75.3,3.5,3.3,633600,2017,Elementary,,,,,,
159,40,41,63857.0,49905.0,61.8,73.7,4.6,4.4,633930,2017,Elementary,,,,,,
160,41,42,111373.0,83867.0,67.2,81.5,3.5,3.1,634920,2017,Elementary,,,,,,
161,42,43,60106.0,42942.0,58.5,69.1,9.2,8.5,635590,2017,Elementary,,,,,,
162,43,44,-999999999.0,-999999999.0,-999999999.0,-999999999.0,-999999999.0,-999999999.0,635810,2017,Elementary,,,,,,
163,44,45,81336.0,64711.0,66.3,77.1,4.9,3.8,635970,2017,Elementary,,,,,,
164,45,46,62341.0,48207.0,57.1,69.0,6.5,5.4,637380,2017,Elementary,,,,,,
165,46,47,52545.0,41518.0,62.3,73.2,5.8,6.0,638220,2017,Elementary,,,,,,
166,47,48,75985.0,63458.0,69.9,79.7,4.1,4.1,638460,2017,Elementary,,,,,,
167,48,49,59747.0,44055.0,57.9,73.6,7.1,6.5,638670,2017,Elementary,,,,,,
168,49,50,43944.0,35095.0,59.4,72.1,4.9,4.2,639870,2017,Elementary,,,,,,
169,50,51,73642.0,55064.0,47.4,60.5,16.4,14.6,641040,2017,Elementary,,,,,,
170,51,52,60018.0,46370.0,51.6,61.9,4.3,4.0,642120,2017,Elementary,,,,,,
171,52,53,67476.0,49850.0,57.9,72.8,6.0,6.3,642150,2017,Elementary,,,,,,
172,53,54,54807.0,41780.0,57.8,71.1,3.5,3.1,642450,2017,Elementary,,,,,,
173,0,1,97561.0,63029.0,58.3,77.7,2.7,2.8,601650,2017,Secondary,,,,,,
174,1,2,318227.0,246046.0,60.9,73.5,5.3,4.6,602630,2017,Secondary,,,,,,
175,2,3,289577.0,226691.0,51.1,61.3,6.5,6.3,602820,2017,Secondary,,,,,,
176,3,4,92779.0,61782.0,57.7,72.1,7.4,6.7,606019,2017,Secondary,,,,,,
177,4,5,77263.0,57799.0,54.0,67.0,6.5,6.5,606034,2017,Secondary,,,,,,
178,5,6,184603.0,145847.0,67.7,79.5,3.2,3.1,607230,2017,Secondary,,,,,,
179,6,7,118543.0,97457.0,65.3,75.4,5.6,5.1,607920,2017,Secondary,,,,,,
180,7,8,330347.0,262183.0,62.6,73.7,5.9,5.2,608160,2017,Secondary,,,,,,
181,8,9,53777.0,43607.0,48.2,55.6,14.1,13.8,610860,2017,Secondary,,,,,,
182,9,10,442231.0,343077.0,64.1,77.1,4.7,4.4,611820,2017,Secondary,,,,,,
183,10,11,120006.0,82781.0,51.6,67.0,3.5,3.0,612070,2017,Secondary,,,,,,
184,11,12,142668.0,109896.0,58.6,71.6,4.8,4.4,612120,2017,Secondary,,,,,,
185,12,13,134458.0,103064.0,63.5,76.9,3.6,3.5,612910,2017,Secondary,,,,,,
186,13,14,55054.0,38635.0,39.0,48.3,6.0,6.0,613530,2017,Secondary,,,,,,
187,14,15,194169.0,152704.0,65.2,78.0,3.8,3.9,614430,2017,Secondary,,,,,,
188,15,16,209471.0,160835.0,62.1,74.9,5.9,5.2,614760,2017,Secondary,,,,,,
189,16,17,382890.0,293720.0,60.8,72.6,6.2,5.9,616230,2017,Secondary,,,,,,
190,17,18,54702.0,41835.0,56.9,70.4,6.3,5.8,616500,2017,Secondary,,,,,,
191,18,19,265794.0,191345.0,61.2,76.9,4.3,4.1,618060,2017,Secondary,,,,,,
192,19,20,129603.0,99083.0,66.8,81.1,3.9,3.2,618930,2017,Secondary,,,,,,
193,20,21,470576.0,363674.0,53.9,65.2,9.4,8.2,619540,2017,Secondary,,,,,,
194,21,22,100287.0,75894.0,61.5,74.9,5.5,5.1,621600,2017,Secondary,,,,,,
195,22,23,131635.0,100062.0,50.3,62.6,11.9,10.2,624660,2017,Secondary,,,,,,
196,23,24,216048.0,161653.0,55.8,68.8,7.9,7.3,625150,2017,Secondary,,,,,,
197,24,25,95137.0,74359.0,68.2,80.7,3.1,3.2,626310,2017,Secondary,,,,,,
198,25,26,72890.0,44622.0,52.2,71.1,3.9,3.1,626880,2017,Secondary,,,,,,
199,26,27,263216.0,202639.0,61.4,74.0,6.1,5.5,629270,2017,Secondary,,,,,,
200,27,28,62266.0,45180.0,61.2,77.0,4.5,4.3,630250,2017,Secondary,,,,,,
201,28,29,79894.0,53397.0,52.7,70.7,4.9,3.8,630750,2017,Secondary,,,,,,
202,29,30,143587.0,105059.0,60.3,75.5,4.2,3.4,633630,2017,Secondary,,,,,,
203,30,31,128304.0,99927.0,60.6,72.5,4.6,4.6,633980,2017,Secondary,,,,,,
204,31,32,138888.0,101765.0,62.6,77.9,3.8,3.4,634380,2017,Secondary,,,,,,
205,32,33,196584.0,145990.0,65.2,80.3,4.1,4.0,634980,2017,Secondary,,,,,,
206,33,34,62219.0,42630.0,59.0,74.7,3.0,2.6,635110,2017,Secondary,,,,,,
207,34,35,87243.0,61931.0,57.6,69.5,8.7,8.3,635600,2017,Secondary,,,,,,
208,35,36,113804.0,88217.0,62.1,73.6,5.1,4.8,635670,2017,Secondary,,,,,,
209,36,37,173354.0,124465.0,60.7,74.6,4.2,4.1,635830,2017,Secondary,,,,,,
210,37,38,211668.0,163709.0,67.5,79.3,3.4,3.2,636390,2017,Secondary,,,,,,
211,38,39,83709.0,58414.0,54.2,68.2,3.5,3.0,636600,2017,Secondary,,,,,,
212,39,40,117728.0,90104.0,47.1,58.7,13.2,11.7,636972,2017,Secondary,,,,,,
213,40,41,390043.0,301252.0,54.6,67.1,9.0,7.5,638640,2017,Secondary,,,,,,
214,41,42,93797.0,62959.0,59.0,74.3,5.0,5.4,638790,2017,Secondary,,,,,,
215,42,43,57010.0,45072.0,57.6,69.7,5.9,5.0,639930,2017,Secondary,,,,,,
216,43,44,177140.0,133678.0,58.6,72.9,3.5,3.2,642480,2017,Secondary,,,,,,
217,44,45,208964.0,163856.0,62.6,73.5,5.0,4.6,642510,2017,Secondary,,,,,,
0,0,1,,,,,,,604740,2018,Unified,109560.0,58.1,3.9,79537.0,69.6,3.6
1,1,2,,,,,,,634710,2018,Unified,63248.0,62.3,3.8,49083.0,75.9,3.3
2,2,3,,,,,,,604290,2018,Unified,50539.0,56.1,3.4,34450.0,74.2,3.6
3,3,4,,,,,,,610620,2018,Unified,71904.0,50.2,5.8,52289.0,61.1,4.7
4,4,5,,,,,,,611110,2018,Unified,166990.0,46.8,10.7,104703.0,67.2,10.4
5,5,6,,,,,,,634620,2018,Unified,284791.0,59.7,5.3,206526.0,74.7,4.9
6,6,7,,,,,,,634680,2018,Unified,61382.0,66.1,3.0,47952.0,79.0,2.8
7,7,8,,,,,,,607500,2018,Unified,-999999999.0,-999999999.0,-999999999.0,-999999999.0,-999999999.0,-999999999.0
8,8,9,,,,,,,613920,2018,Unified,146479.0,62.8,5.9,119270.0,72.5,4.8
9,9,10,,,,,,,623080,2018,Unified,66172.0,53.2,4.3,45286.0,69.4,3.7
10,10,11,,,,,,,624500,2018,Unified,63392.0,61.6,3.6,51171.0,71.7,3.6
11,11,12,,,,,,,625470,2018,Unified,132736.0,59.9,6.0,100330.0,73.2,5.7
12,12,13,,,,,,,604440,2018,Unified,63419.0,64.8,7.6,51956.0,75.6,7.3
13,13,14,,,,,,,627690,2018,Unified,100148.0,59.9,4.3,73945.0,75.1,3.9
14,14,15,,,,,,,630660,2018,Unified,129581.0,63.3,3.8,95286.0,78.0,3.5
15,15,16,,,,,,,631320,2018,Unified,132176.0,59.2,6.1,100595.0,72.1,5.0
16,16,17,,,,,,,633840,2018,Unified,272427.0,58.3,7.0,204546.0,72.9,6.4
17,17,18,,,,,,,614400,2018,Unified,190200.0,65.3,3.3,150561.0,77.5,2.8
18,18,19,,,,,,,643470,2018,Unified,55889.0,53.8,9.2,40732.0,66.3,9.4
19,19,20,,,,,,,636840,2018,Unified,105635.0,64.1,4.0,77267.0,78.9,3.5
20,20,21,,,,,,,600028,2018,Unified,124395.0,58.6,4.6,97665.0,70.5,4.0
21,21,22,,,,,,,615180,2018,Unified,-999999999.0,-999999999.0,-999999999.0,-999999999.0,-999999999.0,-999999999.0
22,22,23,,,,,,,626910,2018,Unified,67612.0,65.9,2.6,52633.0,78.9,2.4
23,23,24,,,,,,,627240,2018,Unified,164771.0,65.1,3.1,122875.0,78.7,2.4
24,24,25,,,,,,,639420,2018,Unified,118365.0,61.3,3.1,86119.0,77.5,3.1
25,25,26,,,,,,,601414,2018,Unified,75486.0,61.9,5.2,54225.0,76.6,4.6
26,26,27,,,,,,,602430,2018,Unified,91610.0,64.0,4.0,74470.0,74.2,3.6
27,27,28,,,,,,,600020,2018,Unified,64058.0,65.6,2.8,47245.0,79.9,2.3
28,28,29,,,,,,,609030,2018,Unified,168706.0,61.1,5.1,126100.0,74.8,4.9
29,29,30,,,,,,,623160,2018,Unified,50502.0,57.5,7.2,41034.0,66.1,6.4
30,30,31,,,,,,,635430,2018,Unified,144845.0,66.9,4.3,114579.0,78.6,4.3
31,31,32,,,,,,,600027,2018,Unified,101381.0,58.7,6.1,75681.0,72.9,5.8
32,32,33,,,,,,,600036,2018,Unified,66986.0,67.8,5.6,56659.0,77.7,5.4
33,33,34,,,,,,,634590,2018,Unified,229612.0,65.6,4.2,178013.0,79.0,3.6
34,34,35,,,,,,,600014,2018,Unified,77198.0,51.6,8.5,58684.0,64.6,6.8
35,35,36,,,,,,,615240,2018,Unified,189197.0,57.3,6.0,140891.0,72.2,5.1
36,36,37,,,,,,,600013,2018,Unified,51542.0,59.9,5.6,38279.0,73.4,5.0
37,37,38,,,,,,,601770,2018,Unified,63939.0,66.7,2.9,47499.0,82.6,2.9
38,38,39,,,,,,,602850,2018,Unified,87452.0,59.4,6.8,65814.0,70.8,6.9
39,39,40,,,,,,,606450,2018,Unified,87301.0,60.4,3.5,67592.0,73.0,3.7
40,40,41,,,,,,,635700,2018,Unified,92599.0,63.9,4.7,67507.0,78.0,5.0
41,41,42,,,,,,,608460,2018,Unified,156659.0,59.5,4.1,126588.0,70.2,3.8
42,42,43,,,,,,,619260,2018,Unified,85953.0,56.2,9.9,65723.0,68.1,7.5
43,43,44,,,,,,,633860,2018,Unified,188568.0,62.5,4.0,130056.0,81.2,3.8
44,44,45,,,,,,,614880,2018,Unified,226392.0,61.1,4.2,173119.0,74.7,4.0
45,45,46,,,,,,,616325,2018,Unified,96372.0,61.5,5.1,71112.0,76.6,4.9
46,46,47,,,,,,,607970,2018,Unified,65222.0,60.1,9.8,50116.0,72.0,9.7
47,47,48,,,,,,,640590,2018,Unified,66026.0,61.4,2.4,48455.0,74.3,2.5
48,48,49,,,,,,,600153,2018,Unified,100944.0,58.9,4.3,73196.0,77.0,4.3
49,49,50,,,,,,,609620,2018,Unified,116063.0,52.6,7.8,91468.0,63.1,7.3
50,50,51,,,,,,,616920,2018,Unified,111506.0,48.3,7.0,73732.0,65.8,6.9
51,51,52,,,,,,,634170,2018,Unified,200460.0,54.2,9.1,159582.0,64.2,8.6
52,52,53,,,,,,,634800,2018,Unified,84998.0,46.9,7.0,54576.0,63.4,3.7
53,53,54,,,,,,,613890,2018,Unified,103618.0,57.8,4.3,79400.0,69.7,4.1
54,54,55,,,,,,,628650,2018,Unified,184296.0,62.1,3.8,140898.0,74.5,3.1
55,55,56,,,,,,,634320,2018,Unified,923766.0,62.2,5.0,726308.0,74.1,4.7
56,56,57,,,,,,,637530,2018,Unified,-999999999.0,-999999999.0,-999999999.0,-999999999.0,-999999999.0,-999999999.0
57,57,58,,,,,,,623610,2018,Unified,113642.0,53.4,6.2,86106.0,65.3,5.7
58,58,59,,,,,,,625800,2018,Unified,134418.0,58.3,8.4,107574.0,68.7,8.0
59,59,60,,,,,,,612330,2018,Unified,259856.0,58.3,5.8,197971.0,71.6,5.3
60,60,61,,,,,,,614550,2018,Unified,291392.0,52.3,9.7,221989.0,63.2,8.7
61,61,62,,,,,,,628250,2018,Unified,110503.0,60.2,6.6,84480.0,71.5,5.9
62,62,63,,,,,,,631530,2018,Unified,159226.0,60.5,4.3,119595.0,74.4,3.9
63,63,64,,,,,,,641160,2018,Unified,111243.0,56.3,6.8,82582.0,70.1,6.3
64,64,65,,,,,,,600029,2018,Unified,86160.0,63.5,5.2,66028.0,77.2,4.5
65,65,66,,,,,,,601332,2018,Unified,134818.0,56.9,5.1,105042.0,67.2,4.7
66,66,67,,,,,,,603690,2018,Unified,61264.0,60.9,7.0,47919.0,73.3,6.4
67,67,68,,,,,,,607440,2018,Unified,292100.0,62.6,3.4,210036.0,77.6,3.0
68,68,69,,,,,,,621000,2018,Unified,54167.0,57.0,2.6,37755.0,68.9,2.8
69,69,70,,,,,,,626640,2018,Unified,96837.0,61.8,6.0,68794.0,78.0,5.5
70,70,71,,,,,,,640740,2018,Unified,103200.0,60.0,7.7,76606.0,74.6,6.5
71,71,72,,,,,,,632370,2018,Unified,96628.0,55.7,10.9,74008.0,67.7,10.2
72,72,73,,,,,,,635310,2018,Unified,204650.0,65.2,4.7,166525.0,75.5,4.6
73,73,74,,,,,,,608370,2018,Unified,95973.0,62.0,6.7,68646.0,77.0,5.7
74,74,75,,,,,,,618390,2018,Unified,87998.0,64.6,6.5,68602.0,76.4,5.7
75,75,76,,,,,,,691135,2018,Unified,-999999999.0,-999999999.0,-999999999.0,-999999999.0,-999999999.0,-999999999.0
76,76,77,,,,,,,600016,2018,Unified,60060.0,63.1,3.6,45026.0,76.7,3.4
77,77,78,,,,,,,603600,2018,Unified,56620.0,61.6,4.2,44974.0,71.9,3.6
78,78,79,,,,,,,622710,2018,Unified,3877095.0,62.6,6.0,3033591.0,74.3,5.7
79,79,80,,,,,,,626370,2018,Unified,226568.0,64.5,4.5,169750.0,78.5,4.6
80,80,81,,,,,,,632070,2018,Unified,106110.0,60.1,5.8,78670.0,73.4,5.4
81,81,82,,,,,,,600017,2018,Unified,62742.0,46.9,8.8,44667.0,60.7,8.4
82,82,83,,,,,,,601620,2018,Unified,91963.0,55.0,6.5,64965.0,71.4,6.3
83,83,84,,,,,,,609070,2018,Unified,66283.0,56.6,14.8,49802.0,71.9,14.4
84,84,85,,,,,,,609640,2018,Unified,109794.0,61.0,3.5,78929.0,76.0,2.9
85,85,86,,,,,,,609850,2018,Unified,218108.0,61.9,3.2,171166.0,74.1,2.9
86,86,87,,,,,,,611460,2018,Unified,95139.0,63.1,4.8,73035.0,76.9,4.0
87,87,88,,,,,,,623340,2018,Unified,64764.0,55.8,13.5,49160.0,67.0,13.1
88,88,89,,,,,,,625530,2018,Unified,76673.0,60.6,4.6,57714.0,72.1,4.5
89,89,90,,,,,,,634410,2018,Unified,776750.0,69.1,3.7,610916.0,82.4,3.3
90,90,91,,,,,,,641190,2018,Unified,127715.0,63.4,3.9,98075.0,76.6,3.3
91,91,92,,,,,,,600158,2018,Unified,57391.0,56.4,8.8,41930.0,70.9,8.1
92,92,93,,,,,,,629550,2018,Unified,149537.0,48.4,6.4,99166.0,65.1,5.9
93,93,94,,,,,,,634880,2018,Unified,105597.0,63.4,3.5,77559.0,76.4,3.2
94,94,95,,,,,,,640980,2018,Unified,101485.0,60.6,2.3,72947.0,75.4,2.4
95,95,96,,,,,,,684500,2018,Unified,202295.0,59.0,4.1,157006.0,69.7,3.5
96,96,97,,,,,,,600047,2018,Unified,64166.0,66.6,2.9,49764.0,78.4,2.5
97,97,98,,,,,,,635130,2018,Unified,115651.0,62.8,3.5,84122.0,77.7,3.7
98,98,99,,,,,,,640150,2018,Unified,108282.0,66.5,4.8,83813.0,78.4,4.4
99,99,100,,,,,,,609390,2018,Unified,87167.0,58.3,7.4,65149.0,72.7,6.5
100,100,101,,,,,,,616740,2018,Unified,145307.0,61.1,4.3,112847.0,73.6,4.1
101,101,102,,,,,,,622110,2018,Unified,79290.0,67.3,4.2,61515.0,78.8,4.1
102,102,103,,,,,,,629850,2018,Unified,59163.0,63.6,7.0,48197.0,74.3,5.5
103,103,104,,,,,,,613360,2018,Unified,111862.0,63.3,3.7,85113.0,75.1,3.5
104,104,105,,,,,,,625860,2018,Unified,55846.0,39.4,9.9,38683.0,49.4,11.2
105,105,106,,,,,,,627720,2018,Unified,52713.0,63.1,2.4,35795.0,79.8,2.6
106,106,107,,,,,,,628050,2018,Unified,355658.0,66.3,5.3,280797.0,78.4,5.1
107,107,108,,,,,,,629490,2018,Unified,88470.0,59.5,10.6,65635.0,71.4,10.1
108,108,109,,,,,,,629610,2018,Unified,72010.0,56.4,3.9,49874.0,71.5,3.6
109,109,110,,,,,,,633750,2018,Unified,92520.0,61.1,5.5,68136.0,76.0,5.7
110,110,111,,,,,,,600032,2018,Unified,-999999999.0,-999999999.0,-999999999.0,-999999999.0,-999999999.0,-999999999.0
111,111,112,,,,,,,610050,2018,Unified,62056.0,62.1,4.8,46466.0,76.6,4.4
112,112,113,,,,,,,622500,2018,Unified,420140.0,63.5,5.0,336450.0,74.7,4.5
113,113,114,,,,,,,629940,2018,Unified,167020.0,62.3,3.3,124157.0,76.1,3.3
114,114,115,,,,,,,632550,2018,Unified,207033.0,65.7,4.8,159587.0,77.9,4.2
115,115,116,,,,,,,622230,2018,Unified,135023.0,54.9,7.2,98005.0,69.9,6.6
116,116,117,,,,,,,625830,2018,Unified,52738.0,63.8,3.4,39327.0,78.1,3.5
117,117,118,,,,,,,633150,2018,Unified,215142.0,59.4,5.5,163204.0,72.9,4.6
118,118,119,,,,,,,638010,2018,Unified,151285.0,55.8,7.3,117028.0,67.6,7.4
119,119,120,,,,,,,643080,2018,Unified,53395.0,60.7,4.7,38741.0,77.1,4.1
120,0,1,,,,,,,620880,2018,Elementary,81690.0,48.4,9.2,62238.0,58.9,8.7
121,1,2,,,,,,,627180,2018,Elementary,59108.0,60.9,5.0,44752.0,73.3,5.0
122,2,3,,,,,,,642150,2018,Elementary,69721.0,56.5,5.7,51164.0,72.7,5.4
123,3,4,,,,,,,628470,2018,Elementary,143249.0,63.3,6.1,113697.0,74.4,5.5
124,4,5,,,,,,,639870,2018,Elementary,44492.0,61.1,6.2,35152.0,69.8,6.6
125,5,6,,,,,,,642450,2018,Elementary,51933.0,62.1,3.6,40434.0,75.7,3.3
126,6,7,,,,,,,613500,2018,Elementary,54425.0,38.5,8.5,38799.0,48.1,8.1
127,7,8,,,,,,,620250,2018,Elementary,113134.0,61.5,4.0,86313.0,74.9,3.8
128,8,9,,,,,,,614370,2018,Elementary,70871.0,63.3,5.4,54795.0,75.2,4.4
129,9,10,,,,,,,618870,2018,Elementary,81646.0,67.5,4.5,62647.0,81.7,4.4
130,10,11,,,,,,,602310,2018,Elementary,94329.0,64.4,4.8,72389.0,77.4,4.7
131,11,12,,,,,,,605910,2018,Elementary,-999999999.0,-999999999.0,-999999999.0,-999999999.0,-999999999.0,-999999999.0
132,12,13,,,,,,,606810,2018,Elementary,131438.0,58.2,5.3,99951.0,71.2,5.0
133,13,14,,,,,,,641040,2018,Elementary,73301.0,47.6,8.8,55510.0,59.8,6.9
134,14,15,,,,,,,618030,2018,Elementary,70911.0,61.2,3.2,51451.0,77.8,2.8
135,15,16,,,,,,,624540,2018,Elementary,76751.0,49.7,9.1,54284.0,64.5,8.7
136,16,17,,,,,,,633930,2018,Elementary,60096.0,59.3,5.5,46128.0,70.9,6.0
137,17,18,,,,,,,615510,2018,Elementary,68792.0,52.7,7.0,45873.0,68.8,5.4
138,18,19,,,,,,,626280,2018,Elementary,-999999999.0,-999999999.0,-999999999.0,-999999999.0,-999999999.0,-999999999.0
139,19,20,,,,,,,611850,2018,Elementary,66888.0,62.2,4.4,50632.0,76.6,4.1
140,20,21,,,,,,,605580,2018,Elementary,74528.0,64.0,5.7,58123.0,74.2,6.2
141,21,22,,,,,,,617850,2018,Elementary,50895.0,61.5,7.1,42008.0,69.9,7.3
142,22,23,,,,,,,635590,2018,Elementary,58345.0,56.4,7.7,39320.0,69.7,5.5
143,23,24,,,,,,,623430,2018,Elementary,53245.0,61.2,5.2,40929.0,72.5,5.1
144,24,25,,,,,,,635970,2018,Elementary,81398.0,67.2,5.1,64879.0,77.6,4.8
145,25,26,,,,,,,629580,2018,Elementary,96833.0,55.1,7.5,73295.0,68.2,6.6
146,26,27,,,,,,,638220,2018,Elementary,48889.0,64.4,6.1,38224.0,73.3,6.6
147,27,28,,,,,,,614730,2018,Elementary,96656.0,62.7,5.7,74444.0,75.5,5.0
148,28,29,,,,,,,604800,2018,Elementary,70474.0,66.5,4.9,55776.0,77.9,4.7
149,29,30,,,,,,,607200,2018,Elementary,76267.0,67.0,3.0,59668.0,80.4,2.9
150,30,31,,,,,,,634920,2018,Elementary,113011.0,66.3,4.6,85139.0,81.4,4.5
151,31,32,,,,,,,602610,2018,Elementary,164380.0,66.4,4.1,131348.0,77.6,3.7
152,32,33,,,,,,,624600,2018,Elementary,69163.0,49.3,13.2,48913.0,62.0,10.9
153,33,34,,,,,,,632130,2018,Elementary,86791.0,69.1,3.6,67143.0,79.6,3.5
154,34,35,,,,,,,625130,2018,Elementary,91217.0,54.1,10.6,72230.0,64.2,10.6
155,35,36,,,,,,,638670,2018,Elementary,55046.0,54.8,5.7,39417.0,69.7,5.4
156,36,37,,,,,,,642120,2018,Elementary,59420.0,52.5,3.6,45222.0,64.2,3.5
157,37,38,,,,,,,606390,2018,Elementary,102582.0,59.0,6.6,78493.0,71.4,6.0
158,38,39,,,,,,,629220,2018,Elementary,95863.0,61.7,4.7,73861.0,74.4,4.1
159,39,40,,,,,,,633600,2018,Elementary,79674.0,60.8,4.4,58505.0,76.8,3.7
160,40,41,,,,,,,610290,2018,Elementary,109484.0,60.7,2.6,82652.0,75.5,2.5
161,41,42,,,,,,,637380,2018,Elementary,63817.0,51.5,9.6,49014.0,63.1,8.4
162,42,43,,,,,,,612750,2018,Elementary,58937.0,59.7,4.3,40434.0,78.3,4.4
163,43,44,,,,,,,612880,2018,Elementary,137294.0,60.0,3.8,103118.0,72.8,3.4
164,44,45,,,,,,,628140,2018,Elementary,79657.0,65.9,3.8,60041.0,80.4,4.0
165,45,46,,,,,,,608610,2018,Elementary,244339.0,60.3,8.6,190808.0,72.7,8.0
166,46,47,,,,,,,630990,2018,Elementary,67250.0,60.6,4.7,45077.0,78.0,4.9
167,47,48,,,,,,,612090,2018,Elementary,66604.0,55.9,7.0,49651.0,70.2,6.8
168,48,49,,,,,,,638460,2018,Elementary,75440.0,75.2,3.3,64869.0,84.5,3.1
169,49,50,,,,,,,616680,2018,Elementary,59129.0,71.5,3.0,49167.0,82.6,2.9
170,50,51,,,,,,,612960,2018,Elementary,77827.0,64.0,4.3,61950.0,75.4,4.4
171,51,52,,,,,,,613140,2018,Elementary,81658.0,58.7,4.9,58146.0,75.0,4.8
172,52,53,,,,,,,635810,2018,Elementary,-999999999.0,-999999999.0,-999999999.0,-999999999.0,-999999999.0,-999999999.0
173,53,54,,,,,,,603630,2018,Elementary,140021.0,55.0,10.4,110388.0,63.9,10.5
174,54,55,,,,,,,627810,2018,Elementary,88969.0,67.9,3.7,71962.0,79.4,3.9
175,0,1,,,,,,,635830,2018,Secondary,171523.0,63.4,4.5,123554.0,77.6,3.9
176,1,2,,,,,,,601650,2018,Secondary,100398.0,56.8,3.0,66183.0,74.0,3.1
177,2,3,,,,,,,606019,2018,Secondary,88360.0,53.2,5.9,57518.0,70.1,4.5
178,3,4,,,,,,,634980,2018,Secondary,197804.0,67.1,4.5,150180.0,81.6,4.2
179,4,5,,,,,,,633980,2018,Secondary,136318.0,60.4,5.1,104807.0,71.3,5.3
180,5,6,,,,,,,636600,2018,Secondary,80061.0,49.6,8.5,57090.0,62.5,8.3
181,6,7,,,,,,,618060,2018,Secondary,266958.0,60.8,3.9,194212.0,77.4,3.7
182,7,8,,,,,,,633630,2018,Secondary,153707.0,61.5,3.5,111513.0,78.6,2.9
183,8,9,,,,,,,642510,2018,Secondary,212478.0,62.6,5.4,166464.0,72.7,5.4
184,9,10,,,,,,,610860,2018,Secondary,53770.0,44.8,10.9,43248.0,52.8,10.9
185,10,11,,,,,,,618930,2018,Secondary,129185.0,68.2,4.0,98429.0,82.5,3.9
186,11,12,,,,,,,635110,2018,Secondary,62501.0,61.2,2.5,44553.0,77.2,2.5
187,12,13,,,,,,,638640,2018,Secondary,393289.0,55.5,8.2,304721.0,67.6,7.5
188,13,14,,,,,,,614430,2018,Secondary,184924.0,66.6,2.9,147521.0,79.5,2.8
189,14,15,,,,,,,602820,2018,Secondary,283465.0,50.9,6.9,213664.0,63.0,6.4
190,15,16,,,,,,,612910,2018,Secondary,140370.0,59.9,3.8,105233.0,72.8,3.4
191,16,17,,,,,,,621600,2018,Secondary,100223.0,60.7,4.7,70749.0,76.3,4.8
192,17,18,,,,,,,607230,2018,Secondary,183048.0,67.8,2.7,143076.0,80.4,2.8
193,18,19,,,,,,,614760,2018,Secondary,203955.0,64.5,5.1,156844.0,77.9,4.7
194,19,20,,,,,,,616230,2018,Secondary,384331.0,59.2,5.2,292878.0,71.9,5.0
195,20,21,,,,,,,635670,2018,Secondary,115026.0,62.9,5.2,87728.0,74.4,5.6
196,21,22,,,,,,,638790,2018,Secondary,95733.0,63.9,2.5,62202.0,80.9,2.4
197,22,23,,,,,,,699011,2018,Secondary,58345.0,56.4,7.7,39320.0,69.7,5.5
198,23,24,,,,,,,611820,2018,Secondary,442275.0,64.6,4.6,342995.0,77.4,4.4
199,24,25,,,,,,,612070,2018,Secondary,119878.0,55.5,4.2,80322.0,72.7,4.6
200,25,26,,,,,,,625150,2018,Secondary,212514.0,56.3,8.1,162581.0,68.2,8.1
201,26,27,,,,,,,634380,2018,Secondary,137213.0,58.9,5.5,97495.0,74.1,5.6
202,27,28,,,,,,,612120,2018,Secondary,137294.0,57.1,7.9,103518.0,70.5,7.2
203,28,29,,,,,,,602630,2018,Secondary,319829.0,64.7,4.3,249958.0,76.9,4.0
204,29,30,,,,,,,608160,2018,Secondary,342018.0,63.3,5.0,269580.0,74.8,4.6
205,30,31,,,,,,,613530,2018,Secondary,56224.0,38.9,8.5,40090.0,48.7,8.2
206,31,32,,,,,,,626880,2018,Secondary,70398.0,49.6,3.8,41843.0,69.7,3.2
207,32,33,,,,,,,624660,2018,Secondary,133085.0,52.3,11.4,97474.0,65.2,9.4
208,33,34,,,,,,,619540,2018,Secondary,476721.0,55.4,9.2,369499.0,66.3,8.8
209,34,35,,,,,,,630250,2018,Secondary,61778.0,64.4,2.0,44789.0,78.7,2.1
210,35,36,,,,,,,629270,2018,Secondary,264127.0,62.4,5.0,202149.0,75.1,4.8
211,36,37,,,,,,,642480,2018,Secondary,180579.0,59.1,4.5,138665.0,72.9,4.3
212,37,38,,,,,,,606034,2018,Secondary,114272.0,54.4,7.7,82880.0,68.5,7.0
213,38,39,,,,,,,607920,2018,Secondary,118235.0,69.9,4.4,98628.0,79.7,4.1
214,39,40,,,,,,,616500,2018,Secondary,53567.0,59.7,5.3,41283.0,72.1,5.1
215,40,41,,,,,,,636390,2018,Secondary,210381.0,66.3,3.8,159619.0,78.2,4.0
216,41,42,,,,,,,636972,2018,Secondary,116166.0,45.9,8.5,90657.0,56.1,6.9
217,42,43,,,,,,,626310,2018,Secondary,93496.0,67.2,2.7,74250.0,79.7,2.3
218,43,44,,,,,,,630750,2018,Secondary,74234.0,49.0,3.5,46503.0,68.7,3.3
219,44,45,,,,,,,639930,2018,Secondary,59999.0,57.8,8.5,47576.0,66.3,8.5
0,0,1,,,,,,,632070,2019,Unified,103753.0,56.9,6.0,73833.0,73.7,5.2
1,1,2,,,,,,,632550,2019,Unified,205097.0,64.0,3.0,155464.0,77.7,2.7
2,2,3,,,,,,,633150,2019,Unified,215389.0,59.6,4.8,163980.0,71.6,4.4
3,3,4,,,,,,,633750,2019,Unified,87017.0,60.3,6.8,63374.0,73.7,6.5
4,4,5,,,,,,,633840,2019,Unified,274468.0,60.0,6.2,205929.0,75.1,5.5
5,5,6,,,,,,,633860,2019,Unified,183097.0,63.5,2.9,126824.0,81.4,2.8
6,6,7,,,,,,,634170,2019,Unified,202719.0,57.5,5.8,159290.0,66.5,5.4
7,7,8,,,,,,,634320,2019,Unified,926963.0,62.8,4.8,724749.0,74.7,4.5
8,8,9,,,,,,,634410,2019,Unified,774619.0,69.6,3.7,607791.0,83.1,3.4
9,9,10,,,,,,,615180,2019,Unified,-999999999.0,-999999999.0,-999999999.0,-999999999.0,-999999999.0,-999999999.0
10,10,11,,,,,,,615240,2019,Unified,183572.0,61.0,5.2,134936.0,77.1,4.9
11,11,12,,,,,,,616325,2019,Unified,94530.0,59.8,5.9,70102.0,73.6,5.4
12,12,13,,,,,,,616740,2019,Unified,150212.0,66.0,3.6,117632.0,77.6,3.2
13,13,14,,,,,,,616920,2019,Unified,116053.0,43.6,9.1,78776.0,60.3,7.7
14,14,15,,,,,,,618390,2019,Unified,89861.0,63.6,5.0,69805.0,75.9,4.8
15,15,16,,,,,,,619260,2019,Unified,79747.0,57.7,8.6,60349.0,71.3,6.4
16,16,17,,,,,,,606450,2019,Unified,86657.0,61.9,6.3,64444.0,76.3,6.0
17,17,18,,,,,,,607440,2019,Unified,290024.0,61.7,4.3,208516.0,76.4,4.0
18,18,19,,,,,,,607500,2019,Unified,64520.0,58.7,7.9,45672.0,76.8,7.4
19,19,20,,,,,,,600047,2019,Unified,66559.0,62.0,6.4,53630.0,71.4,5.9
20,20,21,,,,,,,628650,2019,Unified,181747.0,62.8,3.2,135170.0,76.3,3.0
21,21,22,,,,,,,621000,2019,Unified,53269.0,59.4,6.1,36680.0,75.0,4.9
22,22,23,,,,,,,622110,2019,Unified,72276.0,65.5,2.8,52393.0,81.2,2.3
23,23,24,,,,,,,622230,2019,Unified,134109.0,57.5,5.5,95779.0,74.1,4.5
24,24,25,,,,,,,622500,2019,Unified,418514.0,63.9,5.0,327615.0,76.5,4.7
25,25,26,,,,,,,622710,2019,Unified,3871485.0,63.3,5.3,3023252.0,75.4,4.9
26,26,27,,,,,,,600014,2019,Unified,80008.0,51.9,6.8,62171.0,63.2,5.8
27,27,28,,,,,,,600016,2019,Unified,64914.0,64.2,3.9,47629.0,78.7,4.1
28,28,29,,,,,,,603690,2019,Unified,58703.0,60.7,6.4,45706.0,73.9,5.8
29,29,30,,,,,,,629490,2019,Unified,88116.0,61.4,5.4,62620.0,76.0,5.5
30,30,31,,,,,,,629550,2019,Unified,147306.0,49.7,6.2,95442.0,68.0,5.6
31,31,32,,,,,,,629610,2019,Unified,70348.0,57.9,1.9,48055.0,72.8,1.5
32,32,33,,,,,,,629850,2019,Unified,59830.0,60.3,5.0,47665.0,70.3,4.4
33,33,34,,,,,,,629940,2019,Unified,175063.0,63.8,3.6,133400.0,77.1,3.2
34,34,35,,,,,,,630660,2019,Unified,131686.0,64.9,3.4,98726.0,79.8,3.2
35,35,36,,,,,,,631320,2019,Unified,135758.0,60.2,4.8,100226.0,74.8,3.7
36,36,37,,,,,,,631530,2019,Unified,158642.0,64.0,6.1,120511.0,77.1,5.8
37,37,38,,,,,,,604290,2019,Unified,51789.0,50.6,8.6,33951.0,67.5,9.3
38,38,39,,,,,,,604440,2019,Unified,64737.0,62.1,4.5,48964.0,77.6,3.3
39,39,40,,,,,,,613360,2019,Unified,110494.0,64.8,3.3,83173.0,78.3,3.1
40,40,41,,,,,,,600013,2019,Unified,51882.0,58.6,4.4,36253.0,75.1,4.1
41,41,42,,,,,,,624500,2019,Unified,70877.0,67.0,4.5,55926.0,79.8,4.8
42,42,43,,,,,,,625470,2019,Unified,128252.0,58.7,5.7,95554.0,72.8,5.5
43,43,44,,,,,,,625530,2019,Unified,77250.0,59.1,4.1,55086.0,72.9,3.8
44,44,45,,,,,,,625800,2019,Unified,138856.0,58.9,5.2,111338.0,69.9,4.5
45,45,46,,,,,,,625830,2019,Unified,53160.0,62.8,4.2,39264.0,77.9,3.4
46,46,47,,,,,,,625860,2019,Unified,54718.0,40.8,11.0,40476.0,49.0,9.4
47,47,48,,,,,,,626370,2019,Unified,216354.0,65.3,3.2,162186.0,80.1,3.1
48,48,49,,,,,,,626640,2019,Unified,96795.0,60.5,3.2,68118.0,78.0,3.0
49,49,50,,,,,,,626910,2019,Unified,64728.0,63.3,2.4,48501.0,78.6,2.5
50,50,51,,,,,,,609620,2019,Unified,116144.0,56.8,8.8,89464.0,68.9,8.4
51,51,52,,,,,,,609640,2019,Unified,106560.0,62.0,3.2,73071.0,78.3,3.3
52,52,53,,,,,,,609850,2019,Unified,228325.0,63.1,3.9,183412.0,74.0,3.7
53,53,54,,,,,,,610050,2019,Unified,57184.0,62.6,3.3,42055.0,79.2,3.1
54,54,55,,,,,,,613890,2019,Unified,106178.0,64.2,3.1,83258.0,75.5,3.0
55,55,56,,,,,,,613920,2019,Unified,136335.0,60.1,5.8,107115.0,70.4,5.7
56,56,57,,,,,,,614400,2019,Unified,192852.0,65.5,2.7,152334.0,78.3,2.7
57,57,58,,,,,,,607970,2019,Unified,66152.0,59.3,9.2,50531.0,72.8,6.4
58,58,59,,,,,,,608370,2019,Unified,104602.0,59.3,6.4,74184.0,73.2,5.8
59,59,60,,,,,,,608460,2019,Unified,166654.0,61.2,2.4,131368.0,71.9,2.3
60,60,61,,,,,,,609030,2019,Unified,169620.0,61.6,5.2,124425.0,76.1,5.1
61,61,62,,,,,,,609070,2019,Unified,-999999999.0,-999999999.0,-999999999.0,-999999999.0,-999999999.0,-999999999.0
62,62,63,,,,,,,609390,2019,Unified,91151.0,57.9,4.0,71931.0,69.7,2.8
63,63,64,,,,,,,636840,2019,Unified,107429.0,64.4,3.3,80426.0,78.1,3.1
64,64,65,,,,,,,637530,2019,Unified,75398.0,68.0,2.7,56546.0,82.9,2.6
65,65,66,,,,,,,638010,2019,Unified,155674.0,53.8,9.2,119564.0,65.1,8.2
66,66,67,,,,,,,639420,2019,Unified,116254.0,64.7,2.5,87823.0,78.5,2.4
67,67,68,,,,,,,610620,2019,Unified,72844.0,49.9,6.3,52716.0,61.7,5.8
68,68,69,,,,,,,611110,2019,Unified,160947.0,49.6,4.7,96234.0,72.7,5.0
69,69,70,,,,,,,611460,2019,Unified,94466.0,63.3,4.0,72103.0,75.6,3.7
70,70,71,,,,,,,612330,2019,Unified,271136.0,58.7,6.2,205736.0,72.2,5.5
71,71,72,,,,,,,600017,2019,Unified,62429.0,46.4,10.6,43467.0,62.1,9.6
72,72,73,,,,,,,640150,2019,Unified,107732.0,66.0,3.4,83740.0,77.5,3.6
73,73,74,,,,,,,640590,2019,Unified,64631.0,60.6,3.5,48773.0,74.0,3.4
74,74,75,,,,,,,640740,2019,Unified,103302.0,60.0,5.9,77539.0,72.7,5.9
75,75,76,,,,,,,640980,2019,Unified,98619.0,61.2,4.0,71348.0,75.3,3.7
76,76,77,,,,,,,641160,2019,Unified,120475.0,58.2,3.5,93639.0,69.3,2.9
77,77,78,,,,,,,641190,2019,Unified,129796.0,63.5,4.1,100208.0,76.1,4.0
78,78,79,,,,,,,600020,2019,Unified,65445.0,63.0,2.6,47727.0,77.4,2.6
79,79,80,,,,,,,600027,2019,Unified,104154.0,57.4,4.6,81163.0,70.2,4.2
80,80,81,,,,,,,600028,2019,Unified,125632.0,59.7,4.1,95920.0,71.6,3.3
81,81,82,,,,,,,600029,2019,Unified,92851.0,58.6,5.6,68946.0,71.3,5.6
82,82,83,,,,,,,600032,2019,Unified,-999999999.0,-999999999.0,-999999999.0,-999999999.0,-999999999.0,-999999999.0
83,83,84,,,,,,,600036,2019,Unified,68055.0,69.3,3.9,53500.0,81.9,3.4
84,84,85,,,,,,,623080,2019,Unified,-999999999.0,-999999999.0,-999999999.0,-999999999.0,-999999999.0,-999999999.0
85,85,86,,,,,,,623160,2019,Unified,50077.0,57.4,8.9,39942.0,68.5,8.1
86,86,87,,,,,,,623340,2019,Unified,65057.0,57.9,7.8,49502.0,70.5,6.4
87,87,88,,,,,,,623610,2019,Unified,111689.0,52.7,4.3,85009.0,64.6,3.8
88,88,89,,,,,,,600153,2019,Unified,97286.0,59.9,4.1,71304.0,75.1,3.9
89,89,90,,,,,,,601620,2019,Unified,85646.0,59.7,4.2,62074.0,74.8,4.2
90,90,91,,,,,,,601770,2019,Unified,63509.0,64.5,2.9,47218.0,80.0,3.2
91,91,92,,,,,,,643080,2019,Unified,53090.0,59.2,4.8,39571.0,73.1,5.1
92,92,93,,,,,,,643470,2019,Unified,59902.0,56.1,5.3,43599.0,70.7,3.8
93,93,94,,,,,,,684500,2019,Unified,209759.0,62.4,3.9,163907.0,73.4,3.7
94,94,95,,,,,,,691135,2019,Unified,67443.0,56.2,7.3,55166.0,66.4,6.7
95,95,96,,,,,,,604740,2019,Unified,109524.0,57.9,6.0,77229.0,72.7,5.3
96,96,97,,,,,,,614550,2019,Unified,282604.0,53.4,8.6,215290.0,64.8,8.5
97,97,98,,,,,,,614880,2019,Unified,217318.0,59.3,4.1,159306.0,74.1,4.1
98,98,99,,,,,,,602430,2019,Unified,95444.0,62.8,3.5,74961.0,76.0,3.2
99,99,100,,,,,,,602850,2019,Unified,94744.0,57.3,9.3,71272.0,70.5,8.5
100,100,101,,,,,,,603600,2019,Unified,55367.0,62.4,4.6,43669.0,73.2,4.1
101,101,102,,,,,,,634680,2019,Unified,59672.0,67.6,4.4,46598.0,80.4,4.7
102,102,103,,,,,,,634590,2019,Unified,216256.0,65.7,2.6,165428.0,78.9,2.3
103,103,104,,,,,,,634620,2019,Unified,283660.0,58.7,5.8,202712.0,73.6,5.9
104,104,105,,,,,,,634710,2019,Unified,66278.0,63.8,6.1,51621.0,75.7,6.1
105,105,106,,,,,,,634800,2019,Unified,86220.0,52.4,5.4,57749.0,66.6,4.1
106,106,107,,,,,,,601414,2019,Unified,-999999999.0,-999999999.0,-999999999.0,-999999999.0,-999999999.0,-999999999.0
107,107,108,,,,,,,632370,2019,Unified,96402.0,58.8,8.8,74922.0,70.3,8.3
108,108,109,,,,,,,634880,2019,Unified,101057.0,63.2,2.4,74122.0,77.1,1.9
109,109,110,,,,,,,635130,2019,Unified,124160.0,63.0,3.1,89764.0,76.6,2.8
110,110,111,,,,,,,635310,2019,Unified,206347.0,64.8,4.6,163823.0,76.8,4.2
111,111,112,,,,,,,635430,2019,Unified,145555.0,71.7,3.0,120329.0,81.7,3.1
112,112,113,,,,,,,635700,2019,Unified,91219.0,61.9,3.8,64081.0,78.1,3.4
113,113,114,,,,,,,627240,2019,Unified,159703.0,67.0,4.3,121002.0,80.8,4.0
114,114,115,,,,,,,627690,2019,Unified,101467.0,59.4,6.3,74688.0,73.8,5.9
115,115,116,,,,,,,627720,2019,Unified,53039.0,58.9,3.8,32806.0,76.6,3.3
116,116,117,,,,,,,628050,2019,Unified,353106.0,65.3,4.3,277604.0,78.2,3.9
117,117,118,,,,,,,628250,2019,Unified,107834.0,58.7,5.7,82799.0,69.2,5.3
118,118,119,,,,,,,601332,2019,Unified,138033.0,60.2,5.8,108420.0,70.4,5.9
119,119,120,,,,,,,600158,2019,Unified,-999999999.0,-999999999.0,-999999999.0,-999999999.0,-999999999.0,-999999999.0
120,0,1,,,,,,,633930,2019,Elementary,56443.0,61.6,5.2,44142.0,73.1,5.2
121,1,2,,,,,,,634920,2019,Elementary,114601.0,67.6,3.1,85308.0,82.5,3.1
122,2,3,,,,,,,628140,2019,Elementary,86182.0,62.0,6.4,62230.0,77.4,5.2
123,3,4,,,,,,,626280,2019,Elementary,-999999999.0,-999999999.0,-999999999.0,-999999999.0,-999999999.0,-999999999.0
124,4,5,,,,,,,627180,2019,Elementary,57044.0,59.6,3.6,42078.0,74.6,3.4
125,5,6,,,,,,,627810,2019,Elementary,95966.0,68.6,2.8,75083.0,81.5,3.0
126,6,7,,,,,,,642150,2019,Elementary,69118.0,59.6,5.4,52779.0,74.1,5.0
127,7,8,,,,,,,603630,2019,Elementary,138160.0,52.8,8.5,105814.0,65.1,7.9
128,8,9,,,,,,,606390,2019,Elementary,99085.0,58.7,6.1,76830.0,70.9,5.3
129,9,10,,,,,,,612090,2019,Elementary,72475.0,58.1,4.9,53243.0,73.1,4.6
130,10,11,,,,,,,637380,2019,Elementary,60660.0,53.0,10.7,44266.0,65.7,10.2
131,11,12,,,,,,,630990,2019,Elementary,68327.0,58.1,3.1,46771.0,76.8,3.3
132,12,13,,,,,,,628470,2019,Elementary,141394.0,62.2,5.1,114053.0,72.8,4.8
133,13,14,,,,,,,620880,2019,Elementary,88149.0,51.3,5.3,65729.0,65.1,4.8
134,14,15,,,,,,,639870,2019,Elementary,42017.0,58.7,7.3,33021.0,70.7,6.6
135,15,16,,,,,,,638460,2019,Elementary,76781.0,72.9,2.2,65242.0,80.7,2.2
136,16,17,,,,,,,602310,2019,Elementary,97365.0,64.0,5.7,74881.0,77.0,6.0
137,17,18,,,,,,,602610,2019,Elementary,163233.0,67.7,3.9,133126.0,77.8,3.7
138,18,19,,,,,,,608610,2019,Elementary,253212.0,58.2,10.2,194207.0,70.4,9.1
139,19,20,,,,,,,641040,2019,Elementary,75372.0,52.8,12.5,60965.0,63.6,10.4
140,20,21,,,,,,,642120,2019,Elementary,57794.0,49.7,5.2,42988.0,62.0,5.1
141,21,22,,,,,,,618030,2019,Elementary,67832.0,63.4,3.8,48012.0,79.3,3.9
142,22,23,,,,,,,618870,2019,Elementary,78013.0,67.5,3.6,59214.0,84.3,3.5
143,23,24,,,,,,,635970,2019,Elementary,82879.0,64.3,2.9,62913.0,77.4,3.0
144,24,25,,,,,,,638670,2019,Elementary,-999999999.0,-999999999.0,-999999999.0,-999999999.0,-999999999.0,-999999999.0
145,25,26,,,,,,,642450,2019,Elementary,51834.0,59.2,4.4,36923.0,74.9,3.5
146,26,27,,,,,,,616680,2019,Elementary,-999999999.0,-999999999.0,-999999999.0,-999999999.0,-999999999.0,-999999999.0
147,27,28,,,,,,,624600,2019,Elementary,68335.0,53.7,11.4,53401.0,64.7,10.3
148,28,29,,,,,,,632130,2019,Elementary,80657.0,68.0,2.6,62456.0,81.3,2.7
149,29,30,,,,,,,625130,2019,Elementary,87944.0,53.6,10.3,67681.0,65.1,9.8
150,30,31,,,,,,,604800,2019,Elementary,72819.0,67.3,5.7,57164.0,80.0,5.5
151,31,32,,,,,,,605580,2019,Elementary,72870.0,62.9,5.2,55300.0,74.8,5.0
152,32,33,,,,,,,611850,2019,Elementary,57575.0,61.6,3.1,44605.0,75.2,3.1
153,33,34,,,,,,,620250,2019,Elementary,117638.0,60.6,7.3,88220.0,74.6,7.0
154,34,35,,,,,,,635590,2019,Elementary,58894.0,60.6,5.5,42991.0,72.3,4.1
155,35,36,,,,,,,635810,2019,Elementary,60349.0,66.7,5.1,47823.0,78.1,4.4
156,36,37,,,,,,,612880,2019,Elementary,132709.0,59.0,3.6,97900.0,72.3,3.7
157,37,38,,,,,,,612750,2019,Elementary,58080.0,60.4,4.0,39768.0,78.9,4.1
158,38,39,,,,,,,612960,2019,Elementary,72988.0,66.0,2.7,57546.0,74.5,2.8
159,39,40,,,,,,,613140,2019,Elementary,76122.0,62.0,3.8,55694.0,78.0,3.9
160,40,41,,,,,,,623430,2019,Elementary,50449.0,62.1,4.7,40263.0,72.4,4.6
161,41,42,,,,,,,614370,2019,Elementary,70381.0,63.6,4.7,53006.0,77.7,4.5
162,42,43,,,,,,,614730,2019,Elementary,95960.0,63.0,4.9,72728.0,75.9,4.7
163,43,44,,,,,,,615510,2019,Elementary,73097.0,53.4,7.6,48325.0,68.0,5.0
164,44,45,,,,,,,624540,2019,Elementary,76415.0,53.4,7.8,53426.0,71.6,5.6
165,45,46,,,,,,,629220,2019,Elementary,99469.0,61.4,5.0,74660.0,74.6,4.7
166,46,47,,,,,,,629580,2019,Elementary,96878.0,56.7,8.3,78286.0,66.3,8.3
167,47,48,,,,,,,606810,2019,Elementary,140589.0,58.8,6.4,104676.0,72.9,5.3
168,48,49,,,,,,,607200,2019,Elementary,76846.0,67.9,2.5,61827.0,80.5,2.4
169,49,50,,,,,,,610290,2019,Elementary,111391.0,60.2,2.2,81455.0,76.6,2.3
170,50,51,,,,,,,605910,2019,Elementary,-999999999.0,-999999999.0,-999999999.0,-999999999.0,-999999999.0,-999999999.0
171,51,52,,,,,,,633600,2019,Elementary,82014.0,63.8,3.1,59313.0,81.5,2.7
172,0,1,,,,,,,619540,2019,Secondary,468218.0,55.0,7.4,359791.0,66.9,6.7
173,1,2,,,,,,,606034,2019,Secondary,109418.0,54.8,7.4,78462.0,72.0,5.4
174,2,3,,,,,,,602820,2019,Secondary,292413.0,52.0,6.4,223546.0,63.7,6.2
175,3,4,,,,,,,606019,2019,Secondary,93354.0,53.4,7.4,60383.0,68.7,5.4
176,4,5,,,,,,,601650,2019,Secondary,95161.0,56.4,4.2,60424.0,76.3,3.9
177,5,6,,,,,,,602630,2019,Secondary,324683.0,64.9,4.0,255737.0,76.6,3.9
178,6,7,,,,,,,607230,2019,Secondary,182855.0,66.5,3.0,144318.0,78.8,3.1
179,7,8,,,,,,,607920,2019,Secondary,114726.0,68.0,3.9,93421.0,78.5,3.3
180,8,9,,,,,,,608160,2019,Secondary,338709.0,64.3,4.2,266457.0,75.7,4.0
181,9,10,,,,,,,699011,2019,Secondary,58894.0,60.6,5.5,42991.0,72.3,4.1
182,10,11,,,,,,,630250,2019,Secondary,64227.0,61.7,3.3,43518.0,79.6,2.3
183,11,12,,,,,,,630750,2019,Secondary,79908.0,59.1,1.8,54681.0,75.7,1.6
184,12,13,,,,,,,633630,2019,Secondary,146915.0,62.5,3.2,106923.0,79.1,2.7
185,13,14,,,,,,,633980,2019,Secondary,129762.0,61.2,4.0,101943.0,72.3,4.0
186,14,15,,,,,,,634380,2019,Secondary,139036.0,62.0,3.2,97916.0,77.8,2.9
187,15,16,,,,,,,634980,2019,Secondary,202771.0,67.2,2.9,149177.0,82.0,3.0
188,16,17,,,,,,,635110,2019,Secondary,62898.0,61.7,5.2,43316.0,79.0,5.1
189,17,18,,,,,,,635670,2019,Secondary,110574.0,60.8,4.6,81579.0,74.5,4.2
190,18,19,,,,,,,635830,2019,Secondary,168781.0,64.6,2.7,123579.0,79.2,2.1
191,19,20,,,,,,,636390,2019,Secondary,205952.0,67.1,2.8,157158.0,80.6,2.7
192,20,21,,,,,,,636600,2019,Secondary,82127.0,55.0,4.5,56769.0,72.0,4.2
193,21,22,,,,,,,636972,2019,Secondary,120240.0,47.0,12.5,96295.0,56.6,10.9
194,22,23,,,,,,,638640,2019,Secondary,397443.0,55.8,9.6,303270.0,67.5,8.6
195,23,24,,,,,,,638790,2019,Secondary,95653.0,62.0,3.4,64005.0,80.0,3.3
196,24,25,,,,,,,639930,2019,Secondary,55901.0,57.7,6.1,42686.0,70.7,5.4
197,25,26,,,,,,,642480,2019,Secondary,171938.0,60.3,3.5,129309.0,74.2,3.0
198,26,27,,,,,,,642510,2019,Secondary,208779.0,61.2,3.6,159685.0,73.5,3.4
199,27,28,,,,,,,610860,2019,Secondary,-999999999.0,-999999999.0,-999999999.0,-999999999.0,-999999999.0,-999999999.0
200,28,29,,,,,,,611820,2019,Secondary,445625.0,65.7,4.5,342632.0,79.2,4.5
201,29,30,,,,,,,612070,2019,Secondary,118439.0,54.5,4.1,78822.0,73.4,4.3
202,30,31,,,,,,,612120,2019,Secondary,142085.0,58.3,4.4,104678.0,74.0,4.3
203,31,32,,,,,,,612910,2019,Secondary,135094.0,59.0,3.8,99648.0,72.4,3.8
204,32,33,,,,,,,614430,2019,Secondary,188172.0,65.4,2.2,146697.0,78.4,2.2
205,33,34,,,,,,,614760,2019,Secondary,208709.0,64.1,4.8,157979.0,78.0,4.2
206,34,35,,,,,,,616230,2019,Secondary,391914.0,58.5,6.6,291009.0,72.7,5.8
207,35,36,,,,,,,616500,2019,Secondary,56856.0,52.5,8.5,43781.0,65.0,8.5
208,36,37,,,,,,,618060,2019,Secondary,268457.0,62.0,4.8,194895.0,77.6,4.3
209,37,38,,,,,,,618930,2019,Secondary,122050.0,66.0,3.1,90756.0,83.0,3.0
210,38,39,,,,,,,621600,2019,Secondary,99440.0,63.0,2.9,72255.0,76.9,2.7
211,39,40,,,,,,,624660,2019,Secondary,137172.0,57.4,9.6,106224.0,68.9,8.5
212,40,41,,,,,,,625150,2019,Secondary,211497.0,55.7,7.3,158512.0,69.3,6.8
213,41,42,,,,,,,626310,2019,Secondary,96912.0,67.0,2.9,75135.0,79.8,2.7
214,42,43,,,,,,,626880,2019,Secondary,74329.0,51.5,2.1,46552.0,71.1,2.4
215,43,44,,,,,,,629270,2019,Secondary,263863.0,61.3,4.7,197839.0,74.9,4.5
