,Unnamed: 0,Total!!Estimate!!Population 16 years and over,Total!!Estimate!!RACE AND HISPANIC OR LATINO ORIGIN!!White alone,Total!!Estimate!!RACE AND HISPANIC OR LATINO ORIGIN!!Black or African American alone,Total!!Estimate!!RACE AND HISPANIC OR LATINO ORIGIN!!American Indian and Alaska Native alone,Total!!Estimate!!RACE AND HISPANIC OR LATINO ORIGIN!!Asian alone,Total!!Estimate!!RACE AND HISPANIC OR LATINO ORIGIN!!Native Hawaiian and Other Pacific Islander alone,Total!!Estimate!!RACE AND HISPANIC OR LATINO ORIGIN!!Some other race alone,Total!!Estimate!!RACE AND HISPANIC OR LATINO ORIGIN!!Two or more races,Total!!Estimate!!Hispanic or Latino origin (of any race),"Total!!Estimate!!White alone, not Hispanic or Latino",Total!!Estimate!!Population 20 to 64 years,Employment/Population Ratio!!Estimate!!Population 16 years and over,Employment/Population Ratio!!Estimate!!RACE AND HISPANIC OR LATINO ORIGIN!!White alone,Employment/Population Ratio!!Estimate!!RACE AND HISPANIC OR LATINO ORIGIN!!Black or African American alone,Employment/Population Ratio!!Estimate!!RACE AND HISPANIC OR LATINO ORIGIN!!American Indian and Alaska Native alone,Employment/Population Ratio!!Estimate!!RACE AND HISPANIC OR LATINO ORIGIN!!Asian alone,Employment/Population Ratio!!Estimate!!RACE AND HISPANIC OR LATINO ORIGIN!!Native Hawaiian and Other Pacific Islander alone,Employment/Population Ratio!!Estimate!!RACE AND HISPANIC OR LATINO ORIGIN!!Some other race alone,Employment/Population Ratio!!Estimate!!RACE AND HISPANIC OR LATINO ORIGIN!!Two or more races,Employment/Population Ratio!!Estimate!!Hispanic or Latino origin (of any race),"Employment/Population Ratio!!Estimate!!White alone, not Hispanic or Latino",Employment/Population Ratio!!Estimate!!Population 20 to 64 years,Unemployment rate!!Estimate!!Population 16 years and over,Unemployment rate!!Estimate!!RACE AND HISPANIC OR LATINO ORIGIN!!White alone,Unemployment rate!!Estimate!!RACE AND HISPANIC OR LATINO ORIGIN!!Black or African American alone,Unemployment rate!!Estimate!!RACE AND HISPANIC OR LATINO ORIGIN!!American Indian and Alaska Native alone,Unemployment rate!!Estimate!!RACE AND HISPANIC OR LATINO ORIGIN!!Asian alone,Unemployment rate!!Estimate!!RACE AND HISPANIC OR LATINO ORIGIN!!Native Hawaiian and Other Pacific Islander alone,Unemployment rate!!Estimate!!RACE AND HISPANIC OR LATINO ORIGIN!!Some other race alone,Unemployment rate!!Estimate!!RACE AND HISPANIC OR LATINO ORIGIN!!Two or more races,Unemployment rate!!Estimate!!Hispanic or Latino origin (of any race),"Unemployment rate!!Estimate!!White alone, not Hispanic or Latino",Unemployment rate!!Estimate!!Population 20 to 64 years,STATE,SCHOOL DISTRICT (UNIFIED),NCESDist,year,SCHOOL DISTRICT (ELEMENTARY),SCHOOL DISTRICT (SECONDARY)
0,1,82334,68715,-999999999,-999999999,-999999999,-999999999,-999999999,-999999999,42536,32621,62228,48.6,48.7,-999999999.0,-999999999.0,-999999999.0,-999999999.0,-999999999.0,-999999999.0,53.3,42.9,60.4,8.7,8.4,-999999999.0,-999999999.0,-999999999.0,-999999999.0,-999999999.0,-999999999.0,6.9,10.9,7.7,6,14.0,600014,2016,,
1,2,63598,45850,-999999999,-999999999,5919,-999999999,-999999999,-999999999,21048,30381,47083,63.1,61.8,-999999999.0,-999999999.0,65.7,-999999999.0,-999999999.0,-999999999.0,70.0,56.4,76.1,3.5,3.5,-999999999.0,-999999999.0,1.9,-999999999.0,-999999999.0,-999999999.0,4.6,2.2,3.4,6,16.0,600016,2016,,
2,3,63453,50460,-999999999,-999999999,-999999999,-999999999,-999999999,-999999999,20642,32871,46795,45.9,45.8,-999999999.0,-999999999.0,-999999999.0,-999999999.0,-999999999.0,-999999999.0,47.0,44.8,58.1,13.1,14.5,-999999999.0,-999999999.0,-999999999.0,-999999999.0,-999999999.0,-999999999.0,20.0,9.9,13.1,6,17.0,600017,2016,,
3,4,62993,38232,-999999999,-999999999,-999999999,-999999999,-999999999,-999999999,-999999999,34165,48061,61.5,60.3,-999999999.0,-999999999.0,-999999999.0,-999999999.0,-999999999.0,-999999999.0,-999999999.0,60.1,73.9,4.0,5.1,-999999999.0,-999999999.0,-999999999.0,-999999999.0,-999999999.0,-999999999.0,-999999999.0,4.7,3.5,6,20.0,600020,2016,,
4,5,100634,63493,-999999999,-999999999,-999999999,-999999999,-999999999,-999999999,41790,46943,80312,58.9,58.7,-999999999.0,-999999999.0,-999999999.0,-999999999.0,-999999999.0,-999999999.0,64.3,55.7,69.9,8.2,10.3,-999999999.0,-999999999.0,-999999999.0,-999999999.0,-999999999.0,-999999999.0,6.3,10.9,7.1,6,27.0,600027,2016,,
5,6,120506,78482,-999999999,-999999999,11132,-999999999,-999999999,-999999999,30523,63879,92970,58.7,59.9,-999999999.0,-999999999.0,55.4,-999999999.0,-999999999.0,-999999999.0,60.0,60.6,70.6,7.8,7.6,-999999999.0,-999999999.0,5.0,-999999999.0,-999999999.0,-999999999.0,10.2,7.0,7.1,6,28.0,600028,2016,,
6,7,84976,56110,-999999999,-999999999,-999999999,-999999999,-999999999,-999999999,22089,44219,66062,57.9,57.6,-999999999.0,-999999999.0,-999999999.0,-999999999.0,-999999999.0,-999999999.0,58.6,56.7,70.8,8.6,8.0,-999999999.0,-999999999.0,-999999999.0,-999999999.0,-999999999.0,-999999999.0,13.8,7.0,8.0,6,29.0,600029,2016,,
7,8,-999999999,43390,-999999999,-999999999,-999999999,-999999999,-999999999,-999999999,-999999999,37955,-999999999,-999999999.0,66.7,-999999999.0,-999999999.0,-999999999.0,-999999999.0,-999999999.0,-999999999.0,-999999999.0,66.4,-999999999.0,-999999999.0,3.9,-999999999.0,-999999999.0,-999999999.0,-999999999.0,-999999999.0,-999999999.0,-999999999.0,4.1,-999999999.0,6,32.0,600032,2016,,
8,9,-999999999,30083,-999999999,-999999999,-999999999,-999999999,-999999999,-999999999,-999999999,20487,-999999999,-999999999.0,67.3,-999999999.0,-999999999.0,-999999999.0,-999999999.0,-999999999.0,-999999999.0,-999999999.0,66.0,-999999999.0,-999999999.0,5.1,-999999999.0,-999999999.0,-999999999.0,-999999999.0,-999999999.0,-999999999.0,-999999999.0,3.8,-999999999.0,6,36.0,600036,2016,,
9,10,62240,36472,-999999999,-999999999,-999999999,-999999999,-999999999,-999999999,22897,22349,47597,61.6,61.4,-999999999.0,-999999999.0,-999999999.0,-999999999.0,-999999999.0,-999999999.0,60.6,62.5,75.4,5.3,6.0,-999999999.0,-999999999.0,-999999999.0,-999999999.0,-999999999.0,-999999999.0,6.4,4.3,4.6,6,47.0,600047,2016,,
10,11,98402,17309,-999999999,-999999999,60130,-999999999,16343,-999999999,28168,6619,70965,56.3,52.4,-999999999.0,-999999999.0,55.2,-999999999.0,63.1,-999999999.0,60.7,46.3,73.3,4.9,6.6,-999999999.0,-999999999.0,3.9,-999999999.0,5.5,-999999999.0,6.6,4.7,4.5,6,153.0,600153,2016,,
11,12,60453,47903,-999999999,-999999999,-999999999,-999999999,-999999999,-999999999,20236,33566,44492,55.6,55.2,-999999999.0,-999999999.0,-999999999.0,-999999999.0,-999999999.0,-999999999.0,56.0,55.1,71.4,8.2,9.3,-999999999.0,-999999999.0,-999999999.0,-999999999.0,-999999999.0,-999999999.0,11.5,7.3,7.7,6,158.0,600158,2016,,
12,13,135133,85109,15977,-999999999,15558,-999999999,-999999999,-999999999,38677,58828,105473,53.5,54.3,46.5,-999999999.0,53.7,-999999999.0,-999999999.0,-999999999.0,59.0,51.6,64.6,8.2,5.9,13.7,-999999999.0,5.8,-999999999.0,-999999999.0,-999999999.0,7.0,7.3,7.8,6,1332.0,601332,2016,,
13,14,73578,59324,-999999999,-999999999,-999999999,-999999999,-999999999,-999999999,22944,44627,53547,63.2,62.8,-999999999.0,-999999999.0,-999999999.0,-999999999.0,-999999999.0,-999999999.0,70.5,60.4,76.4,4.0,3.5,-999999999.0,-999999999.0,-999999999.0,-999999999.0,-999999999.0,-999999999.0,5.1,3.7,3.4,6,1414.0,601414,2016,,
14,15,84152,20717,-999999999,-999999999,39246,-999999999,-999999999,-999999999,24330,11985,62412,54.4,53.0,-999999999.0,-999999999.0,53.2,-999999999.0,-999999999.0,-999999999.0,56.2,52.7,68.3,6.3,6.3,-999999999.0,-999999999.0,5.9,-999999999.0,-999999999.0,-999999999.0,5.4,4.1,6.5,6,1620.0,601620,2016,,
15,16,63244,31208,-999999999,-999999999,20529,-999999999,-999999999,-999999999,-999999999,27974,49705,63.1,63.3,-999999999.0,-999999999.0,61.9,-999999999.0,-999999999.0,-999999999.0,-999999999.0,64.4,74.1,3.5,4.4,-999999999.0,-999999999.0,1.3,-999999999.0,-999999999.0,-999999999.0,-999999999.0,4.4,3.6,6,1770.0,601770,2016,,
16,17,87885,49219,-999999999,-999999999,-999999999,-999999999,23592,-999999999,52407,23638,70711,60.7,58.0,-999999999.0,-999999999.0,-999999999.0,-999999999.0,67.0,-999999999.0,61.9,58.8,71.0,6.6,6.6,-999999999.0,-999999999.0,-999999999.0,-999999999.0,5.2,-999999999.0,7.0,5.0,6.2,6,2430.0,602430,2016,,
17,18,91087,39549,20306,-999999999,9254,-999999999,-999999999,-999999999,24531,30685,70484,59.1,55.5,57.2,-999999999.0,68.1,-999999999.0,-999999999.0,-999999999.0,61.2,54.7,71.5,6.4,6.6,9.7,-999999999.0,3.5,-999999999.0,-999999999.0,-999999999.0,6.1,6.9,6.0,6,2850.0,602850,2016,,
18,19,56367,27840,-999999999,-999999999,-999999999,-999999999,19196,-999999999,36406,11773,45050,61.5,57.9,-999999999.0,-999999999.0,-999999999.0,-999999999.0,66.2,-999999999.0,62.7,56.4,72.0,6.9,9.0,-999999999.0,-999999999.0,-999999999.0,-999999999.0,5.4,-999999999.0,8.0,5.1,5.6,6,3600.0,603600,2016,,
19,20,58339,15962,-999999999,-999999999,13261,-999999999,25311,-999999999,42478,-999999999,46358,61.9,55.9,-999999999.0,-999999999.0,64.3,-999999999.0,65.4,-999999999.0,62.2,-999999999.0,74.1,4.9,7.3,-999999999.0,-999999999.0,4.5,-999999999.0,2.6,-999999999.0,4.6,-999999999.0,4.3,6,3690.0,603690,2016,,
20,21,63126,23753,-999999999,-999999999,8237,-999999999,22163,-999999999,33446,14030,49141,56.2,54.1,-999999999.0,-999999999.0,62.3,-999999999.0,57.3,-999999999.0,55.8,55.3,67.9,7.0,8.1,-999999999.0,-999999999.0,4.4,-999999999.0,4.6,-999999999.0,6.3,8.9,6.5,6,4440.0,604440,2016,,
21,22,106709,63871,10014,-999999999,23006,-999999999,-999999999,-999999999,-999999999,59177,76616,60.4,64.9,52.7,-999999999.0,49.5,-999999999.0,-999999999.0,-999999999.0,-999999999.0,65.6,73.7,4.6,4.1,6.1,-999999999.0,4.5,-999999999.0,-999999999.0,-999999999.0,-999999999.0,4.2,3.8,6,4740.0,604740,2016,,
22,23,87626,61230,-999999999,-999999999,-999999999,-999999999,-999999999,-999999999,16577,53236,63485,58.4,56.8,-999999999.0,-999999999.0,-999999999.0,-999999999.0,-999999999.0,-999999999.0,59.5,57.5,74.4,7.3,8.2,-999999999.0,-999999999.0,-999999999.0,-999999999.0,-999999999.0,-999999999.0,13.1,6.3,6.3,6,6450.0,606450,2016,,
23,24,283529,227701,-999999999,-999999999,24115,-999999999,-999999999,-999999999,46550,201419,212178,64.1,64.4,-999999999.0,-999999999.0,62.5,-999999999.0,-999999999.0,-999999999.0,66.7,64.1,77.1,4.4,4.1,-999999999.0,-999999999.0,3.7,-999999999.0,-999999999.0,-999999999.0,3.6,4.3,4.0,6,7440.0,607440,2016,,
24,25,59274,50360,-999999999,-999999999,-999999999,-999999999,-999999999,-999999999,-999999999,43756,44452,61.9,61.2,-999999999.0,-999999999.0,-999999999.0,-999999999.0,-999999999.0,-999999999.0,-999999999.0,60.3,76.1,5.1,4.3,-999999999.0,-999999999.0,-999999999.0,-999999999.0,-999999999.0,-999999999.0,-999999999.0,3.9,4.6,6,7500.0,607500,2016,,
25,26,61319,33452,-999999999,-999999999,-999999999,-999999999,-999999999,-999999999,26298,16638,49564,60.2,58.0,-999999999.0,-999999999.0,-999999999.0,-999999999.0,-999999999.0,-999999999.0,63.1,54.7,70.4,9.3,8.0,-999999999.0,-999999999.0,-999999999.0,-999999999.0,-999999999.0,-999999999.0,8.8,10.3,9.1,6,7970.0,607970,2016,,
26,27,92286,77882,-999999999,-999999999,-999999999,-999999999,-999999999,-999999999,13998,69370,69494,57.5,58.4,-999999999.0,-999999999.0,-999999999.0,-999999999.0,-999999999.0,-999999999.0,64.1,57.6,70.9,8.6,8.4,-999999999.0,-999999999.0,-999999999.0,-999999999.0,-999999999.0,-999999999.0,7.7,8.5,7.8,6,8370.0,608370,2016,,
27,28,155255,78053,-999999999,-999999999,31170,-999999999,28408,-999999999,64949,47021,121643,53.5,56.5,-999999999.0,-999999999.0,53.6,-999999999.0,56.6,-999999999.0,55.9,55.1,63.8,6.1,5.9,-999999999.0,-999999999.0,6.0,-999999999.0,6.8,-999999999.0,7.1,5.1,5.4,6,8460.0,608460,2016,,
28,29,159107,114713,-999999999,-999999999,20261,-999999999,-999999999,-999999999,39477,90807,119885,61.7,61.3,-999999999.0,-999999999.0,59.4,-999999999.0,-999999999.0,-999999999.0,65.7,60.0,74.5,6.0,5.9,-999999999.0,-999999999.0,5.8,-999999999.0,-999999999.0,-999999999.0,4.8,6.6,6.0,6,9030.0,609030,2016,,
29,30,68438,27617,-999999999,-999999999,-999999999,-999999999,38235,-999999999,57304,9280,52056,55.5,50.7,-999999999.0,-999999999.0,-999999999.0,-999999999.0,59.1,-999999999.0,57.9,41.7,69.5,10.8,10.5,-999999999.0,-999999999.0,-999999999.0,-999999999.0,11.3,-999999999.0,11.5,6.5,10.0,6,9070.0,609070,2016,,
30,31,91392,47726,-999999999,-999999999,-999999999,-999999999,30264,-999999999,62951,17861,70531,58.5,58.0,-999999999.0,-999999999.0,-999999999.0,-999999999.0,61.1,-999999999.0,58.1,60.7,70.7,8.3,3.6,-999999999.0,-999999999.0,-999999999.0,-999999999.0,12.0,-999999999.0,8.9,2.2,8.0,6,9390.0,609390,2016,,
31,32,120722,43901,37769,-999999999,-999999999,-999999999,35337,-999999999,76956,-999999999,92366,53.9,55.9,44.9,-999999999.0,-999999999.0,-999999999.0,61.7,-999999999.0,59.2,-999999999.0,65.2,10.1,8.0,14.8,-999999999.0,-999999999.0,-999999999.0,7.3,-999999999.0,8.0,-999999999.0,9.1,6,9620.0,609620,2016,,
32,33,114727,95819,-999999999,-999999999,12779,-999999999,-999999999,-999999999,15255,82674,81673,60.7,60.7,-999999999.0,-999999999.0,60.4,-999999999.0,-999999999.0,-999999999.0,67.4,59.4,74.6,4.8,4.7,-999999999.0,-999999999.0,2.2,-999999999.0,-999999999.0,-999999999.0,6.5,4.4,4.7,6,9640.0,609640,2016,,
33,34,221646,136906,-999999999,-999999999,31561,-999999999,28917,-999999999,88990,81768,176423,60.8,60.3,-999999999.0,-999999999.0,57.3,-999999999.0,65.3,-999999999.0,61.7,60.7,71.7,6.0,5.9,-999999999.0,-999999999.0,4.8,-999999999.0,8.9,-999999999.0,8.3,4.3,5.5,6,9850.0,609850,2016,,
34,35,65755,27873,-999999999,-999999999,-999999999,-999999999,-999999999,-999999999,37057,13822,49766,63.3,57.9,-999999999.0,-999999999.0,-999999999.0,-999999999.0,-999999999.0,-999999999.0,66.1,55.3,79.1,4.9,5.0,-999999999.0,-999999999.0,-999999999.0,-999999999.0,-999999999.0,-999999999.0,5.0,5.8,4.5,6,10050.0,610050,2016,,
35,36,70047,43420,-999999999,-999999999,-999999999,-999999999,-999999999,-999999999,-999999999,36872,49947,49.2,54.9,-999999999.0,-999999999.0,-999999999.0,-999999999.0,-999999999.0,-999999999.0,-999999999.0,56.2,61.7,6.0,5.6,-999999999.0,-999999999.0,-999999999.0,-999999999.0,-999999999.0,-999999999.0,-999999999.0,5.2,5.2,6,10620.0,610620,2016,,
36,37,156428,107910,-999999999,-999999999,-999999999,-999999999,35192,-999999999,68163,78584,97205,48.5,44.3,-999999999.0,-999999999.0,-999999999.0,-999999999.0,61.4,-999999999.0,59.2,38.7,68.7,7.2,6.4,-999999999.0,-999999999.0,-999999999.0,-999999999.0,7.4,-999999999.0,7.6,5.7,6.6,6,11110.0,611110,2016,,
37,38,95735,61235,-999999999,-999999999,-999999999,-999999999,18185,-999999999,66583,14508,74507,64.3,63.3,-999999999.0,-999999999.0,-999999999.0,-999999999.0,72.1,-999999999.0,67.6,53.6,77.2,5.7,5.5,-999999999.0,-999999999.0,-999999999.0,-999999999.0,3.8,-999999999.0,5.4,5.6,5.4,6,11460.0,611460,2016,,
38,39,259386,111169,31893,-999999999,73558,-999999999,-999999999,17216,48650,85347,196546,57.7,59.5,49.8,-999999999.0,56.0,-999999999.0,-999999999.0,60.3,60.3,58.9,71.2,6.9,3.9,16.1,-999999999.0,6.6,-999999999.0,-999999999.0,9.0,6.9,3.4,6.7,6,12330.0,612330,2016,,
39,40,110540,55566,19720,-999999999,16673,-999999999,-999999999,-999999999,29343,40148,83710,59.7,61.8,48.6,-999999999.0,61.2,-999999999.0,-999999999.0,-999999999.0,68.7,56.7,72.3,6.3,5.3,13.8,-999999999.0,1.7,-999999999.0,-999999999.0,-999999999.0,4.0,6.4,6.0,6,13360.0,613360,2016,,
40,41,101611,70679,-999999999,-999999999,-999999999,-999999999,-999999999,-999999999,-999999999,61235,77591,60.4,61.4,-999999999.0,-999999999.0,-999999999.0,-999999999.0,-999999999.0,-999999999.0,-999999999.0,59.8,73.2,3.7,2.9,-999999999.0,-999999999.0,-999999999.0,-999999999.0,-999999999.0,-999999999.0,-999999999.0,3.1,3.2,6,13890.0,613890,2016,,
41,42,140553,58002,-999999999,-999999999,-999999999,-999999999,61344,-999999999,104535,18959,114260,61.4,59.4,-999999999.0,-999999999.0,-999999999.0,-999999999.0,64.6,-999999999.0,61.9,57.7,71.3,7.7,6.3,-999999999.0,-999999999.0,-999999999.0,-999999999.0,8.0,-999999999.0,7.9,7.5,7.0,6,13920.0,613920,2016,,
42,43,181200,45049,-999999999,-999999999,103571,-999999999,-999999999,-999999999,24228,39427,144556,64.3,62.1,-999999999.0,-999999999.0,65.8,-999999999.0,-999999999.0,-999999999.0,63.4,62.3,76.2,3.2,2.1,-999999999.0,-999999999.0,3.5,-999999999.0,-999999999.0,-999999999.0,1.5,2.0,3.2,6,14400.0,614400,2016,,
43,44,291647,182450,23236,-999999999,35950,-999999999,37957,7939,140641,87571,223516,51.0,51.8,35.6,-999999999.0,48.6,-999999999.0,57.6,53.4,56.0,48.3,61.3,10.8,9.1,22.8,-999999999.0,12.8,-999999999.0,10.9,13.3,10.1,8.8,10.8,6,14550.0,614550,2016,,
44,45,223189,83423,-999999999,-999999999,96900,-999999999,33914,-999999999,72435,47369,171000,59.8,57.8,-999999999.0,-999999999.0,57.4,-999999999.0,69.7,-999999999.0,66.2,53.8,72.0,5.5,6.0,-999999999.0,-999999999.0,5.2,-999999999.0,5.9,-999999999.0,5.7,6.3,5.5,6,14880.0,614880,2016,,
45,46,48827,38009,-999999999,-999999999,-999999999,-999999999,-999999999,-999999999,26348,16174,37807,66.9,67.5,-999999999.0,-999999999.0,-999999999.0,-999999999.0,-999999999.0,-999999999.0,71.4,61.2,78.4,5.6,5.1,-999999999.0,-999999999.0,-999999999.0,-999999999.0,-999999999.0,-999999999.0,5.1,6.2,4.9,6,15180.0,615180,2016,,
46,47,184853,137636,-999999999,-999999999,29276,-999999999,8916,-999999999,32270,116131,136224,57.8,56.5,-999999999.0,-999999999.0,59.5,-999999999.0,65.5,-999999999.0,66.1,54.4,72.7,9.2,8.9,-999999999.0,-999999999.0,8.5,-999999999.0,10.8,-999999999.0,8.4,9.1,8.7,6,15240.0,615240,2016,,
47,48,94737,28930,-999999999,-999999999,23460,-999999999,37524,-999999999,59479,9158,71864,58.2,52.6,-999999999.0,-999999999.0,59.8,-999999999.0,62.2,-999999999.0,61.7,37.0,72.1,5.4,7.3,-999999999.0,-999999999.0,5.4,-999999999.0,3.8,-999999999.0,4.3,12.8,5.0,6,16325.0,616325,2016,,
48,49,147294,68458,11965,-999999999,38702,-999999999,15693,-999999999,55265,31465,115459,63.0,62.1,58.2,-999999999.0,67.5,-999999999.0,65.1,-999999999.0,64.5,57.9,75.3,3.9,3.3,6.2,-999999999.0,2.7,-999999999.0,4.2,-999999999.0,3.6,3.8,4.0,6,16740.0,616740,2016,,
49,50,108666,83262,-999999999,-999999999,-999999999,-999999999,-999999999,-999999999,36762,57842,71798,41.3,39.4,-999999999.0,-999999999.0,-999999999.0,-999999999.0,-999999999.0,-999999999.0,49.5,35.6,55.9,13.6,13.0,-999999999.0,-999999999.0,-999999999.0,-999999999.0,-999999999.0,-999999999.0,13.3,13.3,12.5,6,16920.0,616920,2016,,
50,51,94086,19793,45687,-999999999,-999999999,-999999999,20869,-999999999,38287,6112,73446,59.6,57.6,58.6,-999999999.0,-999999999.0,-999999999.0,62.9,-999999999.0,62.7,53.3,71.6,8.8,7.4,10.7,-999999999.0,-999999999.0,-999999999.0,5.3,-999999999.0,5.8,1.9,7.1,6,18390.0,618390,2016,,
51,52,80149,43546,-999999999,-999999999,-999999999,-999999999,28554,-999999999,53703,19810,64172,57.6,56.5,-999999999.0,-999999999.0,-999999999.0,-999999999.0,58.2,-999999999.0,61.1,48.1,68.7,8.6,8.2,-999999999.0,-999999999.0,-999999999.0,-999999999.0,9.8,-999999999.0,8.7,9.9,8.1,6,19260.0,619260,2016,,
52,53,53372,45625,-999999999,-999999999,-999999999,-999999999,-999999999,-999999999,-999999999,42722,36980,63.0,63.0,-999999999.0,-999999999.0,-999999999.0,-999999999.0,-999999999.0,-999999999.0,-999999999.0,63.5,78.8,2.7,2.6,-999999999.0,-999999999.0,-999999999.0,-999999999.0,-999999999.0,-999999999.0,-999999999.0,2.4,2.1,6,21000.0,621000,2016,,
53,54,77959,56006,-999999999,-999999999,-999999999,-999999999,-999999999,-999999999,-999999999,47505,61438,68.4,69.7,-999999999.0,-999999999.0,-999999999.0,-999999999.0,-999999999.0,-999999999.0,-999999999.0,68.2,81.6,3.5,2.7,-999999999.0,-999999999.0,-999999999.0,-999999999.0,-999999999.0,-999999999.0,-999999999.0,2.8,3.1,6,22110.0,622110,2016,,
54,55,130833,72570,-999999999,-999999999,24669,-999999999,-999999999,12123,38444,56594,96014,56.2,56.6,-999999999.0,-999999999.0,55.8,-999999999.0,-999999999.0,61.4,62.6,52.9,69.7,7.9,5.3,-999999999.0,-999999999.0,8.3,-999999999.0,-999999999.0,9.6,10.8,4.8,7.3,6,22230.0,622230,2016,,
55,56,409425,214178,50238,-999999999,58308,-999999999,63221,17322,162109,124186,325094,62.1,62.8,59.1,-999999999.0,58.8,-999999999.0,65.2,67.1,64.8,61.1,73.6,6.6,5.0,12.1,-999999999.0,6.2,-999999999.0,7.3,8.7,6.7,4.3,6.2,6,22500.0,622500,2016,,
56,57,3840920,2007714,361594,24947,453088,8383,875523,109671,1867653,1080135,3024387,61.0,61.6,52.8,61.3,58.9,64.4,63.8,62.7,62.3,62.3,72.5,6.9,6.4,10.2,8.5,5.3,6.5,7.4,7.9,6.9,6.3,6.4,6,22710.0,622710,2016,,
57,58,-999999999,55351,-999999999,-999999999,-999999999,-999999999,-999999999,-999999999,-999999999,44171,-999999999,-999999999.0,56.0,-999999999.0,-999999999.0,-999999999.0,-999999999.0,-999999999.0,-999999999.0,-999999999.0,51.8,-999999999.0,-999999999.0,4.0,-999999999.0,-999999999.0,-999999999.0,-999999999.0,-999999999.0,-999999999.0,-999999999.0,4.3,-999999999.0,6,23080.0,623080,2016,,
58,59,51397,32477,-999999999,-999999999,-999999999,-999999999,11440,-999999999,44103,-999999999,41345,59.2,63.2,-999999999.0,-999999999.0,-999999999.0,-999999999.0,59.2,-999999999.0,62.7,-999999999.0,71.8,7.9,4.9,-999999999.0,-999999999.0,-999999999.0,-999999999.0,10.0,-999999999.0,7.1,-999999999.0,6.2,6,23160.0,623160,2016,,
59,60,65575,42177,-999999999,-999999999,-999999999,-999999999,16369,-999999999,46304,14566,50732,52.6,52.2,-999999999.0,-999999999.0,-999999999.0,-999999999.0,53.8,-999999999.0,54.5,45.3,64.3,12.6,11.4,-999999999.0,-999999999.0,-999999999.0,-999999999.0,11.3,-999999999.0,14.9,6.8,11.6,6,23340.0,623340,2016,,
60,61,100477,61223,-999999999,-999999999,15499,-999999999,-999999999,-999999999,36458,37348,79178,54.4,54.4,-999999999.0,-999999999.0,50.6,-999999999.0,-999999999.0,-999999999.0,58.3,53.6,65.3,10.1,9.7,-999999999.0,-999999999.0,13.6,-999999999.0,-999999999.0,-999999999.0,10.1,7.3,9.7,6,23610.0,623610,2016,,
61,62,60932,6912,-999999999,-999999999,45229,-999999999,-999999999,-999999999,-999999999,5339,49388,63.6,56.8,-999999999.0,-999999999.0,64.7,-999999999.0,-999999999.0,-999999999.0,-999999999.0,58.1,76.0,3.0,1.7,-999999999.0,-999999999.0,3.3,-999999999.0,-999999999.0,-999999999.0,-999999999.0,2.1,3.1,6,24500.0,624500,2016,,
62,63,131472,73633,-999999999,-999999999,18704,-999999999,34628,-999999999,103607,-999999999,98281,55.6,56.6,-999999999.0,-999999999.0,52.3,-999999999.0,56.1,-999999999.0,57.2,-999999999.0,70.1,8.0,7.5,-999999999.0,-999999999.0,7.2,-999999999.0,9.7,-999999999.0,8.3,-999999999.0,7.3,6,25470.0,625470,2016,,
63,64,70994,46239,3481,-999999999,7681,-999999999,-999999999,-999999999,16396,37884,52900,56.4,55.0,47.9,-999999999.0,48.6,-999999999.0,-999999999.0,-999999999.0,69.2,53.3,68.8,3.9,3.6,11.2,-999999999.0,6.8,-999999999.0,-999999999.0,-999999999.0,2.4,3.6,3.3,6,25530.0,625530,2016,,
64,65,132313,42773,22444,-999999999,-999999999,-999999999,55209,-999999999,73569,25888,108544,58.4,56.7,59.8,-999999999.0,-999999999.0,-999999999.0,61.8,-999999999.0,60.9,55.5,67.6,10.0,8.6,13.1,-999999999.0,-999999999.0,-999999999.0,8.8,-999999999.0,8.8,9.0,9.2,6,25800.0,625800,2016,,
65,66,52103,37746,-999999999,-999999999,7533,-999999999,-999999999,-999999999,-999999999,25221,38197,64.3,65.1,-999999999.0,-999999999.0,62.8,-999999999.0,-999999999.0,-999999999.0,-999999999.0,63.9,78.0,3.7,4.3,-999999999.0,-999999999.0,2.6,-999999999.0,-999999999.0,-999999999.0,-999999999.0,5.0,3.8,6,25830.0,625830,2016,,
66,67,55966,42988,-999999999,-999999999,-999999999,-999999999,-999999999,-999999999,9265,35619,42344,40.9,37.4,-999999999.0,-999999999.0,-999999999.0,-999999999.0,-999999999.0,-999999999.0,44.2,36.2,49.9,11.1,12.4,-999999999.0,-999999999.0,-999999999.0,-999999999.0,-999999999.0,-999999999.0,7.8,13.6,9.9,6,25860.0,625860,2016,,
67,68,217519,143377,-999999999,-999999999,30349,-999999999,-999999999,-999999999,48075,118672,165185,62.2,61.2,-999999999.0,-999999999.0,59.1,-999999999.0,-999999999.0,-999999999.0,67.0,60.5,75.8,5.5,5.0,-999999999.0,-999999999.0,5.3,-999999999.0,-999999999.0,-999999999.0,5.5,4.8,5.1,6,26370.0,626370,2016,,
68,69,98493,76500,-999999999,-999999999,8904,-999999999,-999999999,-999999999,28915,55897,70514,63.6,63.8,-999999999.0,-999999999.0,62.8,-999999999.0,-999999999.0,-999999999.0,73.9,59.2,79.3,4.7,4.7,-999999999.0,-999999999.0,1.0,-999999999.0,-999999999.0,-999999999.0,4.7,4.9,4.7,6,26640.0,626640,2016,,
69,70,67141,17337,-999999999,-999999999,34128,-999999999,-999999999,-999999999,-999999999,14172,53327,62.1,52.7,-999999999.0,-999999999.0,67.5,-999999999.0,-999999999.0,-999999999.0,-999999999.0,52.4,74.4,4.8,5.0,-999999999.0,-999999999.0,5.0,-999999999.0,-999999999.0,-999999999.0,-999999999.0,4.1,4.9,6,26910.0,626910,2016,,
70,71,164625,133900,-999999999,-999999999,-999999999,-999999999,-999999999,-999999999,43537,100735,126187,65.9,64.9,-999999999.0,-999999999.0,-999999999.0,-999999999.0,-999999999.0,-999999999.0,74.1,62.0,78.2,3.1,3.0,-999999999.0,-999999999.0,-999999999.0,-999999999.0,-999999999.0,-999999999.0,3.1,2.6,2.9,6,27240.0,627240,2016,,
71,72,100237,45309,-999999999,-999999999,15417,-999999999,30948,-999999999,55931,23172,75490,55.8,56.3,-999999999.0,-999999999.0,48.7,-999999999.0,58.4,-999999999.0,58.7,53.6,68.9,6.7,7.6,-999999999.0,-999999999.0,5.9,-999999999.0,5.2,-999999999.0,7.2,5.7,5.9,6,27690.0,627690,2016,,
72,73,346209,124654,82586,-999999999,62723,-999999999,51073,20225,80174,103203,276396,64.4,71.8,57.0,-999999999.0,57.8,-999999999.0,65.0,69.5,65.9,73.0,76.1,6.3,4.3,9.6,-999999999.0,6.0,-999999999.0,6.8,4.7,7.1,3.7,5.9,6,28050.0,628050,2016,,
73,74,112434,88657,-999999999,-999999999,-999999999,-999999999,4092,-999999999,37715,56582,86482,56.5,55.7,-999999999.0,-999999999.0,-999999999.0,-999999999.0,46.3,-999999999.0,60.9,52.0,68.3,5.2,4.4,-999999999.0,-999999999.0,-999999999.0,-999999999.0,19.1,-999999999.0,7.3,3.0,4.9,6,28250.0,628250,2016,,
74,75,180915,127225,-999999999,-999999999,26112,-999999999,-999999999,-999999999,58716,87414,137228,63.6,63.7,-999999999.0,-999999999.0,56.5,-999999999.0,-999999999.0,-999999999.0,69.9,62.5,75.0,4.9,4.6,-999999999.0,-999999999.0,6.9,-999999999.0,-999999999.0,-999999999.0,4.8,4.0,4.7,6,28650.0,628650,2016,,
75,76,96071,60683,-999999999,-999999999,-999999999,-999999999,29115,-999999999,54039,37632,73179,62.0,59.8,-999999999.0,-999999999.0,-999999999.0,-999999999.0,68.5,-999999999.0,67.5,54.6,74.1,6.6,7.3,-999999999.0,-999999999.0,-999999999.0,-999999999.0,6.0,-999999999.0,8.0,4.6,5.8,6,29490.0,629490,2016,,
76,77,141103,115648,-999999999,-999999999,5610,-999999999,11799,3370,54304,75498,91385,49.1,47.1,-999999999.0,-999999999.0,56.2,-999999999.0,63.1,54.6,59.3,41.4,66.9,8.5,8.2,-999999999.0,-999999999.0,10.1,-999999999.0,7.5,7.9,10.0,6.0,8.6,6,29550.0,629550,2016,,
77,78,71982,45790,-999999999,-999999999,-999999999,-999999999,-999999999,-999999999,-999999999,42148,48024,54.8,56.3,-999999999.0,-999999999.0,-999999999.0,-999999999.0,-999999999.0,-999999999.0,-999999999.0,55.2,71.3,4.4,4.7,-999999999.0,-999999999.0,-999999999.0,-999999999.0,-999999999.0,-999999999.0,-999999999.0,4.8,4.0,6,29610.0,629610,2016,,
78,79,58794,31342,-999999999,-999999999,-999999999,-999999999,15495,-999999999,43899,4802,46193,59.9,59.3,-999999999.0,-999999999.0,-999999999.0,-999999999.0,59.3,-999999999.0,60.0,51.4,72.3,6.9,4.8,-999999999.0,-999999999.0,-999999999.0,-999999999.0,10.0,-999999999.0,7.5,0.0,5.5,6,29850.0,629850,2016,,
79,80,176299,95871,22123,-999999999,27811,-999999999,-999999999,-999999999,52141,69671,133896,61.1,62.4,52.1,-999999999.0,56.3,-999999999.0,-999999999.0,-999999999.0,65.6,61.9,74.3,4.7,5.2,7.4,-999999999.0,3.6,-999999999.0,-999999999.0,-999999999.0,5.5,3.9,4.5,6,29940.0,629940,2016,,
80,81,127616,90884,-999999999,-999999999,23591,-999999999,-999999999,-999999999,37610,60447,94078,63.4,65.5,-999999999.0,-999999999.0,54.2,-999999999.0,-999999999.0,-999999999.0,67.7,64.7,77.4,4.7,4.2,-999999999.0,-999999999.0,5.7,-999999999.0,-999999999.0,-999999999.0,5.7,3.5,4.7,6,30660.0,630660,2016,,
81,82,131721,57791,8317,-999999999,21202,-999999999,35735,-999999999,83096,16719,104562,61.2,59.0,54.4,-999999999.0,56.4,-999999999.0,67.1,-999999999.0,66.8,45.1,71.6,8.3,10.1,8.7,-999999999.0,5.2,-999999999.0,7.1,-999999999.0,7.9,12.5,7.3,6,31320.0,631320,2016,,
82,83,156916,108632,-999999999,-999999999,37830,-999999999,-999999999,-999999999,-999999999,96737,119512,62.2,62.8,-999999999.0,-999999999.0,61.6,-999999999.0,-999999999.0,-999999999.0,-999999999.0,62.5,76.0,5.2,5.7,-999999999.0,-999999999.0,3.4,-999999999.0,-999999999.0,-999999999.0,-999999999.0,5.9,5.0,6,31530.0,631530,2016,,
83,84,103943,75142,-999999999,-999999999,14119,-999999999,-999999999,-999999999,34713,49001,77200,54.1,54.7,-999999999.0,-999999999.0,52.6,-999999999.0,-999999999.0,-999999999.0,55.9,53.9,65.6,6.5,5.8,-999999999.0,-999999999.0,9.1,-999999999.0,-999999999.0,-999999999.0,8.8,4.1,6.4,6,32070.0,632070,2016,,
84,85,91027,56726,9803,-999999999,-999999999,-999999999,18426,-999999999,68517,10008,70429,56.3,56.8,37.4,-999999999.0,-999999999.0,-999999999.0,66.4,-999999999.0,60.3,47.4,67.9,10.9,9.8,32.0,-999999999.0,-999999999.0,-999999999.0,4.2,-999999999.0,9.5,7.7,10.0,6,32370.0,632370,2016,,
85,86,204805,98382,27870,-999999999,45615,-999999999,20734,-999999999,71421,50769,158794,60.6,61.8,55.6,-999999999.0,60.4,-999999999.0,65.8,-999999999.0,62.9,59.9,73.2,7.4,6.2,10.1,-999999999.0,6.5,-999999999.0,7.5,-999999999.0,6.6,6.4,7.1,6,32550.0,632550,2016,,
86,87,209298,124897,18984,-999999999,15047,-999999999,41903,-999999999,85637,84834,159425,55.6,55.8,45.0,-999999999.0,45.0,-999999999.0,64.3,-999999999.0,60.9,54.8,67.0,8.8,8.1,15.5,-999999999.0,7.7,-999999999.0,8.5,-999999999.0,9.6,6.8,7.9,6,33150.0,633150,2016,,
87,88,90610,18502,-999999999,-999999999,48742,-999999999,18687,-999999999,32541,5977,68953,58.0,55.7,-999999999.0,-999999999.0,57.2,-999999999.0,61.1,-999999999.0,60.3,43.6,71.1,4.8,7.6,-999999999.0,-999999999.0,3.9,-999999999.0,3.6,-999999999.0,4.7,11.9,4.9,6,33750.0,633750,2016,,
88,89,274142,145284,31412,-999999999,46199,-999999999,30367,15707,66929,112010,209849,57.1,60.3,53.2,-999999999.0,50.2,-999999999.0,54.8,64.7,59.4,60.2,69.6,8.0,6.3,10.7,-999999999.0,10.3,-999999999.0,10.1,10.6,8.0,6.5,7.9,6,33840.0,633840,2016,,
89,90,185227,137926,-999999999,-999999999,29204,-999999999,-999999999,-999999999,32337,115649,134615,64.8,63.7,-999999999.0,-999999999.0,66.9,-999999999.0,-999999999.0,-999999999.0,71.5,62.4,80.7,3.6,4.1,-999999999.0,-999999999.0,1.3,-999999999.0,-999999999.0,-999999999.0,4.0,4.0,3.2,6,33860.0,633860,2016,,
90,91,188168,104599,28872,-999999999,9982,-999999999,34763,-999999999,110893,35695,149504,51.3,51.6,47.3,-999999999.0,47.2,-999999999.0,54.7,-999999999.0,54.5,45.3,60.3,11.4,9.9,15.6,-999999999.0,13.1,-999999999.0,11.8,-999999999.0,11.3,7.7,10.4,6,34170.0,634170,2016,,
91,92,913140,614232,64737,-999999999,151509,-999999999,39836,34529,240670,428734,722804,60.8,61.7,52.4,-999999999.0,58.8,-999999999.0,63.6,64.3,63.9,60.9,71.7,5.8,5.1,11.7,-999999999.0,5.2,-999999999.0,8.1,6.3,7.2,4.3,5.4,6,34320.0,634320,2016,,
92,93,763084,363798,38065,-999999999,269055,-999999999,56804,30585,107658,320995,609870,67.0,72.9,49.5,-999999999.0,60.0,-999999999.0,71.1,74.1,68.5,73.8,79.4,4.5,4.0,8.2,-999999999.0,4.4,-999999999.0,4.8,7.0,5.7,3.8,4.4,6,34410.0,634410,2016,,
93,94,220286,117012,-999999999,-999999999,48355,-999999999,34479,-999999999,63489,92043,174843,64.5,63.9,-999999999.0,-999999999.0,64.2,-999999999.0,67.2,-999999999.0,66.7,63.2,75.4,5.0,4.2,-999999999.0,-999999999.0,5.0,-999999999.0,7.4,-999999999.0,5.6,4.5,4.9,6,34590.0,634590,2016,,
94,95,275367,211418,15979,-999999999,18142,-999999999,14990,13600,40041,189578,202595,57.2,56.4,56.6,-999999999.0,56.9,-999999999.0,63.3,63.2,65.9,55.3,70.9,6.6,4.9,17.6,-999999999.0,10.3,-999999999.0,13.2,3.8,7.0,5.1,6.8,6,34620.0,634620,2016,,
95,96,60763,24125,-999999999,-999999999,19623,-999999999,-999999999,-999999999,-999999999,15601,45826,61.1,53.2,-999999999.0,-999999999.0,64.1,-999999999.0,-999999999.0,-999999999.0,-999999999.0,52.9,73.9,3.7,2.8,-999999999.0,-999999999.0,4.6,-999999999.0,-999999999.0,-999999999.0,-999999999.0,3.7,3.9,6,34680.0,634680,2016,,
96,97,66364,30044,-999999999,-999999999,16511,-999999999,-999999999,-999999999,-999999999,15835,51296,57.4,55.5,-999999999.0,-999999999.0,65.8,-999999999.0,-999999999.0,-999999999.0,-999999999.0,44.2,71.1,3.8,4.5,-999999999.0,-999999999.0,3.6,-999999999.0,-999999999.0,-999999999.0,-999999999.0,7.7,3.4,6,34710.0,634710,2016,,
97,98,86620,69576,-999999999,-999999999,-999999999,-999999999,-999999999,-999999999,-999999999,62440,59503,52.7,54.2,-999999999.0,-999999999.0,-999999999.0,-999999999.0,-999999999.0,-999999999.0,-999999999.0,52.0,67.4,5.0,5.3,-999999999.0,-999999999.0,-999999999.0,-999999999.0,-999999999.0,-999999999.0,-999999999.0,5.0,3.4,6,34800.0,634800,2016,,
98,99,98683,72780,-999999999,-999999999,-999999999,-999999999,-999999999,-999999999,28996,50192,75310,62.7,64.2,-999999999.0,-999999999.0,-999999999.0,-999999999.0,-999999999.0,-999999999.0,67.1,62.8,75.7,6.3,4.7,-999999999.0,-999999999.0,-999999999.0,-999999999.0,-999999999.0,-999999999.0,5.3,5.5,6.2,6,34880.0,634880,2016,,
99,100,114947,74254,-999999999,-999999999,33933,-999999999,-999999999,-999999999,-999999999,69631,84259,62.9,62.1,-999999999.0,-999999999.0,64.8,-999999999.0,-999999999.0,-999999999.0,-999999999.0,61.6,77.6,3.1,3.0,-999999999.0,-999999999.0,2.6,-999999999.0,-999999999.0,-999999999.0,-999999999.0,3.2,3.2,6,35130.0,635130,2016,,
100,101,203467,101271,-999999999,-999999999,19853,-999999999,75057,-999999999,156922,22981,165953,63.8,60.5,-999999999.0,-999999999.0,59.1,-999999999.0,69.5,-999999999.0,65.1,59.1,74.2,5.8,5.3,-999999999.0,-999999999.0,5.1,-999999999.0,6.5,-999999999.0,6.1,4.7,5.2,6,35310.0,635310,2016,,
101,102,136476,58714,-999999999,-999999999,58908,-999999999,-999999999,-999999999,-999999999,48607,111351,66.3,65.0,-999999999.0,-999999999.0,68.2,-999999999.0,-999999999.0,-999999999.0,-999999999.0,64.6,76.1,4.6,4.7,-999999999.0,-999999999.0,4.0,-999999999.0,-999999999.0,-999999999.0,-999999999.0,5.3,4.4,6,35430.0,635430,2016,,
102,103,96195,77705,-999999999,-999999999,-999999999,-999999999,-999999999,-999999999,15275,65925,71723,63.4,63.6,-999999999.0,-999999999.0,-999999999.0,-999999999.0,-999999999.0,-999999999.0,68.8,62.1,76.8,5.8,5.3,-999999999.0,-999999999.0,-999999999.0,-999999999.0,-999999999.0,-999999999.0,8.0,5.3,6.0,6,35700.0,635700,2016,,
103,104,104813,83263,-999999999,-999999999,10489,-999999999,-999999999,-999999999,22796,66482,79196,67.0,66.6,-999999999.0,-999999999.0,62.0,-999999999.0,-999999999.0,-999999999.0,68.9,66.4,81.9,3.8,3.7,-999999999.0,-999999999.0,2.2,-999999999.0,-999999999.0,-999999999.0,5.3,3.5,3.5,6,36840.0,636840,2016,,
104,105,-999999999,24020,-999999999,-999999999,29250,-999999999,-999999999,-999999999,-999999999,15341,-999999999,-999999999.0,61.4,-999999999.0,-999999999.0,69.0,-999999999.0,-999999999.0,-999999999.0,-999999999.0,57.2,-999999999.0,-999999999.0,4.4,-999999999.0,-999999999.0,1.4,-999999999.0,-999999999.0,-999999999.0,-999999999.0,5.1,-999999999.0,6,37530.0,637530,2016,,
105,106,160180,85184,17655,-999999999,22289,-999999999,20982,10868,81449,33827,123391,51.5,49.6,50.4,-999999999.0,51.1,-999999999.0,58.8,53.2,55.6,42.3,62.6,12.1,13.3,12.7,-999999999.0,8.2,-999999999.0,11.0,13.4,11.0,17.6,11.5,6,38010.0,638010,2016,,
106,107,119717,60176,-999999999,-999999999,42708,-999999999,-999999999,-999999999,20826,47701,91008,61.7,59.0,-999999999.0,-999999999.0,63.7,-999999999.0,-999999999.0,-999999999.0,66.0,57.7,75.2,4.9,4.2,-999999999.0,-999999999.0,4.2,-999999999.0,-999999999.0,-999999999.0,5.7,4.4,4.8,6,39420.0,639420,2016,,
107,108,108180,57480,-999999999,-999999999,27682,-999999999,-999999999,-999999999,30254,44834,84467,66.5,62.9,-999999999.0,-999999999.0,70.8,-999999999.0,-999999999.0,-999999999.0,72.4,60.4,78.5,4.9,5.2,-999999999.0,-999999999.0,3.4,-999999999.0,-999999999.0,-999999999.0,5.9,4.7,3.9,6,40150.0,640150,2016,,
108,109,65562,42572,-999999999,-999999999,-999999999,-999999999,-999999999,-999999999,-999999999,36837,48504,61.3,61.2,-999999999.0,-999999999.0,-999999999.0,-999999999.0,-999999999.0,-999999999.0,-999999999.0,59.4,76.0,3.6,3.8,-999999999.0,-999999999.0,-999999999.0,-999999999.0,-999999999.0,-999999999.0,-999999999.0,4.0,3.7,6,40590.0,640590,2016,,
109,110,101111,35788,20559,-999999999,26342,-999999999,-999999999,7097,23296,24942,76769,57.3,54.8,52.8,-999999999.0,59.9,-999999999.0,-999999999.0,61.4,62.8,52.9,69.2,10.6,12.6,15.7,-999999999.0,6.8,-999999999.0,-999999999.0,11.6,6.5,14.7,10.4,6,40740.0,640740,2016,,
110,111,100434,84197,-999999999,-999999999,-999999999,-999999999,-999999999,-999999999,34544,57918,75026,60.0,59.8,-999999999.0,-999999999.0,-999999999.0,-999999999.0,-999999999.0,-999999999.0,68.2,54.6,73.6,4.9,4.3,-999999999.0,-999999999.0,-999999999.0,-999999999.0,-999999999.0,-999999999.0,5.1,4.5,5.0,6,40980.0,640980,2016,,
111,112,105964,86566,-999999999,-999999999,-999999999,-999999999,-999999999,-999999999,51376,45838,79810,54.8,55.2,-999999999.0,-999999999.0,-999999999.0,-999999999.0,-999999999.0,-999999999.0,57.0,52.5,65.8,5.1,4.0,-999999999.0,-999999999.0,-999999999.0,-999999999.0,-999999999.0,-999999999.0,6.5,2.8,4.4,6,41160.0,641160,2016,,
112,113,120959,101012,-999999999,-999999999,-999999999,-999999999,-999999999,-999999999,51598,56644,93169,60.3,61.2,-999999999.0,-999999999.0,-999999999.0,-999999999.0,-999999999.0,-999999999.0,67.2,55.4,72.3,3.5,3.4,-999999999.0,-999999999.0,-999999999.0,-999999999.0,-999999999.0,-999999999.0,4.8,2.3,2.8,6,41190.0,641190,2016,,
113,114,50254,39149,-999999999,-999999999,-999999999,-999999999,-999999999,-999999999,22366,22215,39693,58.8,61.4,-999999999.0,-999999999.0,-999999999.0,-999999999.0,-999999999.0,-999999999.0,62.4,56.7,69.8,6.3,5.9,-999999999.0,-999999999.0,-999999999.0,-999999999.0,-999999999.0,-999999999.0,7.6,4.3,5.6,6,43080.0,643080,2016,,
114,115,57114,38691,-999999999,-999999999,11266,-999999999,-999999999,-999999999,12724,28818,42073,53.6,54.4,-999999999.0,-999999999.0,52.5,-999999999.0,-999999999.0,-999999999.0,64.6,50.1,67.2,8.6,8.0,-999999999.0,-999999999.0,12.2,-999999999.0,-999999999.0,-999999999.0,4.8,9.5,8.5,6,43470.0,643470,2016,,
115,116,190354,97437,-999999999,-999999999,77956,-999999999,-999999999,-999999999,20791,83214,146391,59.4,59.9,-999999999.0,-999999999.0,58.5,-999999999.0,-999999999.0,-999999999.0,55.2,60.6,70.5,5.8,6.3,-999999999.0,-999999999.0,5.1,-999999999.0,-999999999.0,-999999999.0,4.8,6.5,5.4,6,84500.0,684500,2016,,
116,117,61066,22865,9310,-999999999,-999999999,-999999999,-999999999,-999999999,38086,-999999999,46370,54.0,54.1,51.0,-999999999.0,-999999999.0,-999999999.0,-999999999.0,-999999999.0,53.6,-999999999.0,66.1,5.9,5.0,12.3,-999999999.0,-999999999.0,-999999999.0,-999999999.0,-999999999.0,4.6,-999999999.0,5.1,6,91135.0,691135,2016,,
0,1,94609,26440,-999999999,-999999999,29185,-999999999,30955,-999999999,50904,9293,72877,61.2,54.8,-999999999.0,-999999999.0,57.6,-999999999.0,69.1,-999999999.0,64.9,49.9,74.1,6.8,9.4,-999999999.0,-999999999.0,4.0,-999999999.0,5.3,-999999999.0,7.4,6.3,6.6,6,,602310,2016,2310.0,
1,2,161824,116572,-999999999,-999999999,25429,-999999999,-999999999,-999999999,97414,32838,131073,63.9,64.1,-999999999.0,-999999999.0,61.9,-999999999.0,-999999999.0,-999999999.0,66.6,57.9,74.4,5.5,5.3,-999999999.0,-999999999.0,5.5,-999999999.0,-999999999.0,-999999999.0,5.5,6.2,5.2,6,,602610,2016,2610.0,
2,3,135056,85941,-999999999,-999999999,-999999999,-999999999,27228,-999999999,81189,36077,104300,51.2,52.0,-999999999.0,-999999999.0,-999999999.0,-999999999.0,55.5,-999999999.0,53.7,48.7,60.8,13.1,11.8,-999999999.0,-999999999.0,-999999999.0,-999999999.0,15.3,-999999999.0,14.5,9.0,12.6,6,,603630,2016,3630.0,
3,4,68849,13905,-999999999,-999999999,46246,-999999999,-999999999,-999999999,-999999999,10470,53950,62.2,53.1,-999999999.0,-999999999.0,64.3,-999999999.0,-999999999.0,-999999999.0,-999999999.0,55.5,74.4,6.8,9.3,-999999999.0,-999999999.0,5.9,-999999999.0,-999999999.0,-999999999.0,-999999999.0,8.8,6.6,6,,604800,2016,4800.0,
4,5,78600,61841,-999999999,-999999999,-999999999,-999999999,-999999999,-999999999,55589,15045,61660,64.2,64.0,-999999999.0,-999999999.0,-999999999.0,-999999999.0,-999999999.0,-999999999.0,69.5,43.1,76.7,3.9,3.1,-999999999.0,-999999999.0,-999999999.0,-999999999.0,-999999999.0,-999999999.0,4.1,3.1,3.6,6,,605580,2016,5580.0,
5,6,93404,61217,-999999999,-999999999,-999999999,-999999999,-999999999,-999999999,34505,39484,73507,60.2,57.4,-999999999.0,-999999999.0,-999999999.0,-999999999.0,-999999999.0,-999999999.0,65.8,52.4,71.7,7.0,8.4,-999999999.0,-999999999.0,-999999999.0,-999999999.0,-999999999.0,-999999999.0,8.4,7.7,7.2,6,,606390,2016,6390.0,
6,7,135574,100773,-999999999,-999999999,-999999999,-999999999,-999999999,-999999999,31832,86985,103385,55.8,54.3,-999999999.0,-999999999.0,-999999999.0,-999999999.0,-999999999.0,-999999999.0,63.9,52.4,67.0,8.8,8.5,-999999999.0,-999999999.0,-999999999.0,-999999999.0,-999999999.0,-999999999.0,7.6,9.3,8.8,6,,606810,2016,6810.0,
7,8,84547,49802,-999999999,-999999999,19299,-999999999,-999999999,-999999999,-999999999,39771,67719,65.5,63.5,-999999999.0,-999999999.0,69.0,-999999999.0,-999999999.0,-999999999.0,-999999999.0,62.2,78.0,3.8,3.7,-999999999.0,-999999999.0,4.0,-999999999.0,-999999999.0,-999999999.0,-999999999.0,4.0,3.9,6,,607200,2016,7200.0,
8,9,241767,163835,-999999999,-999999999,38788,-999999999,16703,-999999999,137259,51603,185621,57.2,56.9,-999999999.0,-999999999.0,56.2,-999999999.0,64.0,-999999999.0,59.6,51.3,69.9,9.6,9.8,-999999999.0,-999999999.0,7.5,-999999999.0,8.7,-999999999.0,11.4,6.5,8.5,6,,608610,2016,8610.0,
9,10,113102,36988,-999999999,-999999999,69956,-999999999,-999999999,-999999999,-999999999,34938,85730,60.0,54.6,-999999999.0,-999999999.0,62.4,-999999999.0,-999999999.0,-999999999.0,-999999999.0,54.4,73.4,3.7,3.1,-999999999.0,-999999999.0,4.0,-999999999.0,-999999999.0,-999999999.0,-999999999.0,3.2,3.7,6,,610290,2016,10290.0,
10,11,56885,32608,-999999999,-999999999,-999999999,-999999999,-999999999,-999999999,32604,18629,44785,58.8,57.2,-999999999.0,-999999999.0,-999999999.0,-999999999.0,-999999999.0,-999999999.0,62.0,54.3,70.0,6.6,8.1,-999999999.0,-999999999.0,-999999999.0,-999999999.0,-999999999.0,-999999999.0,5.9,6.4,6.1,6,,611850,2016,11850.0,
11,12,70873,20354,-999999999,-999999999,31566,-999999999,-999999999,-999999999,32271,-999999999,52959,54.5,55.8,-999999999.0,-999999999.0,54.3,-999999999.0,-999999999.0,-999999999.0,56.7,-999999999.0,68.7,5.4,8.0,-999999999.0,-999999999.0,3.8,-999999999.0,-999999999.0,-999999999.0,6.9,-999999999.0,5.3,6,,612090,2016,12090.0,
12,13,59827,56135,-999999999,-999999999,-999999999,-999999999,-999999999,-999999999,-999999999,51066,43325,64.0,63.9,-999999999.0,-999999999.0,-999999999.0,-999999999.0,-999999999.0,-999999999.0,-999999999.0,63.9,77.3,3.0,3.2,-999999999.0,-999999999.0,-999999999.0,-999999999.0,-999999999.0,-999999999.0,-999999999.0,3.1,2.8,6,,612750,2016,12750.0,
13,14,132981,99520,-999999999,-999999999,11606,-999999999,-999999999,-999999999,59205,54719,104710,63.9,62.4,-999999999.0,-999999999.0,69.8,-999999999.0,-999999999.0,-999999999.0,68.0,59.1,74.7,6.0,5.9,-999999999.0,-999999999.0,2.9,-999999999.0,-999999999.0,-999999999.0,4.9,6.7,5.8,6,,612880,2016,12880.0,
14,15,75447,40997,-999999999,-999999999,-999999999,-999999999,-999999999,-999999999,25042,24925,61290,61.3,62.7,-999999999.0,-999999999.0,-999999999.0,-999999999.0,-999999999.0,-999999999.0,54.2,68.9,70.0,4.9,4.1,-999999999.0,-999999999.0,-999999999.0,-999999999.0,-999999999.0,-999999999.0,10.8,2.1,4.7,6,,612960,2016,12960.0,
15,16,80886,23019,-999999999,-999999999,46304,-999999999,-999999999,-999999999,16986,14257,58157,60.9,55.7,-999999999.0,-999999999.0,61.0,-999999999.0,-999999999.0,-999999999.0,65.5,52.9,77.2,5.0,4.8,-999999999.0,-999999999.0,6.1,-999999999.0,-999999999.0,-999999999.0,4.4,4.0,4.5,6,,613140,2016,13140.0,
16,17,55142,43375,-999999999,-999999999,-999999999,-999999999,-999999999,-999999999,-999999999,33356,39488,40.5,41.0,-999999999.0,-999999999.0,-999999999.0,-999999999.0,-999999999.0,-999999999.0,-999999999.0,37.8,49.1,2.1,1.8,-999999999.0,-999999999.0,-999999999.0,-999999999.0,-999999999.0,-999999999.0,-999999999.0,2.2,2.2,6,,613500,2016,13500.0,
17,18,76071,18422,-999999999,-999999999,35731,-999999999,-999999999,-999999999,30305,7396,60335,61.9,60.3,-999999999.0,-999999999.0,60.8,-999999999.0,-999999999.0,-999999999.0,64.3,58.0,72.2,7.1,9.3,-999999999.0,-999999999.0,6.8,-999999999.0,-999999999.0,-999999999.0,6.1,11.3,7.1,6,,614370,2016,14370.0,
18,19,97765,53378,-999999999,-999999999,26436,-999999999,-999999999,-999999999,29196,36082,74442,60.9,60.4,-999999999.0,-999999999.0,63.0,-999999999.0,-999999999.0,-999999999.0,66.8,56.1,73.4,6.7,5.8,-999999999.0,-999999999.0,3.5,-999999999.0,-999999999.0,-999999999.0,4.5,7.3,6.3,6,,614730,2016,14730.0,
19,20,68733,48463,-999999999,-999999999,-999999999,-999999999,-999999999,-999999999,17214,40371,47060,57.1,59.4,-999999999.0,-999999999.0,-999999999.0,-999999999.0,-999999999.0,-999999999.0,62.7,57.4,72.0,9.5,8.8,-999999999.0,-999999999.0,-999999999.0,-999999999.0,-999999999.0,-999999999.0,7.6,10.0,6.0,6,,615510,2016,15510.0,
20,21,57771,17019,-999999999,-999999999,-999999999,-999999999,21944,-999999999,35557,-999999999,48383,65.8,57.6,-999999999.0,-999999999.0,-999999999.0,-999999999.0,70.6,-999999999.0,67.7,-999999999.0,75.8,5.7,7.8,-999999999.0,-999999999.0,-999999999.0,-999999999.0,4.4,-999999999.0,5.7,-999999999.0,5.7,6,,616680,2016,16680.0,
21,22,71164,57833,-999999999,-999999999,-999999999,-999999999,-999999999,-999999999,-999999999,53660,51979,63.1,63.9,-999999999.0,-999999999.0,-999999999.0,-999999999.0,-999999999.0,-999999999.0,-999999999.0,64.5,79.2,2.4,1.5,-999999999.0,-999999999.0,-999999999.0,-999999999.0,-999999999.0,-999999999.0,-999999999.0,1.6,2.2,6,,618030,2016,18030.0,
22,23,78390,16209,-999999999,-999999999,49566,-999999999,-999999999,-999999999,15111,10593,60117,65.6,61.1,-999999999.0,-999999999.0,68.7,-999999999.0,-999999999.0,-999999999.0,58.6,63.9,78.3,6.0,4.4,-999999999.0,-999999999.0,4.0,-999999999.0,-999999999.0,-999999999.0,12.3,5.7,6.4,6,,618870,2016,18870.0,
23,24,110199,78489,-999999999,-999999999,-999999999,-999999999,-999999999,-999999999,31319,56823,85135,58.6,59.0,-999999999.0,-999999999.0,-999999999.0,-999999999.0,-999999999.0,-999999999.0,67.2,55.9,71.7,8.0,7.4,-999999999.0,-999999999.0,-999999999.0,-999999999.0,-999999999.0,-999999999.0,8.8,6.7,8.2,6,,620250,2016,20250.0,
24,25,92528,59202,19808,-999999999,-999999999,-999999999,-999999999,-999999999,33370,33214,72556,48.1,52.1,34.2,-999999999.0,-999999999.0,-999999999.0,-999999999.0,-999999999.0,50.0,53.8,56.5,6.2,4.1,14.3,-999999999.0,-999999999.0,-999999999.0,-999999999.0,-999999999.0,3.4,5.6,6.2,6,,620880,2016,20880.0,
25,26,47539,29867,-999999999,-999999999,10760,-999999999,-999999999,-999999999,22115,12107,38437,59.4,57.8,-999999999.0,-999999999.0,60.9,-999999999.0,-999999999.0,-999999999.0,61.2,55.1,70.4,6.1,6.5,-999999999.0,-999999999.0,2.3,-999999999.0,-999999999.0,-999999999.0,9.1,5.0,6.4,6,,623430,2016,23430.0,
26,27,69912,44085,-999999999,-999999999,-999999999,-999999999,-999999999,-999999999,-999999999,36089,47524,51.3,50.0,-999999999.0,-999999999.0,-999999999.0,-999999999.0,-999999999.0,-999999999.0,-999999999.0,48.0,68.2,7.5,8.1,-999999999.0,-999999999.0,-999999999.0,-999999999.0,-999999999.0,-999999999.0,-999999999.0,7.7,5.1,6,,624540,2016,24540.0,
27,28,66490,37468,-999999999,-999999999,-999999999,-999999999,12627,-999999999,30469,20789,50611,50.2,50.3,-999999999.0,-999999999.0,-999999999.0,-999999999.0,48.6,-999999999.0,47.2,54.4,61.6,14.9,13.4,-999999999.0,-999999999.0,-999999999.0,-999999999.0,18.0,-999999999.0,18.1,9.0,12.7,6,,624600,2016,24600.0,
28,29,86082,63779,-999999999,-999999999,-999999999,-999999999,12431,-999999999,42789,35684,66370,51.1,52.2,-999999999.0,-999999999.0,-999999999.0,-999999999.0,55.8,-999999999.0,56.2,47.9,62.5,12.2,10.9,-999999999.0,-999999999.0,-999999999.0,-999999999.0,16.2,-999999999.0,12.1,11.8,12.1,6,,625130,2016,25130.0,
29,30,55667,29774,-999999999,-999999999,-999999999,-999999999,-999999999,-999999999,-999999999,26181,45838,68.3,68.5,-999999999.0,-999999999.0,-999999999.0,-999999999.0,-999999999.0,-999999999.0,-999999999.0,70.1,79.3,3.7,2.3,-999999999.0,-999999999.0,-999999999.0,-999999999.0,-999999999.0,-999999999.0,-999999999.0,2.6,3.6,6,,626280,2016,26280.0,
30,31,60408,45495,-999999999,-999999999,-999999999,-999999999,-999999999,-999999999,17506,32804,43952,60.4,62.4,-999999999.0,-999999999.0,-999999999.0,-999999999.0,-999999999.0,-999999999.0,63.8,61.1,74.1,7.8,6.2,-999999999.0,-999999999.0,-999999999.0,-999999999.0,-999999999.0,-999999999.0,10.8,4.6,7.8,6,,627180,2016,27180.0,
31,32,86808,44931,-999999999,-999999999,20491,-999999999,-999999999,-999999999,30268,31269,70407,68.7,68.8,-999999999.0,-999999999.0,70.2,-999999999.0,-999999999.0,-999999999.0,70.0,65.5,79.4,5.1,4.2,-999999999.0,-999999999.0,2.2,-999999999.0,-999999999.0,-999999999.0,7.8,5.1,5.0,6,,627810,2016,27810.0,
32,33,82822,55465,-999999999,-999999999,12457,-999999999,-999999999,-999999999,-999999999,47605,62155,63.5,61.7,-999999999.0,-999999999.0,59.0,-999999999.0,-999999999.0,-999999999.0,-999999999.0,60.1,77.4,5.3,4.2,-999999999.0,-999999999.0,9.3,-999999999.0,-999999999.0,-999999999.0,-999999999.0,4.4,5.3,6,,628140,2016,28140.0,
33,34,133468,64411,6905,-999999999,9879,-999999999,46804,-999999999,95660,19048,108055,58.0,57.9,53.8,-999999999.0,59.5,-999999999.0,58.4,-999999999.0,59.1,52.1,67.4,10.1,8.5,6.6,-999999999.0,4.9,-999999999.0,12.8,-999999999.0,11.6,5.3,9.3,6,,628470,2016,28470.0,
34,35,96238,72858,-999999999,-999999999,-999999999,-999999999,11399,-999999999,65449,20949,74235,62.6,63.4,-999999999.0,-999999999.0,-999999999.0,-999999999.0,63.7,-999999999.0,65.7,57.4,76.1,6.5,5.7,-999999999.0,-999999999.0,-999999999.0,-999999999.0,6.0,-999999999.0,5.2,7.7,6.0,6,,629220,2016,29220.0,
35,36,95250,43294,9895,-999999999,-999999999,-999999999,32715,-999999999,59811,19730,74986,51.1,51.3,39.9,-999999999.0,-999999999.0,-999999999.0,54.6,-999999999.0,53.1,50.9,61.4,9.3,8.4,19.3,-999999999.0,-999999999.0,-999999999.0,6.7,-999999999.0,7.7,7.8,8.5,6,,629580,2016,29580.0,
36,37,65078,52254,-999999999,-999999999,-999999999,-999999999,-999999999,-999999999,-999999999,41141,44229,60.3,58.7,-999999999.0,-999999999.0,-999999999.0,-999999999.0,-999999999.0,-999999999.0,-999999999.0,56.3,78.1,3.7,3.2,-999999999.0,-999999999.0,-999999999.0,-999999999.0,-999999999.0,-999999999.0,-999999999.0,3.9,3.0,6,,630990,2016,30990.0,
37,38,85170,54967,-999999999,-999999999,-999999999,-999999999,16964,-999999999,35831,38557,69133,68.8,66.7,-999999999.0,-999999999.0,-999999999.0,-999999999.0,73.9,-999999999.0,73.6,63.6,79.0,2.4,3.2,-999999999.0,-999999999.0,-999999999.0,-999999999.0,1.3,-999999999.0,1.3,3.8,2.0,6,,632130,2016,32130.0,
38,39,75263,58540,-999999999,-999999999,-999999999,-999999999,-999999999,-999999999,-999999999,53443,55151,58.1,58.3,-999999999.0,-999999999.0,-999999999.0,-999999999.0,-999999999.0,-999999999.0,-999999999.0,58.0,73.3,5.1,3.7,-999999999.0,-999999999.0,-999999999.0,-999999999.0,-999999999.0,-999999999.0,-999999999.0,3.3,4.6,6,,633600,2016,33600.0,
39,40,57700,25072,-999999999,-999999999,-999999999,-999999999,24928,-999999999,40331,10624,45468,62.1,60.8,-999999999.0,-999999999.0,-999999999.0,-999999999.0,64.9,-999999999.0,63.7,60.2,72.9,4.5,3.4,-999999999.0,-999999999.0,-999999999.0,-999999999.0,4.6,-999999999.0,4.0,2.6,4.4,6,,633930,2016,33930.0,
40,41,112664,59509,-999999999,-999999999,32511,-999999999,-999999999,-999999999,-999999999,50350,85951,67.7,64.2,-999999999.0,-999999999.0,68.4,-999999999.0,-999999999.0,-999999999.0,-999999999.0,64.7,82.1,2.2,1.9,-999999999.0,-999999999.0,1.9,-999999999.0,-999999999.0,-999999999.0,-999999999.0,1.4,2.0,6,,634920,2016,34920.0,
41,42,59126,46910,-999999999,-999999999,-999999999,-999999999,-999999999,-999999999,-999999999,42010,41080,56.8,58.9,-999999999.0,-999999999.0,-999999999.0,-999999999.0,-999999999.0,-999999999.0,-999999999.0,57.6,71.5,8.7,7.0,-999999999.0,-999999999.0,-999999999.0,-999999999.0,-999999999.0,-999999999.0,-999999999.0,7.7,6.0,6,,635590,2016,35590.0,
42,43,61410,42092,-999999999,-999999999,-999999999,-999999999,-999999999,-999999999,-999999999,37721,47525,63.3,63.6,-999999999.0,-999999999.0,-999999999.0,-999999999.0,-999999999.0,-999999999.0,-999999999.0,64.0,72.8,6.3,4.3,-999999999.0,-999999999.0,-999999999.0,-999999999.0,-999999999.0,-999999999.0,-999999999.0,4.4,7.0,6,,635810,2016,35810.0,
43,44,85551,62118,-999999999,-999999999,-999999999,-999999999,-999999999,-999999999,21154,47403,68880,66.8,68.1,-999999999.0,-999999999.0,-999999999.0,-999999999.0,-999999999.0,-999999999.0,67.4,68.4,77.1,5.5,6.3,-999999999.0,-999999999.0,-999999999.0,-999999999.0,-999999999.0,-999999999.0,8.5,4.9,5.1,6,,635970,2016,35970.0,
44,45,68587,48993,-999999999,-999999999,-999999999,-999999999,-999999999,-999999999,41528,13289,52245,52.4,52.5,-999999999.0,-999999999.0,-999999999.0,-999999999.0,-999999999.0,-999999999.0,52.4,52.3,64.5,13.9,14.2,-999999999.0,-999999999.0,-999999999.0,-999999999.0,-999999999.0,-999999999.0,15.1,8.4,13.1,6,,637380,2016,37380.0,
45,46,49169,30799,-999999999,-999999999,-999999999,-999999999,-999999999,-999999999,19640,19312,38665,64.1,59.6,-999999999.0,-999999999.0,-999999999.0,-999999999.0,-999999999.0,-999999999.0,66.7,58.8,76.0,6.2,7.1,-999999999.0,-999999999.0,-999999999.0,-999999999.0,-999999999.0,-999999999.0,5.9,6.0,5.8,6,,638220,2016,38220.0,
46,47,76665,34303,-999999999,-999999999,31078,-999999999,-999999999,-999999999,18511,24786,63552,69.5,71.3,-999999999.0,-999999999.0,68.4,-999999999.0,-999999999.0,-999999999.0,68.8,71.8,80.0,3.9,3.4,-999999999.0,-999999999.0,2.8,-999999999.0,-999999999.0,-999999999.0,5.3,3.3,3.8,6,,638460,2016,38460.0,
47,48,60926,45202,-999999999,-999999999,-999999999,-999999999,-999999999,-999999999,19374,31401,45997,58.1,57.7,-999999999.0,-999999999.0,-999999999.0,-999999999.0,-999999999.0,-999999999.0,59.9,55.9,72.3,8.3,8.9,-999999999.0,-999999999.0,-999999999.0,-999999999.0,-999999999.0,-999999999.0,11.0,6.1,7.7,6,,638670,2016,38670.0,
48,49,73616,50026,11492,-999999999,-999999999,-999999999,-999999999,-999999999,32185,24625,56454,47.2,47.2,42.0,-999999999.0,-999999999.0,-999999999.0,-999999999.0,-999999999.0,49.4,46.5,57.8,16.2,13.6,19.8,-999999999.0,-999999999.0,-999999999.0,-999999999.0,-999999999.0,19.0,7.6,15.6,6,,641040,2016,41040.0,
49,50,53786,36248,-999999999,-999999999,-999999999,-999999999,-999999999,-999999999,-999999999,27591,42318,51.7,56.3,-999999999.0,-999999999.0,-999999999.0,-999999999.0,-999999999.0,-999999999.0,-999999999.0,55.0,62.3,6.8,6.1,-999999999.0,-999999999.0,-999999999.0,-999999999.0,-999999999.0,-999999999.0,-999999999.0,7.6,5.9,6,,642120,2016,42120.0,
50,51,67232,30493,-999999999,-999999999,28357,-999999999,-999999999,-999999999,17220,19708,50362,57.1,57.2,-999999999.0,-999999999.0,55.2,-999999999.0,-999999999.0,-999999999.0,65.8,52.5,71.5,5.5,5.2,-999999999.0,-999999999.0,6.8,-999999999.0,-999999999.0,-999999999.0,5.2,4.1,5.7,6,,642150,2016,42150.0,
51,52,53140,25390,-999999999,-999999999,-999999999,-999999999,-999999999,-999999999,39282,9412,40146,60.3,58.0,-999999999.0,-999999999.0,-999999999.0,-999999999.0,-999999999.0,-999999999.0,64.8,47.3,74.1,5.5,5.6,-999999999.0,-999999999.0,-999999999.0,-999999999.0,-999999999.0,-999999999.0,5.4,6.9,5.5,6,,642450,2016,42450.0,
0,1,100100,79869,-999999999,-999999999,13001,-999999999,-999999999,-999999999,-999999999,74800,65530,59.5,59.3,-999999999.0,-999999999.0,56.0,-999999999.0,-999999999.0,-999999999.0,-999999999.0,57.8,78.9,3.4,3.2,-999999999.0,-999999999.0,0.9,-999999999.0,-999999999.0,-999999999.0,-999999999.0,3.2,2.0,6,,601650,2016,,1650.0
1,2,319085,208406,-999999999,-999999999,68969,-999999999,19330,9666,151506,82185,248541,61.4,61.5,-999999999.0,-999999999.0,59.8,-999999999.0,68.0,55.9,65.4,56.0,74.0,5.3,5.3,-999999999.0,-999999999.0,4.3,-999999999.0,7.2,7.6,5.8,5.4,5.0,6,,602630,2016,,2630.0
2,3,287277,167121,39528,-999999999,13655,-999999999,51603,12960,130322,97593,224249,49.5,51.7,34.8,-999999999.0,53.7,-999999999.0,53.9,44.8,51.3,52.5,59.5,7.9,6.5,14.5,-999999999.0,10.5,-999999999.0,7.2,11.3,6.3,7.0,7.4,6,,602820,2016,,2820.0
3,4,87007,64169,-999999999,-999999999,-999999999,-999999999,-999999999,-999999999,19541,54665,57115,56.3,57.8,-999999999.0,-999999999.0,-999999999.0,-999999999.0,-999999999.0,-999999999.0,62.2,56.0,72.6,8.9,8.5,-999999999.0,-999999999.0,-999999999.0,-999999999.0,-999999999.0,-999999999.0,6.8,9.5,5.9,6,,606019,2016,,6019.0
4,5,69912,44085,-999999999,-999999999,-999999999,-999999999,-999999999,-999999999,-999999999,36089,47524,51.3,50.0,-999999999.0,-999999999.0,-999999999.0,-999999999.0,-999999999.0,-999999999.0,-999999999.0,48.0,68.2,7.5,8.1,-999999999.0,-999999999.0,-999999999.0,-999999999.0,-999999999.0,-999999999.0,-999999999.0,7.7,5.1,6,,606034,2016,,6034.0
5,6,180987,110458,-999999999,-999999999,44126,-999999999,-999999999,-999999999,35931,89432,144432,65.6,65.0,-999999999.0,-999999999.0,67.5,-999999999.0,-999999999.0,-999999999.0,67.5,64.0,77.8,3.1,2.9,-999999999.0,-999999999.0,3.3,-999999999.0,-999999999.0,-999999999.0,2.7,3.2,3.1,6,,607230,2016,,7230.0
6,7,119432,38338,16573,-999999999,-999999999,-999999999,43788,-999999999,74446,11519,97565,65.0,62.0,69.8,-999999999.0,-999999999.0,-999999999.0,70.5,-999999999.0,67.2,56.9,75.7,5.6,6.5,8.0,-999999999.0,-999999999.0,-999999999.0,4.8,-999999999.0,5.4,7.4,5.7,6,,607920,2016,,7920.0
7,8,325335,182043,27357,-999999999,34503,-999999999,67271,-999999999,167540,89829,260795,60.4,60.8,58.3,-999999999.0,61.2,-999999999.0,59.3,-999999999.0,59.8,60.9,70.3,8.0,6.5,14.2,-999999999.0,2.5,-999999999.0,11.0,-999999999.0,10.4,3.9,7.3,6,,608160,2016,,8160.0
8,9,51366,36661,-999999999,-999999999,-999999999,-999999999,-999999999,-999999999,41226,-999999999,41758,41.0,45.1,-999999999.0,-999999999.0,-999999999.0,-999999999.0,-999999999.0,-999999999.0,45.9,-999999999.0,47.6,16.1,17.4,-999999999.0,-999999999.0,-999999999.0,-999999999.0,-999999999.0,-999999999.0,16.8,-999999999.0,16.0,6,,610860,2016,,10860.0
9,10,440448,133855,11327,-999999999,190395,-999999999,82523,17319,151523,77208,344261,63.6,60.9,63.1,-999999999.0,62.9,-999999999.0,68.9,65.3,66.3,59.1,75.8,6.2,6.4,5.1,-999999999.0,5.4,-999999999.0,7.3,9.6,7.2,6.1,6.0,6,,611820,2016,,11820.0
10,11,115181,102955,-999999999,-999999999,-999999999,-999999999,-999999999,-999999999,-999999999,94892,79678,52.1,51.2,-999999999.0,-999999999.0,-999999999.0,-999999999.0,-999999999.0,-999999999.0,-999999999.0,50.2,67.9,5.3,5.6,-999999999.0,-999999999.0,-999999999.0,-999999999.0,-999999999.0,-999999999.0,-999999999.0,5.4,5.2,6,,612070,2016,,12070.0
11,12,136261,43030,-999999999,-999999999,52857,-999999999,35832,-999999999,73586,-999999999,102987,55.4,57.7,-999999999.0,-999999999.0,53.4,-999999999.0,57.3,-999999999.0,58.4,-999999999.0,69.0,6.6,8.4,-999999999.0,-999999999.0,5.4,-999999999.0,5.6,-999999999.0,7.6,-999999999.0,6.3,6,,612120,2016,,12120.0
12,13,135411,101418,-999999999,-999999999,11606,-999999999,-999999999,-999999999,59651,56415,106438,63.6,62.1,-999999999.0,-999999999.0,69.8,-999999999.0,-999999999.0,-999999999.0,68.0,58.7,74.5,5.9,5.9,-999999999.0,-999999999.0,2.9,-999999999.0,-999999999.0,-999999999.0,4.8,6.6,5.7,6,,612910,2016,,12910.0
13,14,57342,45333,-999999999,-999999999,-999999999,-999999999,-999999999,-999999999,-999999999,34816,40993,40.9,41.6,-999999999.0,-999999999.0,-999999999.0,-999999999.0,-999999999.0,-999999999.0,-999999999.0,38.5,49.9,2.2,1.9,-999999999.0,-999999999.0,-999999999.0,-999999999.0,-999999999.0,-999999999.0,-999999999.0,2.3,2.2,6,,613530,2016,,13530.0
14,15,189767,71291,-999999999,-999999999,101034,-999999999,-999999999,-999999999,22270,59724,149282,63.8,62.6,-999999999.0,-999999999.0,64.3,-999999999.0,-999999999.0,-999999999.0,66.8,61.6,76.2,3.8,3.3,-999999999.0,-999999999.0,3.6,-999999999.0,-999999999.0,-999999999.0,4.5,3.3,3.7,6,,614430,2016,,14430.0
15,16,207526,110856,4870,-999999999,49311,-999999999,32291,-999999999,81011,66201,158861,60.3,58.6,53.5,-999999999.0,60.8,-999999999.0,67.9,-999999999.0,65.6,54.9,72.7,7.0,5.7,20.8,-999999999.0,5.8,-999999999.0,8.3,-999999999.0,6.9,5.8,6.4,6,,614760,2016,,14760.0
16,17,384432,288158,26674,-999999999,17011,-999999999,27982,17956,92242,232838,293732,58.0,57.0,56.9,-999999999.0,57.8,-999999999.0,64.9,65.9,63.8,55.7,70.1,7.4,6.8,12.0,-999999999.0,5.7,-999999999.0,9.4,6.9,7.2,6.9,7.4,6,,616230,2016,,16230.0
17,18,54727,40229,-999999999,-999999999,-999999999,-999999999,-999999999,-999999999,24954,23520,41566,56.4,57.5,-999999999.0,-999999999.0,-999999999.0,-999999999.0,-999999999.0,-999999999.0,57.1,54.9,67.9,6.9,6.5,-999999999.0,-999999999.0,-999999999.0,-999999999.0,-999999999.0,-999999999.0,10.4,3.8,7.1,6,,616500,2016,,16500.0
18,19,269197,175969,-999999999,-999999999,60559,-999999999,-999999999,8042,49318,147927,198561,60.7,61.0,-999999999.0,-999999999.0,54.6,-999999999.0,-999999999.0,67.2,69.3,59.8,76.0,4.7,3.8,-999999999.0,-999999999.0,7.4,-999999999.0,-999999999.0,11.1,3.3,3.8,4.4,6,,618060,2016,,18060.0
19,20,126478,43857,-999999999,-999999999,61915,-999999999,-999999999,-999999999,23824,33036,96716,66.6,64.6,-999999999.0,-999999999.0,69.5,-999999999.0,-999999999.0,-999999999.0,62.9,65.3,80.0,5.0,4.0,-999999999.0,-999999999.0,3.4,-999999999.0,-999999999.0,-999999999.0,9.0,4.5,5.2,6,,618930,2016,,18930.0
20,21,462944,332321,22735,-999999999,24883,-999999999,62515,14209,228910,176026,361985,55.1,54.4,50.1,-999999999.0,56.2,-999999999.0,58.8,64.8,57.7,51.2,65.7,10.4,10.2,11.3,-999999999.0,3.9,-999999999.0,12.3,12.7,12.3,8.5,9.9,6,,619540,2016,,19540.0
21,22,93297,62020,-999999999,-999999999,-999999999,-999999999,-999999999,-999999999,20423,51701,69858,58.2,58.2,-999999999.0,-999999999.0,-999999999.0,-999999999.0,-999999999.0,-999999999.0,64.5,57.3,71.6,7.0,6.1,-999999999.0,-999999999.0,-999999999.0,-999999999.0,-999999999.0,-999999999.0,7.3,5.0,5.7,6,,621600,2016,,21600.0
22,23,130438,72243,5938,-999999999,14699,-999999999,33036,-999999999,66495,40774,98805,50.7,52.9,35.1,-999999999.0,52.1,-999999999.0,48.6,-999999999.0,50.1,54.2,62.3,14.3,13.0,31.1,-999999999.0,6.9,-999999999.0,17.2,-999999999.0,17.5,8.2,12.7,6,,624660,2016,,24660.0
23,24,207535,152039,-999999999,-999999999,14219,-999999999,23271,7999,81655,98331,159023,55.3,55.2,-999999999.0,-999999999.0,51.3,-999999999.0,59.0,46.1,57.7,53.4,67.4,9.9,9.5,-999999999.0,-999999999.0,7.3,-999999999.0,10.5,20.8,11.4,8.5,9.6,6,,625150,2016,,25150.0
24,25,91555,53544,-999999999,-999999999,-999999999,-999999999,-999999999,-999999999,-999999999,47664,71612,64.4,63.3,-999999999.0,-999999999.0,-999999999.0,-999999999.0,-999999999.0,-999999999.0,-999999999.0,63.7,77.8,3.8,3.4,-999999999.0,-999999999.0,-999999999.0,-999999999.0,-999999999.0,-999999999.0,-999999999.0,3.4,3.7,6,,626310,2016,,26310.0
25,26,70796,67045,-999999999,-999999999,-999999999,-999999999,-999999999,-999999999,-999999999,63772,43872,45.4,45.9,-999999999.0,-999999999.0,-999999999.0,-999999999.0,-999999999.0,-999999999.0,-999999999.0,46.4,62.4,5.8,5.7,-999999999.0,-999999999.0,-999999999.0,-999999999.0,-999999999.0,-999999999.0,-999999999.0,5.2,6.0,6,,626880,2016,,26880.0
26,27,256886,197383,7132,-999999999,19838,-999999999,21209,-999999999,144396,80298,194096,61.6,62.2,46.1,-999999999.0,54.9,-999999999.0,61.7,-999999999.0,65.6,56.5,75.3,5.2,4.7,12.6,-999999999.0,6.5,-999999999.0,7.1,-999999999.0,4.8,5.0,4.7,6,,629270,2016,,29270.0
27,28,63936,49745,-999999999,-999999999,-999999999,-999999999,-999999999,-999999999,-999999999,45640,44602,59.4,60.5,-999999999.0,-999999999.0,-999999999.0,-999999999.0,-999999999.0,-999999999.0,-999999999.0,61.1,75.0,3.9,3.6,-999999999.0,-999999999.0,-999999999.0,-999999999.0,-999999999.0,-999999999.0,-999999999.0,3.6,3.6,6,,630250,2016,,30250.0
28,29,79028,72789,-999999999,-999999999,-999999999,-999999999,-999999999,-999999999,-999999999,66904,54876,54.6,53.8,-999999999.0,-999999999.0,-999999999.0,-999999999.0,-999999999.0,-999999999.0,-999999999.0,53.5,70.8,5.0,5.3,-999999999.0,-999999999.0,-999999999.0,-999999999.0,-999999999.0,-999999999.0,-999999999.0,4.4,5.1,6,,630750,2016,,30750.0
29,30,145536,112610,-999999999,-999999999,-999999999,-999999999,-999999999,-999999999,18949,102720,104631,58.8,58.6,-999999999.0,-999999999.0,-999999999.0,-999999999.0,-999999999.0,-999999999.0,56.1,58.3,75.2,5.0,4.4,-999999999.0,-999999999.0,-999999999.0,-999999999.0,-999999999.0,-999999999.0,8.1,4.0,4.1,6,,633630,2016,,33630.0
30,31,134139,54960,-999999999,-999999999,12027,-999999999,60437,-999999999,92320,24946,105340,62.3,61.4,-999999999.0,-999999999.0,62.6,-999999999.0,64.0,-999999999.0,63.4,60.9,73.4,3.5,4.3,-999999999.0,-999999999.0,1.6,-999999999.0,2.6,-999999999.0,3.1,4.0,3.4,6,,633980,2016,,33980.0
31,32,140164,120133,-999999999,-999999999,-999999999,-999999999,-999999999,-999999999,-999999999,111099,100848,62.5,62.3,-999999999.0,-999999999.0,-999999999.0,-999999999.0,-999999999.0,-999999999.0,-999999999.0,62.4,76.8,3.4,3.1,-999999999.0,-999999999.0,-999999999.0,-999999999.0,-999999999.0,-999999999.0,-999999999.0,3.1,3.3,6,,634380,2016,,34380.0
32,33,116290,93648,-999999999,-999999999,-999999999,-999999999,-999999999,-999999999,69383,36277,89563,63.6,63.4,-999999999.0,-999999999.0,-999999999.0,-999999999.0,-999999999.0,-999999999.0,66.7,57.0,76.5,4.6,4.3,-999999999.0,-999999999.0,-999999999.0,-999999999.0,-999999999.0,-999999999.0,5.5,3.5,4.4,6,,635670,2016,,35670.0
33,34,198179,107970,-999999999,-999999999,59244,-999999999,-999999999,-999999999,34194,91384,150643,66.7,61.7,-999999999.0,-999999999.0,70.1,-999999999.0,-999999999.0,-999999999.0,72.0,61.6,81.4,2.7,3.5,-999999999.0,-999999999.0,1.3,-999999999.0,-999999999.0,-999999999.0,2.6,3.5,2.5,6,,634980,2016,,34980.0
34,35,60249,39576,-999999999,-999999999,-999999999,-999999999,-999999999,-999999999,-999999999,36821,43290,56.6,58.7,-999999999.0,-999999999.0,-999999999.0,-999999999.0,-999999999.0,-999999999.0,-999999999.0,58.3,69.0,5.8,5.3,-999999999.0,-999999999.0,-999999999.0,-999999999.0,-999999999.0,-999999999.0,-999999999.0,5.4,6.4,6,,635110,2016,,35110.0
35,36,82371,66301,-999999999,-999999999,-999999999,-999999999,-999999999,-999999999,14314,57281,58377,57.0,58.3,-999999999.0,-999999999.0,-999999999.0,-999999999.0,-999999999.0,-999999999.0,69.7,56.3,70.2,6.7,5.5,-999999999.0,-999999999.0,-999999999.0,-999999999.0,-999999999.0,-999999999.0,3.4,6.3,4.8,6,,635600,2016,,35600.0
36,37,177246,126801,-999999999,-999999999,10994,-999999999,-999999999,-999999999,45338,110053,130747,62.7,61.3,-999999999.0,-999999999.0,62.6,-999999999.0,-999999999.0,-999999999.0,70.1,59.9,75.4,5.6,4.6,-999999999.0,-999999999.0,6.9,-999999999.0,-999999999.0,-999999999.0,6.4,5.0,5.5,6,,635830,2016,,35830.0
37,38,205226,129893,-999999999,-999999999,30301,-999999999,27221,-999999999,60114,101444,158417,67.2,65.9,-999999999.0,-999999999.0,71.2,-999999999.0,75.3,-999999999.0,73.4,63.9,79.7,3.2,3.3,-999999999.0,-999999999.0,2.6,-999999999.0,2.6,-999999999.0,2.9,3.2,3.1,6,,636390,2016,,36390.0
38,39,85090,75232,-999999999,-999999999,-999999999,-999999999,-999999999,-999999999,6355,70424,58273,50.4,49.8,-999999999.0,-999999999.0,-999999999.0,-999999999.0,-999999999.0,-999999999.0,50.4,49.6,64.8,6.0,6.1,-999999999.0,-999999999.0,-999999999.0,-999999999.0,-999999999.0,-999999999.0,14.3,5.5,5.5,6,,636600,2016,,36600.0
39,40,119572,82421,18259,-999999999,-999999999,-999999999,7913,-999999999,57697,36158,93484,46.4,46.7,46.8,-999999999.0,-999999999.0,-999999999.0,37.1,-999999999.0,46.4,45.9,56.0,13.4,11.5,15.4,-999999999.0,-999999999.0,-999999999.0,21.1,-999999999.0,14.1,9.5,12.6,6,,636972,2016,,36972.0
40,41,391423,267769,18094,-999999999,60584,-999999999,27460,13621,232431,73124,302625,54.8,54.7,45.5,-999999999.0,54.9,-999999999.0,60.7,60.8,57.3,48.3,66.6,10.0,10.2,8.4,-999999999.0,8.7,-999999999.0,8.8,10.6,11.3,6.8,9.0,6,,638640,2016,,38640.0
41,42,97603,85958,-999999999,-999999999,-999999999,-999999999,-999999999,-999999999,-999999999,81335,65278,62.5,62.6,-999999999.0,-999999999.0,-999999999.0,-999999999.0,-999999999.0,-999999999.0,-999999999.0,62.7,76.4,4.3,4.2,-999999999.0,-999999999.0,-999999999.0,-999999999.0,-999999999.0,-999999999.0,-999999999.0,4.2,4.2,6,,638790,2016,,38790.0
42,43,61209,48924,-999999999,-999999999,-999999999,-999999999,-999999999,-999999999,34975,22865,46971,54.5,53.4,-999999999.0,-999999999.0,-999999999.0,-999999999.0,-999999999.0,-999999999.0,53.3,54.4,65.0,7.4,7.2,-999999999.0,-999999999.0,-999999999.0,-999999999.0,-999999999.0,-999999999.0,9.2,5.0,7.2,6,,639930,2016,,39930.0
43,44,175273,83139,-999999999,-999999999,12105,-999999999,68519,-999999999,119953,36004,134590,58.5,55.3,-999999999.0,-999999999.0,60.3,-999999999.0,63.3,-999999999.0,61.4,51.0,71.3,5.3,6.9,-999999999.0,-999999999.0,3.3,-999999999.0,3.6,-999999999.0,5.1,6.4,5.0,6,,642480,2016,,42480.0
44,45,217047,154685,8070,-999999999,25965,-999999999,16255,-999999999,65553,110759,169739,62.6,63.2,50.5,-999999999.0,64.4,-999999999.0,62.3,-999999999.0,62.7,63.7,73.8,6.2,6.4,11.3,-999999999.0,3.4,-999999999.0,4.3,-999999999.0,8.1,5.0,5.9,6,,642510,2016,,42510.0
