,District,Year,Total Enrollment,Percent Change,NCESDist,School District Type,"Population, 16+","Employment Ratio, 16+","Unemployment Rate, 16+","Population, 20-64","Employment Ratio, 20-64","Unemployment Rate, 20-64"
0,Rocklin Unified,2018,14070,3.814653582232716,600013,Unified,51542.0,59.9,5.6,38279.0,73.4,5.0
1,Rocklin Unified,2019,14125,0.3909026297085998,600013,Unified,51882.0,58.6,4.4,36253.0,75.1,4.1
2,Hesperia Unified,2015,23970,,600014,Unified,74447.0,50.4,14.7,58032.0,61.2,13.8
3,Hesperia Unified,2016,23829,-0.5882352941176471,600014,Unified,82334.0,48.6,8.7,62228.0,60.4,7.7
4,Hesperia Unified,2017,24138,1.2967392672793656,600014,Unified,80751.0,49.3,11.8,60671.0,62.7,8.9
5,Hesperia Unified,2018,24122,-0.0662855248985002,600014,Unified,77198.0,51.6,8.5,58684.0,64.6,6.8
6,Hesperia Unified,2019,24396,1.1358925462233649,600014,Unified,80008.0,51.9,6.8,62171.0,63.2,5.8
7,Upland Unified,2015,11138,,600016,Unified,63117.0,58.9,3.7,47536.0,72.4,3.3
8,Upland Unified,2016,11015,-1.1043275273837314,600016,Unified,63598.0,63.1,3.5,47083.0,76.1,3.4
9,Upland Unified,2017,10894,-1.0985020426690877,600016,Unified,61561.0,59.1,8.6,45840.0,73.0,8.0
10,Upland Unified,2018,10684,-1.9276666054709013,600016,Unified,60060.0,63.1,3.6,45026.0,76.7,3.4
11,Upland Unified,2019,10553,-1.2261325346312242,600016,Unified,64914.0,64.2,3.9,47629.0,78.7,4.1
12,Apple Valley Unified,2015,14217,,600017,Unified,60729.0,45.6,11.9,41043.0,61.5,10.7
13,Apple Valley Unified,2016,14349,0.9284659210803968,600017,Unified,63453.0,45.9,13.1,46795.0,58.1,13.1
14,Apple Valley Unified,2017,14403,0.3763328454944595,600017,Unified,62197.0,46.8,10.8,44084.0,63.2,9.3
15,Apple Valley Unified,2018,14631,1.5830035409289729,600017,Unified,62742.0,46.9,8.8,44667.0,60.7,8.4
16,Apple Valley Unified,2019,14715,0.5741234365388559,600017,Unified,62429.0,46.4,10.6,43467.0,62.1,9.6
17,Pleasanton Unified,2015,14710,,600020,Unified,61495.0,63.4,3.9,46442.0,76.7,3.5
18,Pleasanton Unified,2016,14728,0.1223657375934738,600020,Unified,62993.0,61.5,4.0,48061.0,73.9,3.5
19,Pleasanton Unified,2017,14792,0.4345464421510048,600020,Unified,68050.0,68.0,2.4,52046.0,81.0,2.5
20,Pleasanton Unified,2018,14895,0.696322336398053,600020,Unified,64058.0,65.6,2.8,47245.0,79.9,2.3
21,Pleasanton Unified,2019,14798,-0.6512252433702584,600020,Unified,65445.0,63.0,2.6,47727.0,77.4,2.6
22,Lake Elsinore Unified,2015,22191,,600027,Unified,100489.0,53.9,9.6,77187.0,66.2,8.1
23,Lake Elsinore Unified,2016,22020,-0.7705826686494525,600027,Unified,100634.0,58.9,8.2,80312.0,69.9,7.1
24,Lake Elsinore Unified,2017,21919,-0.4586739327883742,600027,Unified,103567.0,58.7,8.1,82855.0,68.6,7.9
25,Lake Elsinore Unified,2018,21801,-0.5383457274510698,600027,Unified,101381.0,58.7,6.1,75681.0,72.9,5.8
26,Lake Elsinore Unified,2019,21587,-0.9816063483326454,600027,Unified,104154.0,57.4,4.6,81163.0,70.2,4.2
27,Temecula Valley Unified,2015,29968,,600028,Unified,119914.0,58.6,8.5,92804.0,70.5,7.6
28,Temecula Valley Unified,2016,29890,-0.2602776294714362,600028,Unified,120506.0,58.7,7.8,92970.0,70.6,7.1
29,Temecula Valley Unified,2017,29958,0.2275008364001338,600028,Unified,124880.0,60.4,5.0,95470.0,72.1,4.8
30,Temecula Valley Unified,2018,29589,-1.2317244141798518,600028,Unified,124395.0,58.6,4.6,97665.0,70.5,4.0
31,Temecula Valley Unified,2019,29578,-0.037175977559228,600028,Unified,125632.0,59.7,4.1,95920.0,71.6,3.3
32,Murrieta Valley Unified,2015,22806,,600029,Unified,86904.0,53.6,11.2,65559.0,66.3,11.1
33,Murrieta Valley Unified,2016,22967,0.7059545733578882,600029,Unified,84976.0,57.9,8.6,66062.0,70.8,8.0
34,Murrieta Valley Unified,2017,23110,0.6226324726781904,600029,Unified,86824.0,55.3,8.1,61835.0,71.6,7.7
35,Murrieta Valley Unified,2018,23234,0.5365642578970143,600029,Unified,86160.0,63.5,5.2,66028.0,77.2,4.5
36,Murrieta Valley Unified,2019,23386,0.6542136524059567,600029,Unified,92851.0,58.6,5.6,68946.0,71.3,5.6
37,Redondo Beach Unified,2015,9492,,600032,Unified,56565.0,70.4,5.5,46691.0,80.3,5.5
38,Redondo Beach Unified,2016,9748,2.69700800674252,600032,Unified,,,,,,
39,Redondo Beach Unified,2017,9890,1.456709068526877,600032,Unified,55809.0,67.4,3.0,45247.0,79.4,2.8
40,Redondo Beach Unified,2018,9998,1.0920121334681496,600032,Unified,,,,,,
41,Redondo Beach Unified,2019,10071,0.7301460292058412,600032,Unified,,,,,,
42,Natomas Unified,2015,14287,,600036,Unified,60666.0,70.5,4.3,52973.0,77.4,4.1
43,Natomas Unified,2016,14620,2.3307902288794007,600036,Unified,,,,,,
44,Natomas Unified,2017,14880,1.7783857729138166,600036,Unified,62148.0,67.0,6.5,52288.0,75.8,5.9
45,Natomas Unified,2018,15271,2.6276881720430105,600036,Unified,66986.0,67.8,5.6,56659.0,77.7,5.4
46,Natomas Unified,2019,15569,1.9514111715015388,600036,Unified,68055.0,69.3,3.9,53500.0,81.9,3.4
47,Tracy Joint Unified,2015,16701,,600047,Unified,60336.0,64.2,8.0,47430.0,76.1,7.2
48,Tracy Joint Unified,2016,16413,-1.724447637865996,600047,Unified,62240.0,61.6,5.3,47597.0,75.4,4.6
49,Tracy Joint Unified,2017,16218,-1.1880826174373973,600047,Unified,63296.0,63.0,3.1,49441.0,76.3,2.8
50,Tracy Joint Unified,2018,15904,-1.9361203600937231,600047,Unified,64166.0,66.6,2.9,49764.0,78.4,2.5
51,Tracy Joint Unified,2019,15829,-0.4715794768611669,600047,Unified,66559.0,62.0,6.4,53630.0,71.4,5.9
52,Alhambra Unified,2015,17255,,600153,Unified,103718.0,56.8,5.0,78914.0,71.6,5.1
53,Alhambra Unified,2016,17024,-1.3387423935091278,600153,Unified,98402.0,56.3,4.9,70965.0,73.3,4.5
54,Alhambra Unified,2017,16794,-1.351033834586466,600153,Unified,104160.0,56.1,4.2,74765.0,73.3,4.0
55,Alhambra Unified,2018,16462,-1.9768965106585683,600153,Unified,100944.0,58.9,4.3,73196.0,77.0,4.3
56,Alhambra Unified,2019,16194,-1.6279917385493865,600153,Unified,97286.0,59.9,4.1,71304.0,75.1,3.9
57,Twin Rivers Unified,2015,31064,,601332,Unified,138686.0,51.9,9.2,108480.0,62.0,8.5
58,Twin Rivers Unified,2016,31900,2.6912181303116145,601332,Unified,135133.0,53.5,8.2,105473.0,64.6,7.8
59,Twin Rivers Unified,2017,32443,1.7021943573667713,601332,Unified,134619.0,55.4,7.8,106655.0,66.1,7.9
60,Twin Rivers Unified,2018,31426,-3.1347286009308637,601332,Unified,134818.0,56.9,5.1,105042.0,67.2,4.7
61,Twin Rivers Unified,2019,32902,4.696747915738561,601332,Unified,138033.0,60.2,5.8,108420.0,70.4,5.9
62,Santa Barbara Unified,2015,15447,,601414,Unified,73919.0,66.9,4.2,54677.0,82.0,3.9
63,Santa Barbara Unified,2016,15182,-1.715543471224186,601414,Unified,73578.0,63.2,4.0,53547.0,76.4,3.4
64,Santa Barbara Unified,2017,15037,-0.9550783822948228,601414,Unified,75781.0,68.9,4.3,55067.0,83.3,3.7
65,Santa Barbara Unified,2018,14796,-1.6027133071756337,601414,Unified,75486.0,61.9,5.2,54225.0,76.6,4.6
66,Santa Barbara Unified,2019,14534,-1.770748851040822,601414,Unified,,,,,,
67,ABC Unified,2015,20811,,601620,Unified,83008.0,54.1,7.4,61243.0,68.4,7.3
68,ABC Unified,2016,20706,-0.5045408678102926,601620,Unified,84152.0,54.4,6.3,62412.0,68.3,6.5
69,ABC Unified,2017,20497,-1.0093692649473582,601620,Unified,90383.0,58.7,6.3,66148.0,73.9,5.8
70,ABC Unified,2018,20402,-0.4634824608479289,601620,Unified,91963.0,55.0,6.5,64965.0,71.4,6.3
71,ABC Unified,2019,20229,-0.8479560827369866,601620,Unified,85646.0,59.7,4.2,62074.0,74.8,4.2
72,Acalanes Union High,2015,5522,,601650,Secondary,94601.0,55.6,5.7,60947.0,74.3,5.9
73,Acalanes Union High,2016,5511,-0.199203187250996,601650,Secondary,100100.0,59.5,3.4,65530.0,78.9,2.0
74,Acalanes Union High,2017,5642,2.377064053710761,601650,Secondary,97561.0,58.3,2.7,63029.0,77.7,2.8
75,Acalanes Union High,2018,5655,0.2304147465437788,601650,Secondary,100398.0,56.8,3.0,66183.0,74.0,3.1
76,Acalanes Union High,2019,5606,-0.8664898320070734,601650,Secondary,95161.0,56.4,4.2,60424.0,76.3,3.9
77,Alameda Unified,2015,11065,,601770,Unified,64837.0,62.2,4.3,51113.0,74.9,4.2
78,Alameda Unified,2016,11170,0.9489380930863082,601770,Unified,63244.0,63.1,3.5,49705.0,74.1,3.6
79,Alameda Unified,2017,11267,0.8683974932855865,601770,Unified,62878.0,64.4,3.3,47597.0,77.5,3.3
80,Alameda Unified,2018,11227,-0.3550190822756723,601770,Unified,63939.0,66.7,2.9,47499.0,82.6,2.9
81,Alameda Unified,2019,11248,0.1870490781152578,601770,Unified,63509.0,64.5,2.9,47218.0,80.0,3.2
82,Alum Rock Union Elementary,2015,12064,,602310,Elementary,94280.0,60.5,8.4,72625.0,74.2,7.6
83,Alum Rock Union Elementary,2016,11621,-3.672082228116711,602310,Elementary,94609.0,61.2,6.8,72877.0,74.1,6.6
84,Alum Rock Union Elementary,2017,11266,-3.05481455984855,602310,Elementary,91208.0,63.0,4.3,68829.0,76.7,4.1
85,Alum Rock Union Elementary,2018,10740,-4.668915320433162,602310,Elementary,94329.0,64.4,4.8,72389.0,77.4,4.7
86,Alum Rock Union Elementary,2019,10260,-4.46927374301676,602310,Elementary,97365.0,64.0,5.7,74881.0,77.0,6.0
87,Alvord Unified,2015,19433,,602430,Unified,85102.0,61.1,7.6,68016.0,71.7,5.8
88,Alvord Unified,2016,19227,-1.0600524880358155,602430,Unified,87885.0,60.7,6.6,70711.0,71.0,6.2
89,Alvord Unified,2017,18977,-1.3002548499505904,602430,Unified,90383.0,61.4,7.2,71042.0,74.4,6.0
90,Alvord Unified,2018,18479,-2.624229330241872,602430,Unified,91610.0,64.0,4.0,74470.0,74.2,3.6
91,Alvord Unified,2019,18140,-1.8345148546999293,602430,Unified,95444.0,62.8,3.5,74961.0,76.0,3.2
92,Anaheim Elementary,2015,18840,,602610,Elementary,161041.0,65.7,6.6,130994.0,76.8,6.1
93,Anaheim Elementary,2016,18548,-1.5498938428874736,602610,Elementary,161824.0,63.9,5.5,131073.0,74.4,5.2
94,Anaheim Elementary,2017,17911,-3.434332542592193,602610,Elementary,159220.0,62.6,6.1,128711.0,72.6,5.3
95,Anaheim Elementary,2018,17332,-3.23265032661493,602610,Elementary,164380.0,66.4,4.1,131348.0,77.6,3.7
96,Anaheim Elementary,2019,16913,-2.4174936533579503,602610,Elementary,163233.0,67.7,3.9,133126.0,77.8,3.7
97,Anaheim Union High,2015,31253,,602630,Secondary,318548.0,62.2,6.1,249796.0,75.1,5.7
98,Anaheim Union High,2016,30938,-1.0079032412888362,602630,Secondary,319085.0,61.4,5.3,248541.0,74.0,5.0
99,Anaheim Union High,2017,30704,-0.7563514125024242,602630,Secondary,318227.0,60.9,5.3,246046.0,73.5,4.6
100,Anaheim Union High,2018,30270,-1.4134966128191766,602630,Secondary,319829.0,64.7,4.3,249958.0,76.9,4.0
101,Anaheim Union High,2019,29797,-1.5626032375289065,602630,Secondary,324683.0,64.9,4.0,255737.0,76.6,3.9
102,Antelope Valley Union High,2015,24094,,602820,Secondary,282958.0,48.7,9.4,221396.0,58.9,8.5
103,Antelope Valley Union High,2016,23872,-0.9213912177305552,602820,Secondary,287277.0,49.5,7.9,224249.0,59.5,7.4
104,Antelope Valley Union High,2017,22693,-4.938840482573727,602820,Secondary,289577.0,51.1,6.5,226691.0,61.3,6.3
105,Antelope Valley Union High,2018,22442,-1.1060679504693078,602820,Secondary,283465.0,50.9,6.9,213664.0,63.0,6.4
106,Antelope Valley Union High,2019,22532,0.4010337759557971,602820,Secondary,292413.0,52.0,6.4,223546.0,63.7,6.2
107,Antioch Unified,2015,17690,,602850,Unified,87714.0,57.3,7.5,69094.0,66.7,7.6
108,Antioch Unified,2016,17183,-2.866026003391746,602850,Unified,91087.0,59.1,6.4,70484.0,71.5,6.0
109,Antioch Unified,2017,17052,-0.762381423499971,602850,Unified,88802.0,58.3,9.3,68925.0,70.6,8.3
110,Antioch Unified,2018,17025,-0.1583391977480647,602850,Unified,87452.0,59.4,6.8,65814.0,70.8,6.9
111,Antioch Unified,2019,17008,-0.0998531571218796,602850,Unified,94744.0,57.3,9.3,71272.0,70.5,8.5
112,Azusa Unified,2015,8865,,603600,Unified,57942.0,56.9,9.2,46028.0,66.7,8.1
113,Azusa Unified,2016,8756,-1.2295544275239707,603600,Unified,56367.0,61.5,6.9,45050.0,72.0,5.6
114,Azusa Unified,2017,8253,-5.744632252169941,603600,Unified,58055.0,60.8,5.4,44380.0,73.2,5.2
115,Azusa Unified,2018,7979,-3.320004846722404,603600,Unified,56620.0,61.6,4.2,44974.0,71.9,3.6
116,Azusa Unified,2019,7701,-3.484145882942725,603600,Unified,55367.0,62.4,4.6,43669.0,73.2,4.1
117,Bakersfield City,2015,30222,,603630,Elementary,146865.0,54.3,13.7,113489.0,64.9,13.2
118,Bakersfield City,2016,30372,0.4963271788763153,603630,Elementary,135056.0,51.2,13.1,104300.0,60.8,12.6
119,Bakersfield City,2017,30699,1.0766495456341367,603630,Elementary,138323.0,50.9,12.2,105055.0,61.7,10.3
120,Bakersfield City,2018,30782,0.2703671129352747,603630,Elementary,140021.0,55.0,10.4,110388.0,63.9,10.5
121,Bakersfield City,2019,30793,0.0357351699044896,603630,Elementary,138160.0,52.8,8.5,105814.0,65.1,7.9
122,Baldwin Park Unified,2015,18346,,603690,Unified,59558.0,56.3,4.6,45306.0,68.1,4.8
123,Baldwin Park Unified,2016,17673,-3.668374577564592,603690,Unified,58339.0,61.9,4.9,46358.0,74.1,4.3
124,Baldwin Park Unified,2017,16625,-5.929949640694845,603690,Unified,61282.0,62.8,5.5,47925.0,75.7,5.5
125,Baldwin Park Unified,2018,15874,-4.5172932330827065,603690,Unified,61264.0,60.9,7.0,47919.0,73.3,6.4
126,Baldwin Park Unified,2019,15221,-4.113644954012851,603690,Unified,58703.0,60.7,6.4,45706.0,73.9,5.8
127,Beaumont Unified,2018,10715,4.089761025840295,604290,Unified,50539.0,56.1,3.4,34450.0,74.2,3.6
128,Beaumont Unified,2019,14696,37.1535230984601,604290,Unified,51789.0,50.6,8.6,33951.0,67.5,9.3
129,Bellflower Unified,2015,12663,,604440,Unified,65930.0,54.1,5.6,49513.0,68.2,4.4
130,Bellflower Unified,2016,12283,-3.0008686725104634,604440,Unified,63126.0,56.2,7.0,49141.0,67.9,6.5
131,Bellflower Unified,2017,11923,-2.930880078156802,604440,Unified,66270.0,63.0,5.8,51232.0,77.3,4.6
132,Bellflower Unified,2018,11659,-2.2142078335989264,604440,Unified,63419.0,64.8,7.6,51956.0,75.6,7.3
133,Bellflower Unified,2019,11347,-2.6760442576550303,604440,Unified,64737.0,62.1,4.5,48964.0,77.6,3.3
134,Berkeley Unified,2015,10437,,604740,Unified,107090.0,59.2,7.0,77909.0,71.3,6.6
135,Berkeley Unified,2016,10225,-2.0312350292229566,604740,Unified,106709.0,60.4,4.6,76616.0,73.7,3.8
136,Berkeley Unified,2017,10310,0.8312958435207823,604740,Unified,107304.0,58.7,5.5,77688.0,70.1,5.6
137,Berkeley Unified,2018,10154,-1.513094083414161,604740,Unified,109560.0,58.1,3.9,79537.0,69.6,3.6
138,Berkeley Unified,2019,9801,-3.4764624778412445,604740,Unified,109524.0,57.9,6.0,77229.0,72.7,5.3
139,Berryessa Union Elementary,2015,7446,,604800,Elementary,64015.0,60.1,6.7,50104.0,71.7,6.4
140,Berryessa Union Elementary,2016,7292,-2.06822455009401,604800,Elementary,68849.0,62.2,6.8,53950.0,74.4,6.6
141,Berryessa Union Elementary,2017,7097,-2.6741634668129457,604800,Elementary,66868.0,61.7,5.2,50046.0,76.9,5.0
142,Berryessa Union Elementary,2018,6982,-1.6204029871776808,604800,Elementary,70474.0,66.5,4.9,55776.0,77.9,4.7
143,Berryessa Union Elementary,2019,6836,-2.0910913778287026,604800,Elementary,72819.0,67.3,5.7,57164.0,80.0,5.5
144,Santa Maria-Bonita,2015,16584,,605580,Elementary,74714.0,64.4,6.5,58556.0,75.3,6.6
145,Santa Maria-Bonita,2016,16868,1.7124939700916546,605580,Elementary,78600.0,64.2,3.9,61660.0,76.7,3.6
146,Santa Maria-Bonita,2017,17122,1.5058098174057388,605580,Elementary,78914.0,63.3,4.6,62794.0,73.7,4.6
147,Santa Maria-Bonita,2018,16940,-1.062959934587081,605580,Elementary,74528.0,64.0,5.7,58123.0,74.2,6.2
148,Santa Maria-Bonita,2019,16959,0.1121605667060212,605580,Elementary,72870.0,62.9,5.2,55300.0,74.8,5.0
149,Brentwood Union Elementary,2017,9027,1.5296367112810707,605910,Elementary,,,,,,
150,Brentwood Union Elementary,2018,9165,1.5287470920571615,605910,Elementary,,,,,,
151,Brentwood Union Elementary,2019,9276,1.2111292962356792,605910,Elementary,,,,,,
152,Panama-Buena Vista Union,2015,17545,,606390,Elementary,94502.0,61.2,8.9,74443.0,70.5,8.8
153,Panama-Buena Vista Union,2016,17898,2.01196922200057,606390,Elementary,93404.0,60.2,7.0,73507.0,71.7,7.2
154,Panama-Buena Vista Union,2017,18248,1.9555257570678288,606390,Elementary,103262.0,58.4,6.5,79741.0,71.3,6.3
155,Panama-Buena Vista Union,2018,18621,2.0440596229723806,606390,Elementary,102582.0,59.0,6.6,78493.0,71.4,6.0
156,Panama-Buena Vista Union,2019,18714,0.4994361205091026,606390,Elementary,99085.0,58.7,6.1,76830.0,70.9,5.3
157,Burbank Unified,2015,16050,,606450,Unified,84504.0,62.0,6.4,64964.0,74.5,6.7
158,Burbank Unified,2016,16072,0.1370716510903427,606450,Unified,87626.0,58.4,7.3,63485.0,74.4,6.3
159,Burbank Unified,2017,15133,-5.84245893479343,606450,Unified,86929.0,66.3,6.3,68227.0,79.2,6.5
160,Burbank Unified,2018,15159,0.171809951761052,606450,Unified,87301.0,60.4,3.5,67592.0,73.0,3.7
161,Burbank Unified,2019,15139,-0.1319348241968467,606450,Unified,86657.0,61.9,6.3,64444.0,76.3,6.0
162,Cajon Valley Union,2015,16627,,606810,Elementary,136933.0,55.6,9.9,106100.0,67.5,9.0
163,Cajon Valley Union,2016,16906,1.6779936248270886,606810,Elementary,135574.0,55.8,8.8,103385.0,67.0,8.8
164,Cajon Valley Union,2017,17352,2.6381166449781146,606810,Elementary,133016.0,61.1,5.8,102113.0,73.0,5.5
165,Cajon Valley Union,2018,17445,0.5359612724757953,606810,Elementary,131438.0,58.2,5.3,99951.0,71.2,5.0
166,Cajon Valley Union,2019,17329,-0.6649469762109488,606810,Elementary,140589.0,58.8,6.4,104676.0,72.9,5.3
167,Campbell Union,2015,7595,,607200,Elementary,79062.0,67.8,3.7,63092.0,79.8,3.7
168,Campbell Union,2016,7460,-1.7774851876234363,607200,Elementary,84547.0,65.5,3.8,67719.0,78.0,3.9
169,Campbell Union,2017,7293,-2.2386058981233243,607200,Elementary,78809.0,69.0,2.4,63162.0,80.4,2.1
170,Campbell Union,2018,7263,-0.4113533525298231,607200,Elementary,76267.0,67.0,3.0,59668.0,80.4,2.9
171,Campbell Union,2019,6964,-4.116756161365827,607200,Elementary,76846.0,67.9,2.5,61827.0,80.5,2.4
172,Campbell Union High,2015,7649,,607230,Secondary,181836.0,66.1,4.5,143439.0,78.1,4.4
173,Campbell Union High,2016,7810,2.104850307229704,607230,Secondary,180987.0,65.6,3.1,144432.0,77.8,3.1
174,Campbell Union High,2017,8022,2.714468629961588,607230,Secondary,184603.0,67.7,3.2,145847.0,79.5,3.1
175,Campbell Union High,2018,8239,2.7050610820244327,607230,Secondary,183048.0,67.8,2.7,143076.0,80.4,2.8
176,Campbell Union High,2019,8378,1.6870979487801918,607230,Secondary,182855.0,66.5,3.0,144318.0,78.8,3.1
177,Capistrano Unified,2015,53824,,607440,Unified,294657.0,62.9,4.4,218508.0,75.8,4.3
178,Capistrano Unified,2016,53549,-0.5109244946492272,607440,Unified,283529.0,64.1,4.4,212178.0,77.1,4.0
179,Capistrano Unified,2017,53549,0.0,607440,Unified,291376.0,62.9,4.1,213455.0,77.6,4.0
180,Capistrano Unified,2018,53199,-0.6536069767876151,607440,Unified,292100.0,62.6,3.4,210036.0,77.6,3.0
181,Capistrano Unified,2019,52717,-0.90603206827196,607440,Unified,290024.0,61.7,4.3,208516.0,76.4,4.0
182,Carlsbad Unified,2015,11059,,607500,Unified,62401.0,59.2,5.7,44351.0,74.6,5.5
183,Carlsbad Unified,2016,11153,0.8499864363866534,607500,Unified,59274.0,61.9,5.1,44452.0,76.1,4.6
184,Carlsbad Unified,2017,11296,1.282166233300457,607500,Unified,63300.0,58.2,4.3,44438.0,75.6,3.1
185,Carlsbad Unified,2018,11395,0.8764164305949009,607500,Unified,,,,,,
186,Carlsbad Unified,2019,11449,0.4738920579201404,607500,Unified,64520.0,58.7,7.9,45672.0,76.8,7.4
187,Centinela Valley Union High,2015,7645,,607920,Secondary,128810.0,62.5,6.6,104873.0,72.7,6.0
188,Centinela Valley Union High,2016,7543,-1.3342053629823414,607920,Secondary,119432.0,65.0,5.6,97565.0,75.7,5.7
189,Centinela Valley Union High,2017,7472,-0.9412700517035664,607920,Secondary,118543.0,65.3,5.6,97457.0,75.4,5.1
190,Centinela Valley Union High,2018,7441,-0.4148822269807281,607920,Secondary,118235.0,69.9,4.4,98628.0,79.7,4.1
191,Centinela Valley Union High,2019,7553,1.505174035747883,607920,Secondary,114726.0,68.0,3.9,93421.0,78.5,3.3
192,Central Unified,2015,15713,,607970,Unified,57253.0,57.6,9.8,46212.0,68.3,9.1
193,Central Unified,2016,15764,0.3245720104372176,607970,Unified,61319.0,60.2,9.3,49564.0,70.4,9.1
194,Central Unified,2017,15887,0.7802588175589952,607970,Unified,54456.0,60.4,9.8,41489.0,73.1,7.8
195,Central Unified,2018,15873,-0.0881223641971423,607970,Unified,65222.0,60.1,9.8,50116.0,72.0,9.7
196,Central Unified,2019,15837,-0.2268002268002267,607970,Unified,66152.0,59.3,9.2,50531.0,72.8,6.4
197,Chaffey Joint Union High,2015,24286,,608160,Secondary,312044.0,62.4,7.0,251964.0,73.2,6.5
198,Chaffey Joint Union High,2016,23803,-1.988800131763156,608160,Secondary,325335.0,60.4,8.0,260795.0,70.3,7.3
199,Chaffey Joint Union High,2017,23871,0.2856782758475822,608160,Secondary,330347.0,62.6,5.9,262183.0,73.7,5.2
200,Chaffey Joint Union High,2018,23783,-0.3686481504754723,608160,Secondary,342018.0,63.3,5.0,269580.0,74.8,4.6
201,Chaffey Joint Union High,2019,23635,-0.622293234663415,608160,Secondary,338709.0,64.3,4.2,266457.0,75.7,4.0
202,Chico Unified,2015,13844,,608370,Unified,94506.0,56.6,10.2,70609.0,69.5,9.6
203,Chico Unified,2016,13968,0.8956948858711354,608370,Unified,92286.0,57.5,8.6,69494.0,70.9,7.8
204,Chico Unified,2017,14226,1.8470790378006876,608370,Unified,95641.0,59.8,6.1,69700.0,73.3,5.8
205,Chico Unified,2018,14356,0.9138197666244904,608370,Unified,95973.0,62.0,6.7,68646.0,77.0,5.7
206,Chico Unified,2019,14439,0.5781554750626915,608370,Unified,104602.0,59.3,6.4,74184.0,73.2,5.8
207,Chino Valley Unified,2015,29255,,608460,Unified,154311.0,54.9,7.5,125563.0,63.6,7.1
208,Chino Valley Unified,2016,28836,-1.4322338061869766,608460,Unified,155255.0,53.5,6.1,121643.0,63.8,5.4
209,Chino Valley Unified,2017,28141,-2.410181717297822,608460,Unified,155436.0,53.1,4.9,122762.0,62.7,4.6
210,Chino Valley Unified,2018,28063,-0.2771756511851035,608460,Unified,156659.0,59.5,4.1,126588.0,70.2,3.8
211,Chino Valley Unified,2019,28123,0.2138046538146313,608460,Unified,166654.0,61.2,2.4,131368.0,71.9,2.3
212,Chula Vista Elementary,2015,30215,,608610,Elementary,233241.0,57.8,7.4,181265.0,70.7,7.0
213,Chula Vista Elementary,2016,30044,-0.5659440675161344,608610,Elementary,241767.0,57.2,9.6,185621.0,69.9,8.5
214,Chula Vista Elementary,2017,30112,0.2263347090933298,608610,Elementary,245086.0,56.1,9.9,186727.0,70.3,7.9
215,Chula Vista Elementary,2018,30130,0.0597768331562168,608610,Elementary,244339.0,60.3,8.6,190808.0,72.7,8.0
216,Chula Vista Elementary,2019,30057,-0.242283438433455,608610,Elementary,253212.0,58.2,10.2,194207.0,70.4,9.1
217,Clovis Unified,2015,41869,,609030,Unified,160516.0,60.9,6.1,120630.0,74.5,5.4
218,Clovis Unified,2016,42727,2.0492488475960737,609030,Unified,159107.0,61.7,6.0,119885.0,74.5,6.0
219,Clovis Unified,2017,43085,0.8378776885809909,609030,Unified,164423.0,58.7,4.5,121113.0,73.1,3.5
220,Clovis Unified,2018,43214,0.2994081466867819,609030,Unified,168706.0,61.1,5.1,126100.0,74.8,4.9
221,Clovis Unified,2019,43628,0.9580228629610774,609030,Unified,169620.0,61.6,5.2,124425.0,76.1,5.1
222,Coachella Valley Unified,2015,18854,,609070,Unified,73890.0,53.6,13.2,57114.0,65.7,13.1
223,Coachella Valley Unified,2016,18719,-0.7160284289805876,609070,Unified,68438.0,55.5,10.8,52056.0,69.5,10.0
224,Coachella Valley Unified,2017,18372,-1.8537315027512156,609070,Unified,67426.0,52.9,16.7,52971.0,64.6,15.7
225,Coachella Valley Unified,2018,18013,-1.954060526888744,609070,Unified,66283.0,56.6,14.8,49802.0,71.9,14.4
226,Coachella Valley Unified,2019,17887,-0.6994948093043912,609070,Unified,,,,,,
227,Colton Joint Unified,2015,23219,,609390,Unified,84193.0,58.2,6.1,66111.0,70.3,5.6
228,Colton Joint Unified,2016,22710,-2.192170205435204,609390,Unified,91392.0,58.5,8.3,70531.0,70.7,8.0
229,Colton Joint Unified,2017,22497,-0.9379128137384412,609390,Unified,89037.0,57.7,5.5,71964.0,67.8,5.4
230,Colton Joint Unified,2018,21956,-2.404765079788416,609390,Unified,87167.0,58.3,7.4,65149.0,72.7,6.5
231,Colton Joint Unified,2019,21409,-2.49134632902168,609390,Unified,91151.0,57.9,4.0,71931.0,69.7,2.8
232,Compton Unified,2015,21835,,609620,Unified,121773.0,54.8,10.8,95759.0,65.4,9.9
233,Compton Unified,2016,23452,7.405541561712845,609620,Unified,120722.0,53.9,10.1,92366.0,65.2,9.1
234,Compton Unified,2017,23665,0.9082381033600546,609620,Unified,114688.0,53.9,8.1,92881.0,63.2,7.6
235,Compton Unified,2018,22956,-2.995985632791042,609620,Unified,116063.0,52.6,7.8,91468.0,63.1,7.3
236,Compton Unified,2019,23106,0.6534239414532148,609620,Unified,116144.0,56.8,8.8,89464.0,68.9,8.4
237,Corona-Norco Unified,2015,53313,,609850,Unified,212270.0,61.2,7.3,168976.0,72.6,6.1
238,Corona-Norco Unified,2016,53119,-0.3638887325792958,609850,Unified,221646.0,60.8,6.0,176423.0,71.7,5.5
239,Corona-Norco Unified,2017,53219,0.1882565560345639,609850,Unified,221791.0,61.9,5.0,173109.0,74.2,4.6
240,Corona-Norco Unified,2018,52877,-0.6426276329882185,609850,Unified,218108.0,61.9,3.2,171166.0,74.1,2.9
241,Corona-Norco Unified,2019,52447,-0.8132080110444995,609850,Unified,228325.0,63.1,3.9,183412.0,74.0,3.7
242,Covina-Valley Unified,2015,11906,,610050,Unified,61965.0,61.1,6.2,46541.0,76.0,5.5
243,Covina-Valley Unified,2016,11909,0.0251973794725348,610050,Unified,65755.0,63.3,4.9,49766.0,79.1,4.5
244,Covina-Valley Unified,2017,11833,-0.6381728104794694,610050,Unified,66030.0,59.9,7.3,49623.0,74.2,6.5
245,Covina-Valley Unified,2018,11684,-1.25919039972957,610050,Unified,62056.0,62.1,4.8,46466.0,76.6,4.4
246,Covina-Valley Unified,2019,11628,-0.4792879150975693,610050,Unified,57184.0,62.6,3.3,42055.0,79.2,3.1
247,Cupertino Union,2015,18939,,610290,Elementary,113387.0,60.2,5.5,87271.0,74.7,5.4
248,Cupertino Union,2016,18590,-1.8427583293732508,610290,Elementary,113102.0,60.0,3.7,85730.0,73.4,3.7
249,Cupertino Union,2017,18003,-3.157611619150081,610290,Elementary,118184.0,62.1,3.7,89246.0,76.8,3.8
250,Cupertino Union,2018,17351,-3.621618619119036,610290,Elementary,109484.0,60.7,2.6,82652.0,75.5,2.5
251,Cupertino Union,2019,16705,-3.723128349951012,610290,Elementary,111391.0,60.2,2.2,81455.0,76.6,2.3
252,Delano Joint Union High,2015,4205,,610860,Secondary,51275.0,47.9,14.7,40024.0,58.2,14.6
253,Delano Joint Union High,2016,4224,0.4518430439952438,610860,Secondary,51366.0,41.0,16.1,41758.0,47.6,16.0
254,Delano Joint Union High,2017,4314,2.130681818181818,610860,Secondary,53777.0,48.2,14.1,43607.0,55.6,13.8
255,Delano Joint Union High,2018,4219,-2.202132591562355,610860,Secondary,53770.0,44.8,10.9,43248.0,52.8,10.9
256,Delano Joint Union High,2019,4263,1.042901161412657,610860,Secondary,,,,,,
257,Desert Sands Unified,2015,28719,,611110,Unified,156969.0,52.0,7.4,96812.0,74.3,6.6
258,Desert Sands Unified,2016,28958,0.8322016783314182,611110,Unified,156428.0,48.5,7.2,97205.0,68.7,6.6
259,Desert Sands Unified,2017,28708,-0.863319290006216,611110,Unified,162618.0,48.9,7.2,102451.0,66.8,7.2
260,Desert Sands Unified,2018,28610,-0.3413682597185453,611110,Unified,166990.0,46.8,10.7,104703.0,67.2,10.4
261,Desert Sands Unified,2019,27962,-2.264942327857393,611110,Unified,160947.0,49.6,4.7,96234.0,72.7,5.0
262,Downey Unified,2015,22581,,611460,Unified,101456.0,60.3,5.3,79868.0,72.6,4.7
263,Downey Unified,2016,22219,-1.6031176652938313,611460,Unified,95735.0,64.3,5.7,74507.0,77.2,5.4
264,Downey Unified,2017,21888,-1.489716008821279,611460,Unified,97028.0,61.1,6.4,75937.0,73.5,6.0
265,Downey Unified,2018,21995,0.4888523391812865,611460,Unified,95139.0,63.1,4.8,73035.0,76.9,4.0
266,Downey Unified,2019,22043,0.2182314162309615,611460,Unified,94466.0,63.3,4.0,72103.0,75.6,3.7
267,East Side Union High,2015,26614,,611820,Secondary,438275.0,61.4,6.9,343685.0,73.6,6.4
268,East Side Union High,2016,26975,1.356428947170662,611820,Secondary,440448.0,63.6,6.2,344261.0,75.8,6.0
269,East Side Union High,2017,27208,0.8637627432808156,611820,Secondary,442231.0,64.1,4.7,343077.0,77.1,4.4
270,East Side Union High,2018,26517,-2.5396942075860043,611820,Secondary,442275.0,64.6,4.6,342995.0,77.4,4.4
271,East Side Union High,2019,26300,-0.8183429498057849,611820,Secondary,445625.0,65.7,4.5,342632.0,79.2,4.5
272,East Whittier City Elementary,2015,8830,,611850,Elementary,61301.0,59.7,6.3,47618.0,72.5,6.5
273,East Whittier City Elementary,2016,8768,-0.7021517553793885,611850,Elementary,56885.0,58.8,6.6,44785.0,70.0,6.1
274,East Whittier City Elementary,2017,8594,-1.9844890510948905,611850,Elementary,54905.0,60.5,2.9,40168.0,76.6,2.9
275,East Whittier City Elementary,2018,8509,-0.9890621363742146,611850,Elementary,66888.0,62.2,4.4,50632.0,76.6,4.1
276,East Whittier City Elementary,2019,8399,-1.2927488541544248,611850,Elementary,57575.0,61.6,3.1,44605.0,75.2,3.1
277,El Dorado Union High,2015,6674,,612070,Secondary,120392.0,52.9,8.5,84541.0,68.0,8.0
278,El Dorado Union High,2016,6630,-0.6592747977225052,612070,Secondary,115181.0,52.1,5.3,79678.0,67.9,5.2
279,El Dorado Union High,2017,6643,0.196078431372549,612070,Secondary,120006.0,51.6,3.5,82781.0,67.0,3.0
280,El Dorado Union High,2018,6715,1.083847659190125,612070,Secondary,119878.0,55.5,4.2,80322.0,72.7,4.6
281,El Dorado Union High,2019,6783,1.0126582278481011,612070,Secondary,118439.0,54.5,4.1,78822.0,73.4,4.3
282,El Monte City,2015,8709,,612090,Elementary,65451.0,51.2,5.6,49049.0,65.4,5.5
283,El Monte City,2016,8453,-2.9394878860948443,612090,Elementary,70873.0,54.5,5.4,52959.0,68.7,5.3
284,El Monte City,2017,8233,-2.602626286525494,612090,Elementary,66372.0,58.2,4.2,50133.0,72.6,3.9
285,El Monte City,2018,8002,-2.805781610591522,612090,Elementary,66604.0,55.9,7.0,49651.0,70.2,6.8
286,El Monte City,2019,7893,-1.3621594601349662,612090,Elementary,72475.0,58.1,4.9,53243.0,73.1,4.6
287,El Monte Union High,2015,9071,,612120,Secondary,144380.0,53.3,5.3,109561.0,67.3,5.2
288,El Monte Union High,2016,8986,-0.9370521441957887,612120,Secondary,136261.0,55.4,6.6,102987.0,69.0,6.3
289,El Monte Union High,2017,8838,-1.6470064544847542,612120,Secondary,142668.0,58.6,4.8,109896.0,71.6,4.4
290,El Monte Union High,2018,8607,-2.613713509843856,612120,Secondary,137294.0,57.1,7.9,103518.0,70.5,7.2
291,El Monte Union High,2019,8264,-3.985128383873592,612120,Secondary,142085.0,58.3,4.4,104678.0,74.0,4.3
292,Elk Grove Unified,2015,62533,,612330,Unified,260823.0,58.0,8.5,206221.0,69.7,7.9
293,Elk Grove Unified,2016,62825,0.4669534485791502,612330,Unified,259386.0,57.7,6.9,196546.0,71.2,6.7
294,Elk Grove Unified,2017,63050,0.3581376840429765,612330,Unified,265529.0,57.5,6.7,201790.0,70.2,6.4
295,Elk Grove Unified,2018,63682,1.0023790642347343,612330,Unified,259856.0,58.3,5.8,197971.0,71.6,5.3
296,Elk Grove Unified,2019,64223,0.8495336201752458,612330,Unified,271136.0,58.7,6.2,205736.0,72.2,5.5
297,Encinitas Union Elementary,2015,5316,,612750,Elementary,60436.0,58.6,4.6,42460.0,75.3,4.2
298,Encinitas Union Elementary,2016,5308,-0.1504890895410082,612750,Elementary,59827.0,64.0,3.0,43325.0,77.3,2.8
299,Encinitas Union Elementary,2017,5345,0.6970610399397137,612750,Elementary,60354.0,61.6,4.8,42390.0,77.1,4.4
300,Encinitas Union Elementary,2018,5276,-1.2909260991580918,612750,Elementary,58937.0,59.7,4.3,40434.0,78.3,4.4
301,Encinitas Union Elementary,2019,5341,1.2319939347990905,612750,Elementary,58080.0,60.4,4.0,39768.0,78.9,4.1
302,Escondido Union,2015,19067,,612880,Elementary,133637.0,60.1,7.8,103307.0,72.4,7.3
303,Escondido Union,2016,18965,-0.5349556825929617,612880,Elementary,132981.0,63.9,6.0,104710.0,74.7,5.8
304,Escondido Union,2017,18695,-1.4236751911415766,612880,Elementary,132222.0,63.4,3.7,101630.0,76.8,3.5
305,Escondido Union,2018,18473,-1.1874832843006151,612880,Elementary,137294.0,60.0,3.8,103118.0,72.8,3.4
306,Escondido Union,2019,18294,-0.9689817571590972,612880,Elementary,132709.0,59.0,3.6,97900.0,72.3,3.7
307,Escondido Union High,2015,9556,,612910,Secondary,136058.0,60.0,7.7,105037.0,72.4,7.2
308,Escondido Union High,2016,9571,0.1569694432817078,612910,Secondary,135411.0,63.6,5.9,106438.0,74.5,5.7
309,Escondido Union High,2017,9472,-1.034374673492843,612910,Secondary,134458.0,63.5,3.6,103064.0,76.9,3.5
310,Escondido Union High,2018,9498,0.2744932432432432,612910,Secondary,140370.0,59.9,3.8,105233.0,72.8,3.4
311,Escondido Union High,2019,9509,0.1158138555485365,612910,Secondary,135094.0,59.0,3.8,99648.0,72.4,3.8
312,Etiwanda Elementary,2015,13866,,612960,Elementary,65697.0,62.2,6.6,54492.0,71.9,5.8
313,Etiwanda Elementary,2016,13986,0.865426222414539,612960,Elementary,75447.0,61.3,4.9,61290.0,70.0,4.7
314,Etiwanda Elementary,2017,14102,0.8294008294008294,612960,Elementary,,,,,,
315,Etiwanda Elementary,2018,14081,-0.1489150475109913,612960,Elementary,77827.0,64.0,4.3,61950.0,75.4,4.4
316,Etiwanda Elementary,2019,14013,-0.4829202471415382,612960,Elementary,72988.0,66.0,2.7,57546.0,74.5,2.8
317,Evergreen Elementary,2015,12275,,613140,Elementary,85921.0,59.3,5.6,63444.0,75.0,5.0
318,Evergreen Elementary,2016,11793,-3.9266802443991855,613140,Elementary,80886.0,60.9,5.0,58157.0,77.2,4.5
319,Evergreen Elementary,2017,11383,-3.476638683965064,613140,Elementary,80846.0,61.6,6.4,61040.0,75.4,6.7
320,Evergreen Elementary,2018,10837,-4.796626548361592,613140,Elementary,81658.0,58.7,4.9,58146.0,75.0,4.8
321,Evergreen Elementary,2019,10426,-3.792562517301836,613140,Elementary,76122.0,62.0,3.8,55694.0,78.0,3.9
322,Fairfield-Suisun Unified,2015,21500,,613360,Unified,106568.0,58.5,9.8,83686.0,69.4,9.7
323,Fairfield-Suisun Unified,2016,21558,0.2697674418604651,613360,Unified,110540.0,59.7,6.3,83710.0,72.3,6.0
324,Fairfield-Suisun Unified,2017,21493,-0.3015121996474627,613360,Unified,109247.0,60.0,5.7,83333.0,72.2,4.1
325,Fairfield-Suisun Unified,2018,21365,-0.5955427348439026,613360,Unified,111862.0,63.3,3.7,85113.0,75.1,3.5
326,Fairfield-Suisun Unified,2019,21236,-0.6037912473671894,613360,Unified,110494.0,64.8,3.3,83173.0,78.3,3.1
327,Fallbrook Union Elementary,2016,5000,-0.9704892057833234,613500,Elementary,55142.0,40.5,2.1,39488.0,49.1,2.2
328,Fallbrook Union Elementary,2017,4861,-2.78,613500,Elementary,52559.0,38.2,6.3,37164.0,47.2,6.3
329,Fallbrook Union Elementary,2018,5043,3.744085579098951,613500,Elementary,54425.0,38.5,8.5,38799.0,48.1,8.1
330,Fallbrook Union High,2015,2311,,613530,Secondary,69577.0,40.5,4.7,50780.0,48.2,4.5
331,Fallbrook Union High,2016,2262,-2.120294244915621,613530,Secondary,57342.0,40.9,2.2,40993.0,49.9,2.2
332,Fallbrook Union High,2017,2161,-4.465075154730328,613530,Secondary,55054.0,39.0,6.0,38635.0,48.3,6.0
333,Fallbrook Union High,2018,2154,-0.3239241092086997,613530,Secondary,56224.0,38.9,8.5,40090.0,48.7,8.2
334,Folsom-Cordova Unified,2015,19819,,613890,Unified,100101.0,60.3,7.9,80184.0,70.0,7.3
335,Folsom-Cordova Unified,2016,20262,2.235228820828498,613890,Unified,101611.0,60.4,3.7,77591.0,73.2,3.2
336,Folsom-Cordova Unified,2017,20291,0.1431250616918369,613890,Unified,103934.0,60.3,5.6,81256.0,71.9,5.3
337,Folsom-Cordova Unified,2018,20544,1.246858213000838,613890,Unified,103618.0,57.8,4.3,79400.0,69.7,4.1
338,Folsom-Cordova Unified,2019,20546,0.0097352024922118,613890,Unified,106178.0,64.2,3.1,83258.0,75.5,3.0
339,Fontana Unified,2015,38693,,613920,Unified,139892.0,58.2,10.9,115150.0,67.2,10.5
340,Fontana Unified,2016,37979,-1.8452950146021243,613920,Unified,140553.0,61.4,7.7,114260.0,71.3,7.0
341,Fontana Unified,2017,37135,-2.222280734089892,613920,Unified,138080.0,60.4,8.3,112668.0,70.3,6.8
342,Fontana Unified,2018,36276,-2.313181634576545,613920,Unified,146479.0,62.8,5.9,119270.0,72.5,4.8
343,Fontana Unified,2019,36089,-0.5154923365310398,613920,Unified,136335.0,60.1,5.8,107115.0,70.4,5.7
344,Franklin-McKinley Elementary,2015,10656,,614370,Elementary,76489.0,62.9,7.9,61393.0,74.0,7.1
345,Franklin-McKinley Elementary,2016,10277,-3.556681681681681,614370,Elementary,76071.0,61.9,7.1,60335.0,72.2,7.1
346,Franklin-McKinley Elementary,2017,10072,-1.994745548311764,614370,Elementary,75516.0,63.6,3.1,57833.0,77.2,3.0
347,Franklin-McKinley Elementary,2018,9720,-3.494837172359015,614370,Elementary,70871.0,63.3,5.4,54795.0,75.2,4.4
348,Franklin-McKinley Elementary,2019,9227,-5.07201646090535,614370,Elementary,70381.0,63.6,4.7,53006.0,77.7,4.5
349,Fremont Unified,2015,34808,,614400,Unified,186798.0,62.4,3.8,149118.0,74.4,3.7
350,Fremont Unified,2016,35132,0.9308205010342452,614400,Unified,181200.0,64.3,3.2,144556.0,76.2,3.2
351,Fremont Unified,2017,35731,1.7049982921553,614400,Unified,184698.0,63.9,4.2,147085.0,76.0,4.2
352,Fremont Unified,2018,35495,-0.6604908902633567,614400,Unified,190200.0,65.3,3.3,150561.0,77.5,2.8
353,Fremont Unified,2019,35379,-0.3268065924778138,614400,Unified,192852.0,65.5,2.7,152334.0,78.3,2.7
354,Fremont Union High,2015,10700,,614430,Secondary,187026.0,63.8,5.2,148240.0,76.8,5.2
355,Fremont Union High,2016,10835,1.2616822429906542,614430,Secondary,189767.0,63.8,3.8,149282.0,76.2,3.7
356,Fremont Union High,2017,11095,2.3996308260267654,614430,Secondary,194169.0,65.2,3.8,152704.0,78.0,3.9
357,Fremont Union High,2018,10973,-1.099594411897251,614430,Secondary,184924.0,66.6,2.9,147521.0,79.5,2.8
358,Fremont Union High,2019,11032,0.5376834047206781,614430,Secondary,188172.0,65.4,2.2,146697.0,78.4,2.2
359,Fresno Unified,2015,73131,,614550,Unified,295616.0,52.0,11.8,227125.0,62.3,11.3
360,Fresno Unified,2016,72946,-0.2529706964214901,614550,Unified,291647.0,51.0,10.8,223516.0,61.3,10.8
361,Fresno Unified,2017,72963,0.0233049104817262,614550,Unified,299841.0,52.7,10.5,231004.0,63.6,9.4
362,Fresno Unified,2018,73223,0.3563449967791894,614550,Unified,291392.0,52.3,9.7,221989.0,63.2,8.7
363,Fresno Unified,2019,73106,-0.1597858596342679,614550,Unified,282604.0,53.4,8.6,215290.0,64.8,8.5
364,Fullerton Elementary,2015,13516,,614730,Elementary,98656.0,58.2,8.2,73662.0,72.0,6.8
365,Fullerton Elementary,2016,13358,-1.168984906777153,614730,Elementary,97765.0,60.9,6.7,74442.0,73.4,6.3
366,Fullerton Elementary,2017,13299,-0.4416828866596796,614730,Elementary,99770.0,60.3,6.7,75184.0,73.3,6.2
367,Fullerton Elementary,2018,13059,-1.8046469659372888,614730,Elementary,96656.0,62.7,5.7,74444.0,75.5,5.0
368,Fullerton Elementary,2019,12848,-1.6157439313883144,614730,Elementary,95960.0,63.0,4.9,72728.0,75.9,4.7
369,Fullerton Joint Union High,2015,14211,,614760,Secondary,203427.0,58.0,8.8,154974.0,71.1,7.7
370,Fullerton Joint Union High,2016,13965,-1.7310534093308,614760,Secondary,207526.0,60.3,7.0,158861.0,72.7,6.4
371,Fullerton Joint Union High,2017,13882,-0.594343000358038,614760,Secondary,209471.0,62.1,5.9,160835.0,74.9,5.2
372,Fullerton Joint Union High,2018,13678,-1.4695288863276186,614760,Secondary,203955.0,64.5,5.1,156844.0,77.9,4.7
373,Fullerton Joint Union High,2019,13603,-0.5483257786226057,614760,Secondary,208709.0,64.1,4.8,157979.0,78.0,4.2
374,Garden Grove Unified,2015,45220,,614880,Unified,229103.0,59.0,5.9,174641.0,72.2,5.8
375,Garden Grove Unified,2016,44195,-2.2666961521450686,614880,Unified,223189.0,59.8,5.5,171000.0,72.0,5.5
376,Garden Grove Unified,2017,43131,-2.407512162009277,614880,Unified,228393.0,60.6,4.0,173822.0,74.9,3.8
377,Garden Grove Unified,2018,42265,-2.007836590851128,614880,Unified,226392.0,61.1,4.2,173119.0,74.7,4.0
378,Garden Grove Unified,2019,41395,-2.0584407902519817,614880,Unified,217318.0,59.3,4.1,159306.0,74.1,4.1
379,Gilroy Unified,2016,11945,0.9209192294694154,615180,Unified,48827.0,66.9,5.6,37807.0,78.4,4.9
380,Gilroy Unified,2017,11821,-1.0380912515696945,615180,Unified,51275.0,63.7,4.7,38284.0,77.1,4.5
381,Gilroy Unified,2018,11641,-1.522713814398105,615180,Unified,,,,,,
382,Gilroy Unified,2019,11660,0.1632162185379262,615180,Unified,,,,,,
383,Glendale Unified,2015,26052,,615240,Unified,187147.0,57.6,8.0,144333.0,69.9,7.8
384,Glendale Unified,2016,26014,-0.1458621219100261,615240,Unified,184853.0,57.8,9.2,136224.0,72.7,8.7
385,Glendale Unified,2017,26012,-0.0076881679095871,615240,Unified,191511.0,56.5,5.2,142162.0,69.9,5.3
386,Glendale Unified,2018,25734,-1.0687375057665691,615240,Unified,189197.0,57.3,6.0,140891.0,72.2,5.1
387,Glendale Unified,2019,25468,-1.033651977928033,615240,Unified,183572.0,61.0,5.2,134936.0,77.1,4.9
388,Goleta Union Elementary,2015,3684,,615510,Elementary,71929.0,53.8,6.1,49726.0,65.1,4.9
389,Goleta Union Elementary,2016,3571,-3.0673181324647123,615510,Elementary,68733.0,57.1,9.5,47060.0,72.0,6.0
390,Goleta Union Elementary,2017,3541,-0.8401008120974517,615510,Elementary,71578.0,57.4,8.7,49158.0,69.6,8.0
391,Goleta Union Elementary,2018,3566,0.7060152499293985,615510,Elementary,68792.0,52.7,7.0,45873.0,68.8,5.4
392,Goleta Union Elementary,2019,3619,1.4862591138530568,615510,Elementary,73097.0,53.4,7.6,48325.0,68.0,5.0
393,Grossmont Union High,2015,21773,,616230,Secondary,383983.0,57.7,8.4,293754.0,70.6,7.6
394,Grossmont Union High,2016,21634,-0.6384053644421991,616230,Secondary,384432.0,58.0,7.4,293732.0,70.1,7.4
395,Grossmont Union High,2017,21414,-1.0169178145511697,616230,Secondary,382890.0,60.8,6.2,293720.0,72.6,5.9
396,Grossmont Union High,2018,21273,-0.658447744466237,616230,Secondary,384331.0,59.2,5.2,292878.0,71.9,5.0
397,Grossmont Union High,2019,21661,1.8239082404926432,616230,Secondary,391914.0,58.5,6.6,291009.0,72.7,5.8
398,Hacienda la Puente Unified,2015,19358,,616325,Unified,98681.0,55.7,7.2,73194.0,69.8,6.9
399,Hacienda la Puente Unified,2016,18874,-2.500258291145779,616325,Unified,94737.0,58.2,5.4,71864.0,72.1,5.0
400,Hacienda la Puente Unified,2017,18421,-2.4001271590547844,616325,Unified,100908.0,60.6,6.5,76812.0,73.7,6.0
401,Hacienda la Puente Unified,2018,18081,-1.8457195591987403,616325,Unified,96372.0,61.5,5.1,71112.0,76.6,4.9
402,Hacienda la Puente Unified,2019,17806,-1.5209335766827057,616325,Unified,94530.0,59.8,5.9,70102.0,73.6,5.4
403,Hanford Joint Union High,2015,3772,,616500,Secondary,52819.0,53.8,9.4,39334.0,66.0,9.2
404,Hanford Joint Union High,2016,3799,0.7158006362672322,616500,Secondary,54727.0,56.4,6.9,41566.0,67.9,7.1
405,Hanford Joint Union High,2017,3801,0.0526454330086864,616500,Secondary,54702.0,56.9,6.3,41835.0,70.4,5.8
406,Hanford Joint Union High,2018,3897,2.525651144435675,616500,Secondary,53567.0,59.7,5.3,41283.0,72.1,5.1
407,Hanford Joint Union High,2019,4015,3.0279702335129586,616500,Secondary,56856.0,52.5,8.5,43781.0,65.0,8.5
408,Hawthorne,2015,8686,,616680,Elementary,59646.0,61.2,8.0,48316.0,72.6,7.4
409,Hawthorne,2016,8564,-1.4045590605572185,616680,Elementary,57771.0,65.8,5.7,48383.0,75.8,5.7
410,Hawthorne,2017,8356,-2.4287716020551144,616680,Elementary,58978.0,64.9,5.5,48342.0,75.8,5.1
411,Hawthorne,2018,8029,-3.913355672570608,616680,Elementary,59129.0,71.5,3.0,49167.0,82.6,2.9
412,Hawthorne,2019,7920,-1.3575787769336156,616680,Elementary,,,,,,
413,Hayward Unified,2015,22763,,616740,Unified,142549.0,62.7,5.2,114919.0,74.1,5.0
414,Hayward Unified,2016,22847,0.3690199007160743,616740,Unified,147294.0,63.0,3.9,115459.0,75.3,4.0
415,Hayward Unified,2017,22667,-0.787849608263667,616740,Unified,147486.0,67.0,3.4,117373.0,80.2,3.2
416,Hayward Unified,2018,22313,-1.561741739092072,616740,Unified,145307.0,61.1,4.3,112847.0,73.6,4.1
417,Hayward Unified,2019,22228,-0.3809438443956438,616740,Unified,150212.0,66.0,3.6,117632.0,77.6,3.2
418,Hemet Unified,2015,21444,,616920,Unified,104700.0,41.2,16.1,71046.0,55.5,15.0
419,Hemet Unified,2016,21676,1.0818877075172544,616920,Unified,108666.0,41.3,13.6,71798.0,55.9,12.5
420,Hemet Unified,2017,21755,0.3644583871563019,616920,Unified,117234.0,45.8,11.2,79339.0,61.1,11.2
421,Hemet Unified,2018,21977,1.0204550678005055,616920,Unified,111506.0,48.3,7.0,73732.0,65.8,6.9
422,Hemet Unified,2019,22256,1.269509032169996,616920,Unified,116053.0,43.6,9.1,78776.0,60.3,7.7
423,Huntington Beach City Elementary,2015,7002,,618030,Elementary,73183.0,64.2,5.8,54652.0,76.9,5.3
424,Huntington Beach City Elementary,2016,7148,2.085118537560697,618030,Elementary,71164.0,63.1,2.4,51979.0,79.2,2.2
425,Huntington Beach City Elementary,2017,7067,-1.1331841074426414,618030,Elementary,66978.0,61.1,3.5,47513.0,77.1,3.3
426,Huntington Beach City Elementary,2018,6944,-1.740483939436819,618030,Elementary,70911.0,61.2,3.2,51451.0,77.8,2.8
427,Huntington Beach City Elementary,2019,6739,-2.952188940092166,618030,Elementary,67832.0,63.4,3.8,48012.0,79.3,3.9
428,Huntington Beach Union High,2015,16031,,618060,Secondary,266490.0,61.5,5.1,197930.0,75.8,4.8
429,Huntington Beach Union High,2016,16122,0.5676501777805502,618060,Secondary,269197.0,60.7,4.7,198561.0,76.0,4.4
430,Huntington Beach Union High,2017,16170,0.297729810197246,618060,Secondary,265794.0,61.2,4.3,191345.0,76.9,4.1
431,Huntington Beach Union High,2018,15943,-1.4038342609771182,618060,Secondary,266958.0,60.8,3.9,194212.0,77.4,3.7
432,Huntington Beach Union High,2019,15875,-0.4265194756319388,618060,Secondary,268457.0,62.0,4.8,194895.0,77.6,4.3
433,Inglewood Unified,2015,13065,,618390,Unified,91019.0,57.9,12.0,69215.0,70.9,11.5
434,Inglewood Unified,2016,12468,-4.569460390355913,618390,Unified,94086.0,59.6,8.8,73446.0,71.6,7.1
435,Inglewood Unified,2017,11927,-4.339108116778954,618390,Unified,90464.0,58.6,7.5,67518.0,71.9,7.0
436,Inglewood Unified,2018,11463,-3.890332858220844,618390,Unified,87998.0,64.6,6.5,68602.0,76.4,5.7
437,Inglewood Unified,2019,10949,-4.48399197417779,618390,Unified,89861.0,63.6,5.0,69805.0,75.9,4.8
438,Jefferson Elementary,2015,9482,,618870,Elementary,82337.0,64.3,7.8,66222.0,74.7,8.0
439,Jefferson Elementary,2016,9356,-1.328833579413626,618870,Elementary,78390.0,65.6,6.0,60117.0,78.3,6.4
440,Jefferson Elementary,2017,9142,-2.287302265925609,618870,Elementary,79874.0,66.5,4.0,62535.0,80.0,3.0
441,Jefferson Elementary,2018,9198,0.6125574272588056,618870,Elementary,81646.0,67.5,4.5,62647.0,81.7,4.4
442,Jefferson Elementary,2019,8969,-2.4896716677538597,618870,Elementary,78013.0,67.5,3.6,59214.0,84.3,3.5
443,Jefferson Union High,2015,4911,,618930,Secondary,131453.0,63.5,6.7,102078.0,75.4,7.0
444,Jefferson Union High,2016,4845,-1.3439218081857056,618930,Secondary,126478.0,66.6,5.0,96716.0,80.0,5.2
445,Jefferson Union High,2017,4851,0.1238390092879257,618930,Secondary,129603.0,66.8,3.9,99083.0,81.1,3.2
446,Jefferson Union High,2018,4769,-1.6903731189445474,618930,Secondary,129185.0,68.2,4.0,98429.0,82.5,3.9
447,Jefferson Union High,2019,4745,-0.5032501572656741,618930,Secondary,122050.0,66.0,3.1,90756.0,83.0,3.0
448,Jurupa Unified,2015,19219,,619260,Unified,77747.0,54.3,12.7,59608.0,66.3,11.1
449,Jurupa Unified,2016,19139,-0.4162547479057182,619260,Unified,80149.0,57.6,8.6,64172.0,68.7,8.1
450,Jurupa Unified,2017,19054,-0.4441193374784471,619260,Unified,78248.0,59.1,7.1,61139.0,69.9,5.6
451,Jurupa Unified,2018,19281,1.1913508974493543,619260,Unified,85953.0,56.2,9.9,65723.0,68.1,7.5
452,Jurupa Unified,2019,19024,-1.332918417094549,619260,Unified,79747.0,57.7,8.6,60349.0,71.3,6.4
453,Kern High,2015,38070,,619540,Secondary,467419.0,55.7,11.0,365741.0,66.3,10.5
454,Kern High,2016,38705,1.667980036774363,619540,Secondary,462944.0,55.1,10.4,361985.0,65.7,9.9
455,Kern High,2017,39520,2.105671101924816,619540,Secondary,470576.0,53.9,9.4,363674.0,65.2,8.2
456,Kern High,2018,40340,2.074898785425101,619540,Secondary,476721.0,55.4,9.2,369499.0,66.3,8.8
457,Kern High,2019,41150,2.007932573128409,619540,Secondary,468218.0,55.0,7.4,359791.0,66.9,6.7
458,La Mesa-Spring Valley,2015,12177,,620250,Elementary,114460.0,57.8,9.2,87755.0,70.8,8.6
459,La Mesa-Spring Valley,2016,12261,0.6898250800689825,620250,Elementary,110199.0,58.6,8.0,85135.0,71.7,8.2
460,La Mesa-Spring Valley,2017,12562,2.4549384226408937,620250,Elementary,113079.0,60.5,7.2,88240.0,71.9,6.9
461,La Mesa-Spring Valley,2018,12382,-1.4328928514567745,620250,Elementary,113134.0,61.5,4.0,86313.0,74.9,3.8
462,La Mesa-Spring Valley,2019,12044,-2.7297690195445,620250,Elementary,117638.0,60.6,7.3,88220.0,74.6,7.0
463,Lancaster Elementary,2015,15291,,620880,Elementary,83943.0,48.0,6.6,66688.0,56.8,6.3
464,Lancaster Elementary,2016,15213,-0.5101039827349422,620880,Elementary,92528.0,48.1,6.2,72556.0,56.5,6.2
465,Lancaster Elementary,2017,15210,-0.0197199763360284,620880,Elementary,83152.0,52.5,5.3,66332.0,61.6,4.9
466,Lancaster Elementary,2018,15253,0.2827087442472058,620880,Elementary,81690.0,48.4,9.2,62238.0,58.9,8.7
467,Lancaster Elementary,2019,15475,1.4554513866124696,620880,Elementary,88149.0,51.3,5.3,65729.0,65.1,4.8
468,Las Virgenes Unified,2015,11360,,621000,Unified,52022.0,58.7,5.1,37302.0,71.2,5.1
469,Las Virgenes Unified,2016,11536,1.5492957746478873,621000,Unified,53372.0,63.0,2.7,36980.0,78.8,2.1
470,Las Virgenes Unified,2017,11305,-2.00242718446602,621000,Unified,55670.0,62.0,4.6,39949.0,72.8,5.1
471,Las Virgenes Unified,2018,11115,-1.680672268907563,621000,Unified,54167.0,57.0,2.6,37755.0,68.9,2.8
472,Las Virgenes Unified,2019,10866,-2.2402159244264506,621000,Unified,53269.0,59.4,6.1,36680.0,75.0,4.9
473,Liberty Union High,2015,8170,,621600,Secondary,90355.0,57.0,7.4,66745.0,71.7,7.4
474,Liberty Union High,2016,8184,0.1713586291309669,621600,Secondary,93297.0,58.2,7.0,69858.0,71.6,5.7
475,Liberty Union High,2017,8205,0.2565982404692082,621600,Secondary,100287.0,61.5,5.5,75894.0,74.9,5.1
476,Liberty Union High,2018,8305,1.218769043266301,621600,Secondary,100223.0,60.7,4.7,70749.0,76.3,4.8
477,Liberty Union High,2019,8280,-0.3010234798314268,621600,Secondary,99440.0,63.0,2.9,72255.0,76.9,2.7
478,Livermore Valley Joint Unified,2015,14025,,622110,Unified,73297.0,69.0,2.1,58733.0,80.8,2.1
479,Livermore Valley Joint Unified,2016,13994,-0.2210338680926916,622110,Unified,77959.0,68.4,3.5,61438.0,81.6,3.1
480,Livermore Valley Joint Unified,2017,13746,-1.7721880806059738,622110,Unified,78126.0,67.8,2.2,60636.0,80.5,2.2
481,Livermore Valley Joint Unified,2018,13717,-0.210970464135021,622110,Unified,79290.0,67.3,4.2,61515.0,78.8,4.1
482,Livermore Valley Joint Unified,2019,13704,-0.0947729095283225,622110,Unified,72276.0,65.5,2.8,52393.0,81.2,2.3
483,Lodi Unified,2015,30327,,622230,Unified,130111.0,55.8,8.6,95711.0,69.8,7.1
484,Lodi Unified,2016,30730,1.3288488805354963,622230,Unified,130833.0,56.2,7.9,96014.0,69.7,7.3
485,Lodi Unified,2017,31329,1.949235274975594,622230,Unified,129047.0,56.9,7.4,96755.0,69.4,6.4
486,Lodi Unified,2018,31588,0.8267100769255322,622230,Unified,135023.0,54.9,7.2,98005.0,69.9,6.6
487,Lodi Unified,2019,31328,-0.8230973787514245,622230,Unified,134109.0,57.5,5.5,95779.0,74.1,4.5
488,Long Beach Unified,2015,77565,,622500,Unified,415182.0,59.7,5.9,327984.0,71.3,5.6
489,Long Beach Unified,2016,76194,-1.7675497969444982,622500,Unified,409425.0,62.1,6.6,325094.0,73.6,6.2
490,Long Beach Unified,2017,74407,-2.34532902853243,622500,Unified,415722.0,61.5,6.2,328709.0,72.7,5.6
491,Long Beach Unified,2018,72947,-1.9621809775961936,622500,Unified,420140.0,63.5,5.0,336450.0,74.7,4.5
492,Long Beach Unified,2019,71533,-1.938393628250648,622500,Unified,418514.0,63.9,5.0,327615.0,76.5,4.7
493,Los Angeles Unified,2015,634387,,622710,Unified,3812660.0,60.6,7.4,3020582.0,71.8,7.0
494,Los Angeles Unified,2016,628644,-0.9052833680387524,622710,Unified,3840920.0,61.0,6.9,3024387.0,72.5,6.4
495,Los Angeles Unified,2017,617915,-1.7066893185968528,622710,Unified,3872722.0,62.1,6.4,3045809.0,73.7,6.1
496,Los Angeles Unified,2018,605310,-2.039924585096656,622710,Unified,3877095.0,62.6,6.0,3033591.0,74.3,5.7
497,Los Angeles Unified,2019,594744,-1.7455518659860236,622710,Unified,3871485.0,63.3,5.3,3023252.0,75.4,4.9
498,Lucia Mar Unified,2015,10704,,623080,Unified,,,,,,
499,Lucia Mar Unified,2016,10647,-0.5325112107623318,623080,Unified,,,,,,
500,Lucia Mar Unified,2017,10549,-0.920447074293228,623080,Unified,,,,,,
501,Lucia Mar Unified,2018,10363,-1.7632003033462889,623080,Unified,66172.0,53.2,4.3,45286.0,69.4,3.7
502,Lucia Mar Unified,2019,10264,-0.9553218180063688,623080,Unified,,,,,,
503,Lynwood Unified,2015,14809,,623160,Unified,51561.0,59.2,9.3,41838.0,69.0,8.1
504,Lynwood Unified,2016,14467,-2.309406442028496,623160,Unified,51397.0,59.2,7.9,41345.0,71.8,6.2
505,Lynwood Unified,2017,14171,-2.0460358056265986,623160,Unified,50480.0,54.3,9.2,41624.0,63.5,8.9
506,Lynwood Unified,2018,13755,-2.935572648366382,623160,Unified,50502.0,57.5,7.2,41034.0,66.1,6.4
507,Lynwood Unified,2019,13208,-3.976735732460923,623160,Unified,50077.0,57.4,8.9,39942.0,68.5,8.1
508,Madera Unified,2015,20530,,623340,Unified,63141.0,61.3,5.6,48482.0,72.7,5.4
509,Madera Unified,2016,20779,1.212859230394545,623340,Unified,65575.0,52.6,12.6,50732.0,64.3,11.6
510,Madera Unified,2017,20953,0.8373838972039077,623340,Unified,67627.0,52.9,9.5,52309.0,65.4,8.6
511,Madera Unified,2018,21038,0.4056698324822221,623340,Unified,64764.0,55.8,13.5,49160.0,67.0,13.1
512,Madera Unified,2019,21145,0.5086034794181957,623340,Unified,65057.0,57.9,7.8,49502.0,70.5,6.4
513,Magnolia Elementary,2015,6418,,623430,Elementary,50077.0,62.9,3.4,39482.0,76.1,3.2
514,Magnolia Elementary,2016,6277,-2.1969460891243378,623430,Elementary,47539.0,59.4,6.1,38437.0,70.4,6.4
515,Magnolia Elementary,2017,6077,-3.186235462800701,623430,Elementary,52191.0,65.2,4.8,40800.0,77.9,3.9
516,Magnolia Elementary,2018,5851,-3.718940266578904,623430,Elementary,53245.0,61.2,5.2,40929.0,72.5,5.1
517,Magnolia Elementary,2019,5671,-3.076397197060331,623430,Elementary,50449.0,62.1,4.7,40263.0,72.4,4.6
518,Manteca Unified,2015,23169,,623610,Unified,97902.0,51.6,12.4,76769.0,62.6,11.7
519,Manteca Unified,2016,23406,1.022918554965687,623610,Unified,100477.0,54.4,10.1,79178.0,65.3,9.7
520,Manteca Unified,2017,23722,1.3500811757668971,623610,Unified,107162.0,53.0,6.7,81186.0,65.3,6.2
521,Manteca Unified,2018,23588,-0.5648764859623978,623610,Unified,113642.0,53.4,6.2,86106.0,65.3,5.7
522,Manteca Unified,2019,23814,0.9581142954044428,623610,Unified,111689.0,52.7,4.3,85009.0,64.6,3.8
523,Milpitas Unified,2015,10291,,624500,Unified,62154.0,59.5,5.1,49162.0,70.6,5.3
524,Milpitas Unified,2016,10257,-0.3303857739772616,624500,Unified,60932.0,63.6,3.0,49388.0,76.0,3.1
525,Milpitas Unified,2017,10315,0.5654674856195769,624500,Unified,60373.0,67.8,2.6,48533.0,79.0,2.6
526,Milpitas Unified,2018,10172,-1.3863305865244788,624500,Unified,63392.0,61.6,3.6,51171.0,71.7,3.6
527,Milpitas Unified,2019,10299,1.2485253637436098,624500,Unified,70877.0,67.0,4.5,55926.0,79.8,4.8
528,Menifee Union Elementary,2015,11219,,624540,Elementary,63752.0,50.9,8.3,45689.0,66.7,8.4
529,Menifee Union Elementary,2016,11667,3.9932257776985463,624540,Elementary,69912.0,51.3,7.5,47524.0,68.2,5.1
530,Menifee Union Elementary,2017,11664,-0.0257135510413988,624540,Elementary,77263.0,54.0,6.5,57799.0,67.0,6.5
531,Menifee Union Elementary,2018,11937,2.340534979423869,624540,Elementary,76751.0,49.7,9.1,54284.0,64.5,8.7
532,Menifee Union Elementary,2019,12366,3.5938678059814024,624540,Elementary,76415.0,53.4,7.8,53426.0,71.6,5.6
533,Merced City Elementary,2015,10882,,624600,Elementary,65989.0,43.1,16.9,49845.0,54.3,13.5
534,Merced City Elementary,2016,10900,0.1654107700790296,624600,Elementary,66490.0,50.2,14.9,50611.0,61.6,12.7
535,Merced City Elementary,2017,11072,1.5779816513761469,624600,Elementary,63823.0,47.0,11.8,48371.0,58.9,10.1
536,Merced City Elementary,2018,11002,-0.6322254335260116,624600,Elementary,69163.0,49.3,13.2,48913.0,62.0,10.9
537,Merced City Elementary,2019,11079,0.6998727504090165,624600,Elementary,68335.0,53.7,11.4,53401.0,64.7,10.3
538,Merced Union High,2015,10201,,624660,Secondary,130199.0,46.9,13.5,97556.0,58.4,11.1
539,Merced Union High,2016,10375,1.7057151259680423,624660,Secondary,130438.0,50.7,14.3,98805.0,62.3,12.7
540,Merced Union High,2017,10541,1.6,624660,Secondary,131635.0,50.3,11.9,100062.0,62.6,10.2
541,Merced Union High,2018,10523,-0.1707617873067071,624660,Secondary,133085.0,52.3,11.4,97474.0,65.2,9.4
542,Merced Union High,2019,10748,2.138173524660268,624660,Secondary,137172.0,57.4,9.6,106224.0,68.9,8.5
543,Montebello Unified,2015,28283,,625470,Unified,134547.0,56.6,8.3,104354.0,69.6,7.6
544,Montebello Unified,2016,27361,-3.259908779125269,625470,Unified,131472.0,55.6,8.0,98281.0,70.1,7.3
545,Montebello Unified,2017,26479,-3.22356639011732,625470,Unified,127892.0,58.6,5.7,95991.0,73.1,5.3
546,Montebello Unified,2018,25359,-4.22976698515805,625470,Unified,132736.0,59.9,6.0,100330.0,73.2,5.7
547,Montebello Unified,2019,24324,-4.081391222051343,625470,Unified,128252.0,58.7,5.7,95554.0,72.8,5.5
548,Monterey Peninsula Unified,2015,10633,,625530,Unified,73556.0,54.4,5.4,54411.0,67.1,4.9
549,Monterey Peninsula Unified,2016,10732,0.9310636697075144,625530,Unified,70994.0,56.4,3.9,52900.0,68.8,3.3
550,Monterey Peninsula Unified,2017,10682,-0.4658963846440551,625530,Unified,78949.0,59.0,5.8,59221.0,70.9,5.2
551,Monterey Peninsula Unified,2018,10658,-0.2246770267740123,625530,Unified,76673.0,60.6,4.6,57714.0,72.1,4.5
552,Monterey Peninsula Unified,2019,10486,-1.6138112216175644,625530,Unified,77250.0,59.1,4.1,55086.0,72.9,3.8
553,Moreno Valley Unified,2015,33869,,625800,Unified,132958.0,57.1,10.1,105380.0,68.0,8.7
554,Moreno Valley Unified,2016,33343,-1.55304260533231,625800,Unified,132313.0,58.4,10.0,108544.0,67.6,9.2
555,Moreno Valley Unified,2017,33078,-0.7947695168401164,625800,Unified,136119.0,58.6,9.0,108539.0,68.5,8.1
556,Moreno Valley Unified,2018,32725,-1.0671745571074431,625800,Unified,134418.0,58.3,8.4,107574.0,68.7,8.0
557,Moreno Valley Unified,2019,32255,-1.436210847975554,625800,Unified,138856.0,58.9,5.2,111338.0,69.9,4.5
558,Morgan Hill Unified,2015,9121,,625830,Unified,51775.0,60.1,4.7,38892.0,73.7,3.9
559,Morgan Hill Unified,2016,9133,0.1315645214340532,625830,Unified,52103.0,64.3,3.7,38197.0,78.0,3.8
560,Morgan Hill Unified,2017,9118,-0.164239570787255,625830,Unified,51030.0,66.5,4.0,40336.0,76.7,3.8
561,Morgan Hill Unified,2018,8929,-2.072822987497258,625830,Unified,52738.0,63.8,3.4,39327.0,78.1,3.5
562,Morgan Hill Unified,2019,9005,0.8511591443610707,625830,Unified,53160.0,62.8,4.2,39264.0,77.9,3.4
563,Morongo Unified,2015,10236,,625860,Unified,54244.0,37.4,11.1,40565.0,46.0,10.7
564,Morongo Unified,2016,8437,-17.575224697147323,625860,Unified,55966.0,40.9,11.1,42344.0,49.9,9.9
565,Morongo Unified,2017,8632,2.311248073959938,625860,Unified,57258.0,39.9,14.3,42469.0,49.5,13.7
566,Morongo Unified,2018,8614,-0.2085264133456904,625860,Unified,55846.0,39.4,9.9,38683.0,49.4,11.2
567,Morongo Unified,2019,8478,-1.5788251683306245,625860,Unified,54718.0,40.8,11.0,40476.0,49.0,9.4
568,Mountain View Whisman,2015,5079,,626280,Elementary,56070.0,73.9,3.4,47644.0,82.3,3.2
569,Mountain View Whisman,2016,5120,0.8072455207718056,626280,Elementary,55667.0,68.3,3.7,45838.0,79.3,3.6
570,Mountain View Whisman,2017,5124,0.078125,626280,Elementary,60789.0,72.9,3.0,50216.0,82.5,3.1
571,Mountain View Whisman,2018,5103,-0.4098360655737705,626280,Elementary,,,,,,
572,Mountain View Whisman,2019,5074,-0.5682931608857535,626280,Elementary,,,,,,
573,Mountain View-Los Altos Union High,2015,4015,,626310,Secondary,88266.0,69.8,3.1,71793.0,80.6,3.0
574,Mountain View-Los Altos Union High,2016,4084,1.7185554171855542,626310,Secondary,91555.0,64.4,3.8,71612.0,77.8,3.7
575,Mountain View-Los Altos Union High,2017,4285,4.921645445641528,626310,Secondary,95137.0,68.2,3.1,74359.0,80.7,3.2
576,Mountain View-Los Altos Union High,2018,4368,1.936989498249708,626310,Secondary,93496.0,67.2,2.7,74250.0,79.7,2.3
577,Mountain View-Los Altos Union High,2019,4521,3.5027472527472527,626310,Secondary,96912.0,67.0,2.9,75135.0,79.8,2.7
578,Mt. Diablo Unified,2015,31801,,626370,Unified,218842.0,62.2,6.8,169485.0,74.6,6.4
579,Mt. Diablo Unified,2016,31610,-0.6006100437093173,626370,Unified,217519.0,62.2,5.5,165185.0,75.8,5.1
580,Mt. Diablo Unified,2017,31135,-1.5026890224612466,626370,Unified,214482.0,62.6,4.4,163197.0,76.1,4.2
581,Mt. Diablo Unified,2018,30826,-0.9924522241850008,626370,Unified,226568.0,64.5,4.5,169750.0,78.5,4.6
582,Mt. Diablo Unified,2019,30750,-0.2465451242457665,626370,Unified,216354.0,65.3,3.2,162186.0,80.1,3.1
583,Napa Valley Unified,2015,18460,,626640,Unified,96454.0,62.2,4.7,71294.0,76.6,4.5
584,Napa Valley Unified,2016,18211,-1.3488624052004334,626640,Unified,98493.0,63.6,4.7,70514.0,79.3,4.7
585,Napa Valley Unified,2017,18078,-0.7303278238427324,626640,Unified,99594.0,63.6,4.3,72191.0,79.1,4.4
586,Napa Valley Unified,2018,17834,-1.3497068259763247,626640,Unified,96837.0,61.8,6.0,68794.0,78.0,5.5
587,Napa Valley Unified,2019,17647,-1.0485589323763598,626640,Unified,96795.0,60.5,3.2,68118.0,78.0,3.0
588,Nevada Joint Union High,2015,2905,,626880,Secondary,73806.0,45.6,9.0,47150.0,62.5,8.0
589,Nevada Joint Union High,2016,2838,-2.306368330464716,626880,Secondary,70796.0,45.4,5.8,43872.0,62.4,6.0
590,Nevada Joint Union High,2017,2785,-1.867512332628612,626880,Secondary,72890.0,52.2,3.9,44622.0,71.1,3.1
591,Nevada Joint Union High,2018,2763,-0.7899461400359067,626880,Secondary,70398.0,49.6,3.8,41843.0,69.7,3.2
592,Nevada Joint Union High,2019,2771,0.2895403546869345,626880,Secondary,74329.0,51.5,2.1,46552.0,71.1,2.4
593,New Haven Unified,2015,12150,,626910,Unified,66681.0,59.5,4.5,50857.0,72.8,4.5
594,New Haven Unified,2016,11873,-2.279835390946502,626910,Unified,67141.0,62.1,4.8,53327.0,74.4,4.9
595,New Haven Unified,2017,11595,-2.341446980544092,626910,Unified,67366.0,65.9,3.0,53173.0,79.4,2.6
596,New Haven Unified,2018,11260,-2.889176369124623,626910,Unified,67612.0,65.9,2.6,52633.0,78.9,2.4
597,New Haven Unified,2019,11024,-2.0959147424511544,626910,Unified,64728.0,63.3,2.4,48501.0,78.6,2.5
598,Newhall,2015,6650,,627180,Elementary,54760.0,59.3,6.5,40767.0,71.9,5.7
599,Newhall,2016,6705,0.8270676691729323,627180,Elementary,60408.0,60.4,7.8,43952.0,74.1,7.8
600,Newhall,2017,6535,-2.535421327367636,627180,Elementary,52613.0,63.3,4.1,38714.0,77.4,4.1
601,Newhall,2018,6535,0.0,627180,Elementary,59108.0,60.9,5.0,44752.0,73.3,5.0
602,Newhall,2019,6264,-4.1469013006886,627180,Elementary,57044.0,59.6,3.6,42078.0,74.6,3.4
603,Newport-Mesa Unified,2015,21726,,627240,Unified,168049.0,63.9,5.0,127204.0,77.2,4.9
604,Newport-Mesa Unified,2016,21566,-0.7364448126668508,627240,Unified,164625.0,65.9,3.1,126187.0,78.2,2.9
605,Newport-Mesa Unified,2017,21216,-1.6229249744968932,627240,Unified,164935.0,65.8,3.1,124231.0,79.4,2.7
606,Newport-Mesa Unified,2018,20625,-2.785633484162896,627240,Unified,164771.0,65.1,3.1,122875.0,78.7,2.4
607,Newport-Mesa Unified,2019,20150,-2.3030303030303028,627240,Unified,159703.0,67.0,4.3,121002.0,80.8,4.0
608,Norwalk-La Mirada Unified,2015,18687,,627690,Unified,101074.0,55.9,6.4,75781.0,69.4,5.5
609,Norwalk-La Mirada Unified,2016,18354,-1.781987477925831,627690,Unified,100237.0,55.8,6.7,75490.0,68.9,5.9
610,Norwalk-La Mirada Unified,2017,17867,-2.653372561839381,627690,Unified,101954.0,60.6,5.8,75937.0,75.4,5.6
611,Norwalk-La Mirada Unified,2018,17362,-2.8264398052275146,627690,Unified,100148.0,59.9,4.3,73945.0,75.1,3.9
612,Norwalk-La Mirada Unified,2019,16911,-2.597627001497523,627690,Unified,101467.0,59.4,6.3,74688.0,73.8,5.9
613,Novato Unified,2017,7829,-0.0510660028086301,627720,Unified,,,,,,
614,Novato Unified,2018,7658,-2.1841869970622048,627720,Unified,52713.0,63.1,2.4,35795.0,79.8,2.6
615,Novato Unified,2019,7793,1.7628623661530427,627720,Unified,53039.0,58.9,3.8,32806.0,76.6,3.3
616,Oak Grove Elementary,2015,10607,,627810,Elementary,84558.0,63.0,5.8,67959.0,73.5,6.0
617,Oak Grove Elementary,2016,10335,-2.564344300933346,627810,Elementary,86808.0,68.7,5.1,70407.0,79.4,5.0
618,Oak Grove Elementary,2017,10275,-0.5805515239477503,627810,Elementary,93620.0,67.9,5.1,76789.0,78.6,4.4
619,Oak Grove Elementary,2018,9852,-4.116788321167883,627810,Elementary,88969.0,67.9,3.7,71962.0,79.4,3.9
620,Oak Grove Elementary,2019,9725,-1.289078359723914,627810,Elementary,95966.0,68.6,2.8,75083.0,81.5,3.0
621,Oakland Unified,2015,48662,,628050,Unified,342395.0,63.5,7.0,275859.0,74.0,6.5
622,Oakland Unified,2016,49188,1.0809255682051704,628050,Unified,346209.0,64.4,6.3,276396.0,76.1,5.9
623,Oakland Unified,2017,49748,1.1384890623729365,628050,Unified,349738.0,64.3,6.8,277854.0,75.5,6.7
624,Oakland Unified,2018,49735,-0.0261317037870869,628050,Unified,355658.0,66.3,5.3,280797.0,78.4,5.1
625,Oakland Unified,2019,49461,-0.5509198753392982,628050,Unified,353106.0,65.3,4.3,277604.0,78.2,3.9
626,Ocean View,2015,8721,,628140,Elementary,78757.0,62.5,4.4,58620.0,77.2,4.0
627,Ocean View,2016,8461,-2.9813094828574704,628140,Elementary,82822.0,63.5,5.3,62155.0,77.4,5.3
628,Ocean View,2017,8257,-2.4110625221605013,628140,Elementary,86181.0,65.9,4.2,63981.0,80.4,3.9
629,Ocean View,2018,7976,-3.403173065277946,628140,Elementary,79657.0,65.9,3.8,60041.0,80.4,4.0
630,Ocean View,2019,7712,-3.309929789368105,628140,Elementary,86182.0,62.0,6.4,62230.0,77.4,5.2
631,Oceanside Unified,2015,21008,,628250,Unified,110376.0,58.0,7.2,85641.0,69.0,7.2
632,Oceanside Unified,2016,20614,-1.875476009139376,628250,Unified,112434.0,56.5,5.2,86482.0,68.3,4.9
633,Oceanside Unified,2017,20443,-0.8295333268652372,628250,Unified,115947.0,56.7,6.7,86172.0,67.4,7.1
634,Oceanside Unified,2018,19737,-3.4535048671917035,628250,Unified,110503.0,60.2,6.6,84480.0,71.5,5.9
635,Oceanside Unified,2019,19358,-1.9202513046562293,628250,Unified,107834.0,58.7,5.7,82799.0,69.2,5.3
636,Ontario-Montclair,2015,21919,,628470,Elementary,129456.0,61.1,6.8,104639.0,71.7,6.3
637,Ontario-Montclair,2016,21629,-1.3230530589899174,628470,Elementary,133468.0,58.0,10.1,108055.0,67.4,9.3
638,Ontario-Montclair,2017,21043,-2.709325442692681,628470,Elementary,140699.0,58.8,7.4,110245.0,70.2,6.8
639,Ontario-Montclair,2018,20541,-2.385591408069192,628470,Elementary,143249.0,63.3,6.1,113697.0,74.4,5.5
640,Ontario-Montclair,2019,20088,-2.205345406747481,628470,Elementary,141394.0,62.2,5.1,114053.0,72.8,4.8
641,Orange Unified,2015,28854,,628650,Unified,178990.0,61.4,6.6,137376.0,73.1,6.1
642,Orange Unified,2016,28474,-1.3169751161017536,628650,Unified,180915.0,63.6,4.9,137228.0,75.0,4.7
643,Orange Unified,2017,27875,-2.103673526726136,628650,Unified,181879.0,63.4,2.8,140268.0,75.4,2.7
644,Orange Unified,2018,27437,-1.571300448430493,628650,Unified,184296.0,62.1,3.8,140898.0,74.5,3.1
645,Orange Unified,2019,27193,-0.889310055764114,628650,Unified,181747.0,62.8,3.2,135170.0,76.3,3.0
646,Pajaro Valley Unified,2015,20354,,629490,Unified,88015.0,57.1,7.0,67267.0,68.0,6.8
647,Pajaro Valley Unified,2016,20400,0.2259998034784317,629490,Unified,96071.0,62.0,6.6,73179.0,74.1,5.8
648,Pajaro Valley Unified,2017,20279,-0.5931372549019608,629490,Unified,86879.0,60.6,6.9,64422.0,73.7,7.3
649,Pajaro Valley Unified,2018,20096,-0.9024113615069776,629490,Unified,88470.0,59.5,10.6,65635.0,71.4,10.1
650,Pajaro Valley Unified,2019,19751,-1.7167595541401277,629490,Unified,88116.0,61.4,5.4,62620.0,76.0,5.5
651,Palm Springs Unified,2015,23346,,629550,Unified,140854.0,47.1,9.2,94372.0,62.3,8.4
652,Palm Springs Unified,2016,23079,-1.1436648676432797,629550,Unified,141103.0,49.1,8.5,91385.0,66.9,8.6
653,Palm Springs Unified,2017,23097,0.0779929806317431,629550,Unified,142411.0,47.5,7.7,92873.0,63.2,8.0
654,Palm Springs Unified,2018,22686,-1.7794518768671257,629550,Unified,149537.0,48.4,6.4,99166.0,65.1,5.9
655,Palm Springs Unified,2019,22433,-1.115225249052279,629550,Unified,147306.0,49.7,6.2,95442.0,68.0,5.6
656,Palmdale Elementary,2015,22006,,629580,Elementary,97970.0,50.0,11.8,77561.0,60.7,10.4
657,Palmdale Elementary,2016,22412,1.84495137689721,629580,Elementary,95250.0,51.1,9.3,74986.0,61.4,8.5
658,Palmdale Elementary,2017,22777,1.6285918258076029,629580,Elementary,97533.0,52.0,8.2,76230.0,63.0,8.2
659,Palmdale Elementary,2018,22465,-1.3698028713175572,629580,Elementary,96833.0,55.1,7.5,73295.0,68.2,6.6
660,Palmdale Elementary,2019,22166,-1.3309592699755175,629580,Elementary,96878.0,56.7,8.3,78286.0,66.3,8.3
661,Palo Alto Unified,2015,12450,,629610,Unified,70824.0,56.4,3.1,49475.0,73.3,2.5
662,Palo Alto Unified,2016,12245,-1.6465863453815262,629610,Unified,71982.0,54.8,4.4,48024.0,71.3,4.0
663,Palo Alto Unified,2017,12221,-0.1959983666802776,629610,Unified,69606.0,58.8,4.1,48707.0,74.1,4.0
664,Palo Alto Unified,2018,11949,-2.225677113165862,629610,Unified,72010.0,56.4,3.9,49874.0,71.5,3.6
665,Palo Alto Unified,2019,11703,-2.0587496861662067,629610,Unified,70348.0,57.9,1.9,48055.0,72.8,1.5
666,Paramount Unified,2015,15491,,629850,Unified,60044.0,61.4,5.6,47621.0,73.3,4.6
667,Paramount Unified,2016,15367,-0.8004647860047769,629850,Unified,58794.0,59.9,6.9,46193.0,72.3,5.5
668,Paramount Unified,2017,15172,-1.2689529511290427,629850,Unified,59748.0,59.4,5.6,48201.0,70.7,4.9
669,Paramount Unified,2018,14837,-2.2080147640390195,629850,Unified,59163.0,63.6,7.0,48197.0,74.3,5.5
670,Paramount Unified,2019,14291,-3.679989216148817,629850,Unified,59830.0,60.3,5.0,47665.0,70.3,4.4
671,Pasadena Unified,2015,18377,,629940,Unified,176499.0,63.2,6.3,133429.0,76.6,5.9
672,Pasadena Unified,2016,18300,-0.419002013386298,629940,Unified,176299.0,61.1,4.7,133896.0,74.3,4.5
673,Pasadena Unified,2017,18062,-1.3005464480874318,629940,Unified,178257.0,62.5,4.2,135407.0,76.4,4.2
674,Pasadena Unified,2018,17588,-2.624294098106522,629940,Unified,167020.0,62.3,3.3,124157.0,76.1,3.3
675,Pasadena Unified,2019,17266,-1.8307937229929496,629940,Unified,175063.0,63.8,3.6,133400.0,77.1,3.2
676,Perris Union High,2015,10717,,630210,Secondary,133788.0,51.1,10.4,100712.0,63.5,10.1
677,Placentia-Yorba Linda Unified,2015,25812,,630660,Unified,136253.0,64.5,5.0,104677.0,78.1,4.8
678,Placentia-Yorba Linda Unified,2016,25783,-0.1123508445684178,630660,Unified,127616.0,63.4,4.7,94078.0,77.4,4.7
679,Placentia-Yorba Linda Unified,2017,25725,-0.2249544273358414,630660,Unified,137438.0,65.2,3.9,105041.0,78.4,3.2
680,Placentia-Yorba Linda Unified,2018,25459,-1.034013605442177,630660,Unified,129581.0,63.3,3.8,95286.0,78.0,3.5
681,Placentia-Yorba Linda Unified,2019,25145,-1.2333555913429437,630660,Unified,131686.0,64.9,3.4,98726.0,79.8,3.2
682,Placer Union High,2015,4101,,630750,Secondary,72851.0,51.9,7.6,50043.0,68.2,6.8
683,Placer Union High,2016,4069,-0.7802974884174592,630750,Secondary,79028.0,54.6,5.0,54876.0,70.8,5.1
684,Placer Union High,2017,4032,-0.9093143278446794,630750,Secondary,79894.0,52.7,4.9,53397.0,70.7,3.8
685,Placer Union High,2018,3998,-0.8432539682539683,630750,Secondary,74234.0,49.0,3.5,46503.0,68.7,3.3
686,Placer Union High,2019,3988,-0.2501250625312656,630750,Secondary,79908.0,59.1,1.8,54681.0,75.7,1.6
687,Pomona Unified,2015,24654,,631320,Unified,133502.0,55.2,10.1,102256.0,67.2,8.8
688,Pomona Unified,2016,24260,-1.5981179524620752,631320,Unified,131721.0,61.2,8.3,104562.0,71.6,7.3
689,Pomona Unified,2017,23673,-2.41962077493817,631320,Unified,135423.0,58.3,5.9,103628.0,71.2,5.0
690,Pomona Unified,2018,23117,-2.3486672580577026,631320,Unified,132176.0,59.2,6.1,100595.0,72.1,5.0
691,Pomona Unified,2019,22632,-2.098023099883203,631320,Unified,135758.0,60.2,4.8,100226.0,74.8,3.7
692,Poway Unified,2015,35698,,631530,Unified,149201.0,61.8,4.4,111825.0,77.0,3.9
693,Poway Unified,2016,35885,0.5238388705249594,631530,Unified,156916.0,62.2,5.2,119512.0,76.0,5.0
694,Poway Unified,2017,36433,1.5271004598021458,631530,Unified,167116.0,64.1,4.9,126145.0,78.5,4.2
695,Poway Unified,2018,36361,-0.1976230340625257,631530,Unified,159226.0,60.5,4.3,119595.0,74.4,3.9
696,Poway Unified,2019,36497,0.37402711696598,631530,Unified,158642.0,64.0,6.1,120511.0,77.1,5.8
697,Redlands Unified,2015,21068,,632070,Unified,100468.0,55.2,6.7,74977.0,68.3,6.5
698,Redlands Unified,2016,21181,0.5363584583254225,632070,Unified,103943.0,54.1,6.5,77200.0,65.6,6.4
699,Redlands Unified,2017,21083,-0.4626788159199282,632070,Unified,103940.0,56.1,4.8,77803.0,69.7,4.6
700,Redlands Unified,2018,21052,-0.1470378978323768,632070,Unified,106110.0,60.1,5.8,78670.0,73.4,5.4
701,Redlands Unified,2019,20841,-1.002280068402052,632070,Unified,103753.0,56.9,6.0,73833.0,73.7,5.2
702,Redwood City Elementary,2015,9085,,632130,Elementary,78634.0,64.3,4.1,61606.0,76.1,4.2
703,Redwood City Elementary,2016,8964,-1.3318657127132636,632130,Elementary,85170.0,68.8,2.4,69133.0,79.0,2.0
704,Redwood City Elementary,2017,8789,-1.9522534582775548,632130,Elementary,85891.0,69.9,1.9,67599.0,81.6,1.6
705,Redwood City Elementary,2018,8712,-0.8760951188986232,632130,Elementary,86791.0,69.1,3.6,67143.0,79.6,3.5
706,Redwood City Elementary,2019,8492,-2.525252525252525,632130,Elementary,80657.0,68.0,2.6,62456.0,81.3,2.7
707,Rialto Unified,2015,25965,,632370,Unified,94560.0,55.9,10.3,73722.0,66.6,9.9
708,Rialto Unified,2016,25662,-1.1669555170421722,632370,Unified,91027.0,56.3,10.9,70429.0,67.9,10.0
709,Rialto Unified,2017,25454,-0.8105369807497468,632370,Unified,89999.0,58.4,10.6,72637.0,68.7,9.4
710,Rialto Unified,2018,25045,-1.6068201461459888,632370,Unified,96628.0,55.7,10.9,74008.0,67.7,10.2
711,Rialto Unified,2019,25167,0.4871231782790976,632370,Unified,96402.0,58.8,8.8,74922.0,70.3,8.3
712,West Contra Costa Unified,2015,30587,,632550,Unified,207525.0,61.0,6.3,158424.0,74.0,5.8
713,West Contra Costa Unified,2016,30834,0.8075326118939418,632550,Unified,204805.0,60.6,7.4,158794.0,73.2,7.1
714,West Contra Costa Unified,2017,31132,0.9664655899331906,632550,Unified,210831.0,61.5,5.4,162690.0,74.8,4.9
715,West Contra Costa Unified,2018,31188,0.1798792239496338,632550,Unified,207033.0,65.7,4.8,159587.0,77.9,4.2
716,West Contra Costa Unified,2019,31563,1.202385532897268,632550,Unified,205097.0,64.0,3.0,155464.0,77.7,2.7
717,Riverside Unified,2015,42387,,633150,Unified,204819.0,58.0,7.8,160505.0,70.4,7.0
718,Riverside Unified,2016,42694,0.7242786703470404,633150,Unified,209298.0,55.6,8.8,159425.0,67.0,7.9
719,Riverside Unified,2017,42364,-0.7729423338173982,633150,Unified,211177.0,58.8,6.6,162503.0,71.1,6.0
720,Riverside Unified,2018,42107,-0.6066471532433197,633150,Unified,215142.0,59.4,5.5,163204.0,72.9,4.6
721,Riverside Unified,2019,41569,-1.2776972949865817,633150,Unified,215389.0,59.6,4.8,163980.0,71.6,4.4
722,Roseville City Elementary,2015,10071,,633600,Elementary,73836.0,58.5,5.9,55690.0,73.2,5.9
723,Roseville City Elementary,2016,10536,4.617217753946976,633600,Elementary,75263.0,58.1,5.1,55151.0,73.3,4.6
724,Roseville City Elementary,2017,10831,2.7999240698557326,633600,Elementary,76749.0,59.1,3.5,54878.0,75.3,3.3
725,Roseville City Elementary,2018,11328,4.588680638906841,633600,Elementary,79674.0,60.8,4.4,58505.0,76.8,3.7
726,Roseville City Elementary,2019,11473,1.2800141242937852,633600,Elementary,82014.0,63.8,3.1,59313.0,81.5,2.7
727,Roseville Joint Union High,2015,10200,,633630,Secondary,144527.0,57.8,5.9,106930.0,73.7,5.5
728,Roseville Joint Union High,2016,10204,0.0392156862745098,633630,Secondary,145536.0,58.8,5.0,104631.0,75.2,4.1
729,Roseville Joint Union High,2017,10282,0.764406115248922,633630,Secondary,143587.0,60.3,4.2,105059.0,75.5,3.4
730,Roseville Joint Union High,2018,10290,0.0778058743435129,633630,Secondary,153707.0,61.5,3.5,111513.0,78.6,2.9
731,Roseville Joint Union High,2019,11932,15.957240038872692,633630,Secondary,146915.0,62.5,3.2,106923.0,79.1,2.7
732,Rowland Unified,2015,14590,,633750,Unified,94816.0,57.5,6.8,71157.0,70.6,6.4
733,Rowland Unified,2016,14261,-2.25496915695682,633750,Unified,90610.0,58.0,4.8,68953.0,71.1,4.9
734,Rowland Unified,2017,14121,-0.981698338124956,633750,Unified,91495.0,56.4,5.7,66919.0,73.1,5.0
735,Rowland Unified,2018,13938,-1.2959422137242405,633750,Unified,92520.0,61.1,5.5,68136.0,76.0,5.7
736,Rowland Unified,2019,13843,-0.6815898981202468,633750,Unified,87017.0,60.3,6.8,63374.0,73.7,6.5
737,Sacramento City Unified,2015,46529,,633840,Unified,262547.0,55.6,8.3,198406.0,69.3,7.5
738,Sacramento City Unified,2016,46482,-0.1010122719164392,633840,Unified,274142.0,57.1,8.0,209849.0,69.6,7.9
739,Sacramento City Unified,2017,46249,-0.5012693085495461,633840,Unified,272637.0,58.1,8.0,211091.0,70.6,7.7
740,Sacramento City Unified,2018,46623,0.8086661333218016,633840,Unified,272427.0,58.3,7.0,204546.0,72.9,6.4
741,Sacramento City Unified,2019,46338,-0.6112862750144779,633840,Unified,274468.0,60.0,6.2,205929.0,75.1,5.5
742,Saddleback Valley Unified,2015,28676,,633860,Unified,178359.0,63.3,4.1,129800.0,78.6,3.9
743,Saddleback Valley Unified,2016,27777,-3.1350258055516806,633860,Unified,185227.0,64.8,3.6,134615.0,80.7,3.2
744,Saddleback Valley Unified,2017,27349,-1.540843143608021,633860,Unified,177509.0,63.2,4.5,130357.0,76.8,4.2
745,Saddleback Valley Unified,2018,26717,-2.3108705985593625,633860,Unified,188568.0,62.5,4.0,130056.0,81.2,3.8
746,Saddleback Valley Unified,2019,26275,-1.654377362727851,633860,Unified,183097.0,63.5,2.9,126824.0,81.4,2.8
747,Salinas City Elementary,2015,9105,,633930,Elementary,61449.0,56.4,8.2,47089.0,69.0,7.1
748,Salinas City Elementary,2016,9023,-0.900604063701263,633930,Elementary,57700.0,62.1,4.5,45468.0,72.9,4.4
749,Salinas City Elementary,2017,8844,-1.9838191288928293,633930,Elementary,63857.0,61.8,4.6,49905.0,73.7,4.4
750,Salinas City Elementary,2018,8689,-1.752600633197648,633930,Elementary,60096.0,59.3,5.5,46128.0,70.9,6.0
751,Salinas City Elementary,2019,8566,-1.415582920934515,633930,Elementary,56443.0,61.6,5.2,44142.0,73.1,5.2
752,Salinas Union High,2015,14691,,633980,Secondary,129558.0,59.2,6.5,101723.0,70.3,5.7
753,Salinas Union High,2016,15040,2.375604111360697,633980,Secondary,134139.0,62.3,3.5,105340.0,73.4,3.4
754,Salinas Union High,2017,15631,3.929521276595745,633980,Secondary,128304.0,60.6,4.6,99927.0,72.5,4.6
755,Salinas Union High,2018,15818,1.1963406052076002,633980,Secondary,136318.0,60.4,5.1,104807.0,71.3,5.3
756,Salinas Union High,2019,16250,2.7310658743203944,633980,Secondary,129762.0,61.2,4.0,101943.0,72.3,4.0
757,San Bernardino City Unified,2015,53092,,634170,Unified,203973.0,52.1,11.4,162972.0,61.3,9.8
758,San Bernardino City Unified,2016,52971,-0.2279062758984404,634170,Unified,188168.0,51.3,11.4,149504.0,60.3,10.4
759,San Bernardino City Unified,2017,52844,-0.2397538275660267,634170,Unified,210805.0,50.2,11.6,167368.0,60.2,10.8
760,San Bernardino City Unified,2018,52606,-0.4503822572099008,634170,Unified,200460.0,54.2,9.1,159582.0,64.2,8.6
761,San Bernardino City Unified,2019,52868,0.4980420484355397,634170,Unified,202719.0,57.5,5.8,159290.0,66.5,5.4
762,San Diego Unified,2015,128608,,634320,Unified,897205.0,60.9,6.8,719053.0,70.9,6.3
763,San Diego Unified,2016,127257,-1.0504789748693706,634320,Unified,913140.0,60.8,5.8,722804.0,71.7,5.4
764,San Diego Unified,2017,125721,-1.2070062943492303,634320,Unified,918353.0,61.7,6.0,728186.0,73.2,5.5
765,San Diego Unified,2018,123444,-1.8111532679504616,634320,Unified,923766.0,62.2,5.0,726308.0,74.1,4.7
766,San Diego Unified,2019,122274,-0.94779819189268,634320,Unified,926963.0,62.8,4.8,724749.0,74.7,4.5
767,San Dieguito Union High,2015,12676,,634380,Secondary,146514.0,59.5,4.7,106652.0,73.8,3.8
768,San Dieguito Union High,2016,12903,1.7907857368254971,634380,Secondary,140164.0,62.5,3.4,100848.0,76.8,3.3
769,San Dieguito Union High,2017,13022,0.922266139657444,634380,Secondary,138888.0,62.6,3.8,101765.0,77.9,3.4
770,San Dieguito Union High,2018,13099,0.5913070188911074,634380,Secondary,137213.0,58.9,5.5,97495.0,74.1,5.6
771,San Dieguito Union High,2019,13141,0.3206351629895412,634380,Secondary,139036.0,62.0,3.2,97916.0,77.8,2.9
772,San Francisco Unified,2015,58445,,634410,Unified,760939.0,66.5,5.1,608133.0,78.5,4.9
773,San Francisco Unified,2016,59778,2.280776798699632,634410,Unified,763084.0,67.0,4.5,609870.0,79.4,4.4
774,San Francisco Unified,2017,59944,0.277694134966041,634410,Unified,777887.0,68.7,3.8,615581.0,81.2,3.5
775,San Francisco Unified,2018,60309,0.6089016415320966,634410,Unified,776750.0,69.1,3.7,610916.0,82.4,3.3
776,San Francisco Unified,2019,60970,1.096022152580875,634410,Unified,774619.0,69.6,3.7,607791.0,83.1,3.4
777,San Jose Unified,2015,32377,,634590,Unified,220652.0,64.9,5.4,174675.0,76.5,5.0
778,San Jose Unified,2016,31928,-1.3867869166383544,634590,Unified,220286.0,64.5,5.0,174843.0,75.4,4.9
779,San Jose Unified,2017,31660,-0.839388624404911,634590,Unified,222431.0,65.1,5.0,173964.0,76.7,5.0
780,San Jose Unified,2018,31042,-1.9519898926089705,634590,Unified,229612.0,65.6,4.2,178013.0,79.0,3.6
781,San Jose Unified,2019,30083,-3.0893627987887378,634590,Unified,216256.0,65.7,2.6,165428.0,78.9,2.3
782,San Juan Unified,2015,49459,,634620,Unified,272754.0,54.5,9.7,195378.0,69.1,9.0
783,San Juan Unified,2016,49177,-0.5701692310802887,634620,Unified,275367.0,57.2,6.6,202595.0,70.9,6.8
784,San Juan Unified,2017,49943,1.5576387335543038,634620,Unified,275336.0,57.6,4.9,199270.0,72.6,4.1
785,San Juan Unified,2018,50404,0.9230522795987424,634620,Unified,284791.0,59.7,5.3,206526.0,74.7,4.9
786,San Juan Unified,2019,50704,0.5951908578684231,634620,Unified,283660.0,58.7,5.8,202712.0,73.6,5.9
787,San Leandro Unified,2015,8542,,634680,Unified,57490.0,64.2,6.1,43090.0,78.1,5.7
788,San Leandro Unified,2016,8618,0.8897213767267619,634680,Unified,60763.0,61.1,3.7,45826.0,73.9,3.9
789,San Leandro Unified,2017,8856,2.7616616384311907,634680,Unified,61057.0,55.7,6.9,44783.0,70.4,7.0
790,San Leandro Unified,2018,8904,0.5420054200542005,634680,Unified,61382.0,66.1,3.0,47952.0,79.0,2.8
791,San Leandro Unified,2019,9040,1.527403414195867,634680,Unified,59672.0,67.6,4.4,46598.0,80.4,4.7
792,San Lorenzo Unified,2015,11933,,634710,Unified,69197.0,62.5,6.0,54170.0,75.0,5.8
793,San Lorenzo Unified,2016,11703,-1.9274281404508504,634710,Unified,66364.0,57.4,3.8,51296.0,71.1,3.4
794,San Lorenzo Unified,2017,11501,-1.726053148765274,634710,Unified,67956.0,61.7,5.7,52018.0,74.8,5.5
795,San Lorenzo Unified,2018,11223,-2.4171811146856794,634710,Unified,63248.0,62.3,3.8,49083.0,75.9,3.3
796,San Lorenzo Unified,2019,10845,-3.3680834001603848,634710,Unified,66278.0,63.8,6.1,51621.0,75.7,6.1
797,San Luis Coastal Unified,2015,7638,,634800,Unified,85272.0,50.9,5.6,57878.0,63.5,5.2
798,San Luis Coastal Unified,2016,7718,1.0473946059177797,634800,Unified,86620.0,52.7,5.0,59503.0,67.4,3.4
799,San Luis Coastal Unified,2017,7754,0.466442083441306,634800,Unified,82604.0,49.9,3.9,54848.0,64.9,3.2
800,San Luis Coastal Unified,2018,7812,0.748001031725561,634800,Unified,84998.0,46.9,7.0,54576.0,63.4,3.7
801,San Luis Coastal Unified,2019,7801,-0.1408090117767537,634800,Unified,86220.0,52.4,5.4,57749.0,66.6,4.1
802,San Marcos Unified,2015,20778,,634880,Unified,97577.0,64.2,3.3,75164.0,76.8,2.8
803,San Marcos Unified,2016,20944,0.798921936663779,634880,Unified,98683.0,62.7,6.3,75310.0,75.7,6.2
804,San Marcos Unified,2017,20971,0.1289152024446142,634880,Unified,101844.0,63.2,3.1,76358.0,76.7,2.6
805,San Marcos Unified,2018,21095,0.5912927375900052,634880,Unified,105597.0,63.4,3.5,77559.0,76.4,3.2
806,San Marcos Unified,2019,20960,-0.6399620763214032,634880,Unified,101057.0,63.2,2.4,74122.0,77.1,1.9
807,San Mateo-Foster City,2015,11966,,634920,Elementary,110570.0,66.6,3.9,84836.0,80.4,3.8
808,San Mateo-Foster City,2016,11957,-0.0752131037940832,634920,Elementary,112664.0,67.7,2.2,85951.0,82.1,2.0
809,San Mateo-Foster City,2017,11815,-1.1875888600819604,634920,Elementary,111373.0,67.2,3.5,83867.0,81.5,3.1
810,San Mateo-Foster City,2018,11705,-0.9310198899703768,634920,Elementary,113011.0,66.3,4.6,85139.0,81.4,4.5
811,San Mateo-Foster City,2019,11553,-1.2985903460059802,634920,Elementary,114601.0,67.6,3.1,85308.0,82.5,3.1
812,San Mateo Union High,2015,8590,,634980,Secondary,193896.0,65.7,4.6,147750.0,79.9,4.0
813,San Mateo Union High,2016,9077,5.669383003492433,634980,Secondary,198179.0,66.7,2.7,150643.0,81.4,2.5
814,San Mateo Union High,2017,9458,4.197422055745291,634980,Secondary,196584.0,65.2,4.1,145990.0,80.3,4.0
815,San Mateo Union High,2018,9559,1.06787904419539,634980,Secondary,197804.0,67.1,4.5,150180.0,81.6,4.2
816,San Mateo Union High,2019,9849,3.0337901454127,634980,Secondary,202771.0,67.2,2.9,149177.0,82.0,3.0
817,San Rafael City High,2015,2404,,635110,Secondary,61727.0,60.5,2.9,46043.0,73.1,3.2
818,San Rafael City High,2016,2519,4.78369384359401,635110,Secondary,60249.0,56.6,5.8,43290.0,69.0,6.4
819,San Rafael City High,2017,2646,5.041683207622072,635110,Secondary,62219.0,59.0,3.0,42630.0,74.7,2.6
820,San Rafael City High,2018,2625,-0.7936507936507936,635110,Secondary,62501.0,61.2,2.5,44553.0,77.2,2.5
821,San Rafael City High,2019,2749,4.723809523809524,635110,Secondary,62898.0,61.7,5.2,43316.0,79.0,5.1
822,San Ramon Valley Unified,2015,32233,,635130,Unified,111402.0,61.2,3.7,82611.0,75.6,3.8
823,San Ramon Valley Unified,2016,32394,0.4994881022554525,635130,Unified,114947.0,62.9,3.1,84259.0,77.6,3.2
824,San Ramon Valley Unified,2017,32471,0.237698339198617,635130,Unified,117364.0,62.0,2.9,83977.0,77.1,2.9
825,San Ramon Valley Unified,2018,32101,-1.139478303717163,635130,Unified,115651.0,62.8,3.5,84122.0,77.7,3.7
826,San Ramon Valley Unified,2019,31878,-0.6946824086477057,635130,Unified,124160.0,63.0,3.1,89764.0,76.6,2.8
827,Santa Ana Unified,2015,53787,,635310,Unified,199088.0,62.0,5.8,164665.0,71.6,5.6
828,Santa Ana Unified,2016,52317,-2.7330023983490435,635310,Unified,203467.0,63.8,5.8,165953.0,74.2,5.2
829,Santa Ana Unified,2017,50943,-2.6262973794368945,635310,Unified,202369.0,67.2,4.3,167187.0,76.5,3.9
830,Santa Ana Unified,2018,49267,-3.2899515144377047,635310,Unified,204650.0,65.2,4.7,166525.0,75.5,4.6
831,Santa Ana Unified,2019,47873,-2.8294801794304507,635310,Unified,206347.0,64.8,4.6,163823.0,76.8,4.2
832,Santa Clara Unified,2015,15370,,635430,Unified,136269.0,66.9,4.1,110953.0,78.6,3.8
833,Santa Clara Unified,2016,15388,0.1171112556929082,635430,Unified,136476.0,66.3,4.6,111351.0,76.1,4.4
834,Santa Clara Unified,2017,15483,0.6173641798804262,635430,Unified,142806.0,66.3,3.0,113366.0,78.0,3.0
835,Santa Clara Unified,2018,15362,-0.7815022928373055,635430,Unified,144845.0,66.9,4.3,114579.0,78.6,4.3
836,Santa Clara Unified,2019,15277,-0.5533133706548626,635430,Unified,145555.0,71.7,3.0,120329.0,81.7,3.1
837,Santa Cruz City Elementary,2015,2294,,635590,Elementary,59554.0,52.6,7.0,42245.0,65.0,4.9
838,Santa Cruz City Elementary,2016,2206,-3.836094158674804,635590,Elementary,59126.0,56.8,8.7,41080.0,71.5,6.0
839,Santa Cruz City Elementary,2017,2096,-4.986400725294652,635590,Elementary,60106.0,58.5,9.2,42942.0,69.1,8.5
840,Santa Cruz City Elementary,2018,1982,-5.438931297709924,635590,Elementary,58345.0,56.4,7.7,39320.0,69.7,5.5
841,Santa Cruz City Elementary,2019,1976,-0.3027245206861755,635590,Elementary,58894.0,60.6,5.5,42991.0,72.3,4.1
842,Santa Cruz City High,2015,4637,,635600,Secondary,86454.0,56.0,6.3,62885.0,68.2,4.9
843,Santa Cruz City High,2016,4577,-1.2939400474444684,635600,Secondary,82371.0,57.0,6.7,58377.0,70.2,4.8
844,Santa Cruz City High,2017,4630,1.1579637317019882,635600,Secondary,87243.0,57.6,8.7,61931.0,69.5,8.3
845,Santa Maria Joint Union High,2015,7900,,635670,Secondary,110534.0,63.1,6.8,84856.0,75.1,6.7
846,Santa Maria Joint Union High,2016,7858,-0.5316455696202532,635670,Secondary,116290.0,63.6,4.6,89563.0,76.5,4.4
847,Santa Maria Joint Union High,2017,7947,1.1326037159582591,635670,Secondary,113804.0,62.1,5.1,88217.0,73.6,4.8
848,Santa Maria Joint Union High,2018,8166,2.755756889392224,635670,Secondary,115026.0,62.9,5.2,87728.0,74.4,5.6
849,Santa Maria Joint Union High,2019,8657,6.012735733529268,635670,Secondary,110574.0,60.8,4.6,81579.0,74.5,4.2
850,Santa Monica-Malibu Unified,2015,11218,,635700,Unified,96285.0,64.1,6.5,73144.0,76.6,5.8
851,Santa Monica-Malibu Unified,2016,10986,-2.06810483152077,635700,Unified,96195.0,63.4,5.8,71723.0,76.8,6.0
852,Santa Monica-Malibu Unified,2017,10791,-1.774986346258875,635700,Unified,94060.0,60.6,6.1,66652.0,75.1,5.5
853,Santa Monica-Malibu Unified,2018,10616,-1.6217218052080435,635700,Unified,92599.0,63.9,4.7,67507.0,78.0,5.0
854,Santa Monica-Malibu Unified,2019,10332,-2.675207234363225,635700,Unified,91219.0,61.9,3.8,64081.0,78.1,3.4
855,Saugus Union,2015,9983,,635970,Elementary,85220.0,66.9,5.2,67333.0,79.3,4.5
856,Saugus Union,2016,9896,-0.8714815185815887,635970,Elementary,85551.0,66.8,5.5,68880.0,77.1,5.1
857,Saugus Union,2017,9958,0.6265157639450283,635970,Elementary,81336.0,66.3,4.9,64711.0,77.1,3.8
858,Saugus Union,2018,9789,-1.6971279373368149,635970,Elementary,81398.0,67.2,5.1,64879.0,77.6,4.8
859,Saugus Union,2019,9704,-0.8683215854530595,635970,Elementary,82879.0,64.3,2.9,62913.0,77.4,3.0
860,Sequoia Union High,2015,9716,,636390,Secondary,203149.0,64.1,4.4,154994.0,76.7,4.4
861,Sequoia Union High,2016,9858,1.4615067929188963,636390,Secondary,205226.0,67.2,3.2,158417.0,79.7,3.1
862,Sequoia Union High,2017,9974,1.176709271657537,636390,Secondary,211668.0,67.5,3.4,163709.0,79.3,3.2
863,Sequoia Union High,2018,10197,2.235813114096651,636390,Secondary,210381.0,66.3,3.8,159619.0,78.2,4.0
864,Sequoia Union High,2019,10142,-0.5393743257820928,636390,Secondary,205952.0,67.1,2.8,157158.0,80.6,2.7
865,Shasta Union High,2015,5628,,636600,Secondary,81278.0,52.2,4.6,56065.0,66.2,4.6
866,Shasta Union High,2016,5685,1.0127931769722816,636600,Secondary,85090.0,50.4,6.0,58273.0,64.8,5.5
867,Shasta Union High,2017,5566,-2.0932277924362355,636600,Secondary,83709.0,54.2,3.5,58414.0,68.2,3.0
868,Shasta Union High,2018,5616,0.8983111749910169,636600,Secondary,80061.0,49.6,8.5,57090.0,62.5,8.3
869,Shasta Union High,2019,5545,-1.2642450142450143,636600,Secondary,82127.0,55.0,4.5,56769.0,72.0,4.2
870,Victor Valley Union High,2015,11873,,636972,Secondary,119933.0,42.8,17.4,90013.0,54.2,15.0
871,Victor Valley Union High,2016,12148,2.3161795670849825,636972,Secondary,119572.0,46.4,13.4,93484.0,56.0,12.6
872,Victor Valley Union High,2017,11086,-8.742179782680276,636972,Secondary,117728.0,47.1,13.2,90104.0,58.7,11.7
873,Victor Valley Union High,2018,11327,2.1739130434782608,636972,Secondary,116166.0,45.9,8.5,90657.0,56.1,6.9
874,Victor Valley Union High,2019,11648,2.8339366116359144,636972,Secondary,120240.0,47.0,12.5,96295.0,56.6,10.9
875,South Bay Union,2015,7586,,637380,Elementary,68743.0,53.8,11.3,53468.0,63.7,11.1
876,South Bay Union,2016,7374,-2.794621671500132,637380,Elementary,68587.0,52.4,13.9,52245.0,64.5,13.1
877,South Bay Union,2017,7376,0.027122321670735,637380,Elementary,62341.0,57.1,6.5,48207.0,69.0,5.4
878,South Bay Union,2018,7197,-2.4267895878524945,637380,Elementary,63817.0,51.5,9.6,49014.0,63.1,8.4
879,South Bay Union,2019,6948,-3.459774906210921,637380,Elementary,60660.0,53.0,10.7,44266.0,65.7,10.2
880,South San Francisco Unified,2015,8924,,637530,Unified,68667.0,64.9,4.6,51951.0,80.4,4.0
881,South San Francisco Unified,2016,8860,-0.7171671896010758,637530,Unified,,,,,,
882,South San Francisco Unified,2017,8679,-2.0428893905191874,637530,Unified,,,,,,
883,South San Francisco Unified,2018,8462,-2.50028805161885,637530,Unified,,,,,,
884,South San Francisco Unified,2019,8411,-0.6026943984873553,637530,Unified,75398.0,68.0,2.7,56546.0,82.9,2.6
885,Stockton Unified,2015,40271,,638010,Unified,155924.0,47.9,14.7,120345.0,57.5,14.0
886,Stockton Unified,2016,40912,1.5917161232648809,638010,Unified,160180.0,51.5,12.1,123391.0,62.6,11.5
887,Stockton Unified,2017,40775,-0.3348650762612437,638010,Unified,156327.0,52.8,7.1,119729.0,64.8,6.4
888,Stockton Unified,2018,41571,1.9521765787860208,638010,Unified,151285.0,55.8,7.3,117028.0,67.6,7.4
889,Stockton Unified,2019,41615,0.1058430155637343,638010,Unified,155674.0,53.8,9.2,119564.0,65.1,8.2
890,Sulphur Springs Union,2015,5383,,638220,Elementary,51930.0,66.6,7.0,41064.0,79.9,6.9
891,Sulphur Springs Union,2016,5370,-0.2415010217350919,638220,Elementary,49169.0,64.1,6.2,38665.0,76.0,5.8
892,Sulphur Springs Union,2017,5395,0.4655493482309125,638220,Elementary,52545.0,62.3,5.8,41518.0,73.2,6.0
893,Sulphur Springs Union,2018,5336,-1.0936051899907322,638220,Elementary,48889.0,64.4,6.1,38224.0,73.3,6.6
894,Sunnyvale,2015,6637,,638460,Elementary,73639.0,69.3,4.9,60969.0,79.7,4.9
895,Sunnyvale,2016,6534,-1.5519059816182008,638460,Elementary,76665.0,69.5,3.9,63552.0,80.0,3.8
896,Sunnyvale,2017,6570,0.5509641873278237,638460,Elementary,75985.0,69.9,4.1,63458.0,79.7,4.1
897,Sunnyvale,2018,6663,1.4155251141552512,638460,Elementary,75440.0,75.2,3.3,64869.0,84.5,3.1
898,Sunnyvale,2019,6421,-3.6319975986792734,638460,Elementary,76781.0,72.9,2.2,65242.0,80.7,2.2
899,Sweetwater Union High,2015,40544,,638640,Secondary,387982.0,55.6,8.4,303427.0,66.9,8.0
900,Sweetwater Union High,2016,40154,-0.9619179163378058,638640,Secondary,391423.0,54.8,10.0,302625.0,66.6,9.0
901,Sweetwater Union High,2017,40243,0.2216466603576231,638640,Secondary,390043.0,54.6,9.0,301252.0,67.1,7.5
902,Sweetwater Union High,2018,39856,-0.9616579280868722,638640,Secondary,393289.0,55.5,8.2,304721.0,67.6,7.5
903,Sweetwater Union High,2019,39477,-0.9509233239662788,638640,Secondary,397443.0,55.8,9.6,303270.0,67.5,8.6
904,Tamalpais Union High,2015,4461,,638790,Secondary,96348.0,62.3,3.2,65205.0,79.3,3.1
905,Tamalpais Union High,2016,4668,4.640215198386012,638790,Secondary,97603.0,62.5,4.3,65278.0,76.4,4.2
906,Tamalpais Union High,2017,4807,2.9777206512425023,638790,Secondary,93797.0,59.0,5.0,62959.0,74.3,5.4
907,Tamalpais Union High,2018,5013,4.285417100062409,638790,Secondary,95733.0,63.9,2.5,62202.0,80.9,2.4
908,Tamalpais Union High,2019,5095,1.6357470576501096,638790,Secondary,95653.0,62.0,3.4,64005.0,80.0,3.3
909,Torrance Unified,2015,23775,,639420,Unified,122352.0,60.0,5.3,90060.0,75.5,4.4
910,Torrance Unified,2016,23612,-0.6855941114616193,639420,Unified,119717.0,61.7,4.9,91008.0,75.2,4.8
911,Torrance Unified,2017,23408,-0.8639674741656784,639420,Unified,120535.0,59.0,5.0,88316.0,74.9,5.2
912,Torrance Unified,2018,23302,-0.4528366370471633,639420,Unified,118365.0,61.3,3.1,86119.0,77.5,3.1
913,Torrance Unified,2019,22932,-1.5878465367779588,639420,Unified,116254.0,64.7,2.5,87823.0,78.5,2.4
914,Tustin Unified,2015,24058,,640150,Unified,105199.0,66.4,4.4,84306.0,76.8,4.0
915,Tustin Unified,2016,24104,0.1912045889101338,640150,Unified,108180.0,66.5,4.9,84467.0,78.5,3.9
916,Tustin Unified,2017,23997,-0.4439097245270494,640150,Unified,111766.0,65.6,2.6,85832.0,78.7,2.1
917,Tustin Unified,2018,23749,-1.033462516147852,640150,Unified,108282.0,66.5,4.8,83813.0,78.4,4.4
918,Tustin Unified,2019,23410,-1.4274285233062445,640150,Unified,107732.0,66.0,3.4,83740.0,77.5,3.6
919,Vacaville Unified,2015,12814,,640590,Unified,64864.0,58.6,7.2,48138.0,72.1,6.4
920,Vacaville Unified,2016,12925,0.8662400499453722,640590,Unified,65562.0,61.3,3.6,48504.0,76.0,3.7
921,Vacaville Unified,2017,13163,1.841392649903288,640590,Unified,68475.0,58.5,4.1,50726.0,71.6,3.8
922,Vacaville Unified,2018,13249,0.6533465015573957,640590,Unified,66026.0,61.4,2.4,48455.0,74.3,2.5
923,Vacaville Unified,2019,13447,1.4944524115027549,640590,Unified,64631.0,60.6,3.5,48773.0,74.0,3.4
924,Vallejo City Unified,2015,14705,,640740,Unified,102119.0,53.7,10.3,77495.0,64.9,9.7
925,Vallejo City Unified,2016,14533,-1.1696701802108127,640740,Unified,101111.0,57.3,10.6,76769.0,69.2,10.4
926,Vallejo City Unified,2017,14468,-0.4472579646322163,640740,Unified,100578.0,57.7,9.5,75673.0,70.4,8.7
927,Vallejo City Unified,2018,14287,-1.251036770804534,640740,Unified,103200.0,60.0,7.7,76606.0,74.6,6.5
928,Vallejo City Unified,2019,13710,-4.038636522712956,640740,Unified,103302.0,60.0,5.9,77539.0,72.7,5.9
929,Victor Elementary,2015,12297,,641040,Elementary,73021.0,44.4,19.6,54985.0,55.4,17.0
930,Victor Elementary,2016,12744,3.6350329348621617,641040,Elementary,73616.0,47.2,16.2,56454.0,57.8,15.6
931,Victor Elementary,2017,12934,1.490897677338355,641040,Elementary,73642.0,47.4,16.4,55064.0,60.5,14.6
932,Victor Elementary,2018,12769,-1.2757074377609403,641040,Elementary,73301.0,47.6,8.8,55510.0,59.8,6.9
933,Victor Elementary,2019,12837,0.5325397446941813,641040,Elementary,75372.0,52.8,12.5,60965.0,63.6,10.4
934,Vista Unified,2015,25215,,641190,Unified,117691.0,61.3,6.7,87665.0,75.2,6.2
935,Vista Unified,2016,25128,-0.3450327186198691,641190,Unified,120959.0,60.3,3.5,93169.0,72.3,2.8
936,Vista Unified,2017,24690,-1.7430754536771726,641190,Unified,124276.0,63.3,4.8,95392.0,75.5,4.3
937,Vista Unified,2018,24174,-2.0899149453219925,641190,Unified,127715.0,63.4,3.9,98075.0,76.6,3.3
938,Vista Unified,2019,23892,-1.1665425663936462,641190,Unified,129796.0,63.5,4.1,100208.0,76.1,4.0
939,Westside Union Elementary,2015,9067,,642120,Elementary,59551.0,51.0,8.4,46517.0,61.0,7.2
940,Westside Union Elementary,2016,9301,2.5807874710488585,642120,Elementary,53786.0,51.7,6.8,42318.0,62.3,5.9
941,Westside Union Elementary,2017,9433,1.4192022363186754,642120,Elementary,60018.0,51.6,4.3,46370.0,61.9,4.0
942,Westside Union Elementary,2018,9622,2.0036043676455,642120,Elementary,59420.0,52.5,3.6,45222.0,64.2,3.5
943,Westside Union Elementary,2019,9686,0.6651423820411556,642120,Elementary,57794.0,49.7,5.2,42988.0,62.0,5.1
944,Westminster,2015,9396,,642150,Elementary,68232.0,58.4,5.6,50347.0,73.9,5.3
945,Westminster,2016,9328,-0.7237122179650916,642150,Elementary,67232.0,57.1,5.5,50362.0,71.5,5.7
946,Westminster,2017,9256,-0.7718696397941681,642150,Elementary,67476.0,57.9,6.0,49850.0,72.8,6.3
947,Westminster,2018,9114,-1.5341400172860846,642150,Elementary,69721.0,56.5,5.7,51164.0,72.7,5.4
948,Westminster,2019,9030,-0.9216589861751152,642150,Elementary,69118.0,59.6,5.4,52779.0,74.1,5.0
949,Whittier City Elementary,2015,6068,,642450,Elementary,56985.0,60.6,5.1,43769.0,74.4,4.8
950,Whittier City Elementary,2016,6059,-0.1483190507580751,642450,Elementary,53140.0,60.3,5.5,40146.0,74.1,5.5
951,Whittier City Elementary,2017,6089,0.4951312097705892,642450,Elementary,54807.0,57.8,3.5,41780.0,71.1,3.1
952,Whittier City Elementary,2018,6063,-0.4269995073082608,642450,Elementary,51933.0,62.1,3.6,40434.0,75.7,3.3
953,Whittier City Elementary,2019,6013,-0.8246742536698005,642450,Elementary,51834.0,59.2,4.4,36923.0,74.9,3.5
954,Whittier Union High,2015,12456,,642480,Secondary,186085.0,58.3,6.2,145658.0,70.6,5.9
955,Whittier Union High,2016,12048,-3.275529865125241,642480,Secondary,175273.0,58.5,5.3,134590.0,71.3,5.0
956,Whittier Union High,2017,11792,-2.1248339973439574,642480,Secondary,177140.0,58.6,3.5,133678.0,72.9,3.2
957,Whittier Union High,2018,11345,-3.790705563093623,642480,Secondary,180579.0,59.1,4.5,138665.0,72.9,4.3
958,Whittier Union High,2019,11157,-1.6571176729836934,642480,Secondary,171938.0,60.3,3.5,129309.0,74.2,3.0
959,William S. Hart Union High,2015,27115,,642510,Secondary,218386.0,62.9,6.3,171082.0,74.6,5.6
960,William S. Hart Union High,2016,26777,-1.246542504148995,642510,Secondary,217047.0,62.6,6.2,169739.0,73.8,5.9
961,William S. Hart Union High,2017,25037,-6.498114053105277,642510,Secondary,208964.0,62.6,5.0,163856.0,73.5,4.6
962,William S. Hart Union High,2018,24377,-2.6360985741103167,642510,Secondary,212478.0,62.6,5.4,166464.0,72.7,5.4
963,William S. Hart Union High,2019,23904,-1.940353612011322,642510,Secondary,208779.0,61.2,3.6,159685.0,73.5,3.4
964,Irvine Unified,2015,32283,,684500,Unified,188288.0,56.7,5.1,146481.0,67.2,4.9
965,Irvine Unified,2016,33352,3.3113403339218785,684500,Unified,190354.0,59.4,5.8,146391.0,70.5,5.4
966,Irvine Unified,2017,34581,3.684936435596066,684500,Unified,193438.0,60.3,4.3,155000.0,70.2,4.1
967,Irvine Unified,2018,35255,1.9490471646279748,684500,Unified,202295.0,59.0,4.1,157006.0,69.7,3.5
968,Irvine Unified,2019,36110,2.425187916607573,684500,Unified,209759.0,62.4,3.9,163907.0,73.4,3.7
969,Val Verde Unified,2015,19833,,691135,Unified,68697.0,55.6,10.7,53982.0,65.5,10.2
970,Val Verde Unified,2016,19924,0.458831240861191,691135,Unified,61066.0,54.0,5.9,46370.0,66.1,5.1
971,Val Verde Unified,2017,20215,1.4605500903433046,691135,Unified,72651.0,55.7,10.8,57404.0,67.8,10.5
972,Val Verde Unified,2018,20109,-0.5243630967103636,691135,Unified,,,,,,
973,Val Verde Unified,2019,19917,-0.954796359838878,691135,Unified,67443.0,56.2,7.3,55166.0,66.4,6.7
